question,question_hi,option_a,option_a_hi,option_b,option_b_hi,option_c,option_c_hi,option_d,option_d_hi,correct_answer,explanation,explanation_hi,subject,subject_hi,topic,topic_hi,difficulty,marks,negative_marks
"An exam asks which concept would be selected when the requirement is: A relation is in 1NF if all attributes contain only atomic (indivisible) values, with no repeating groups.. Which concept fits best?","एक परीक्षा में आवश्यकता दी गई है: एक रिलेशन 1NF में होता है यदि सभी एट्रिब्यूट्स में केवल एटॉमिक (अविभाज्य) मान हों, कोई दोहराव समूह न हो.। इसके लिए सबसे उपयुक्त concept कौन-सा है?","A relation is in 1NF if all attributes contain only atomic (indivisible) values, with no repeating groups.","A relation is in 1NF if all attributes contain only atomic (indivisible) values, with no repeating groups.",A relation is in 2NF if it is in 1NF and every non-prime attribute is fully functionally dependent on the whole primary key (no partial dependency).,A relation is in 2NF if it is in 1NF and every non-prime attribute is fully functionally dependent on the whole primary key (no partial dependency).,A relation is in 3NF if it is in 2NF and has no transitive dependency of non-prime attributes on the primary key.,A relation is in 3NF if it is in 2NF and has no transitive dependency of non-prime attributes on the primary key.,"A relation is in BCNF if for every functional dependency X->Y, X must be a super key; it is a stricter version of 3NF.","A relation is in BCNF if for every functional dependency X->Y, X must be a super key; it is a stricter version of 3NF.",A,"1NF (First Normal Form): A relation is in 1NF if all attributes contain only atomic (indivisible) values, with no repeating groups.","1NF (प्रथम सामान्य रूप): एक रिलेशन 1NF में होता है यदि सभी एट्रिब्यूट्स में केवल एटॉमिक (अविभाज्य) मान हों, कोई दोहराव समूह न हो.",Database Management Systems,डेटाबेस प्रबंधन प्रणाली,Normalization,नॉर्मलाइज़ेशन,Medium,1,0.25
"A system designer needs the property described as: A relation is in 1NF if all attributes contain only atomic (indivisible) values, with no repeating groups.. Which concept is being used?","एक system designer को यह property चाहिए: एक रिलेशन 1NF में होता है यदि सभी एट्रिब्यूट्स में केवल एटॉमिक (अविभाज्य) मान हों, कोई दोहराव समूह न हो.। कौन-सा concept उपयोग हो रहा है?",A relation is in 2NF if it is in 1NF and every non-prime attribute is fully functionally dependent on the whole primary key (no partial dependency).,A relation is in 2NF if it is in 1NF and every non-prime attribute is fully functionally dependent on the whole primary key (no partial dependency).,A relation is in 3NF if it is in 2NF and has no transitive dependency of non-prime attributes on the primary key.,A relation is in 3NF if it is in 2NF and has no transitive dependency of non-prime attributes on the primary key.,"A relation is in BCNF if for every functional dependency X->Y, X must be a super key; it is a stricter version of 3NF.","A relation is in BCNF if for every functional dependency X->Y, X must be a super key; it is a stricter version of 3NF.","A relation is in 1NF if all attributes contain only atomic (indivisible) values, with no repeating groups.","A relation is in 1NF if all attributes contain only atomic (indivisible) values, with no repeating groups.",D,"1NF (First Normal Form): A relation is in 1NF if all attributes contain only atomic (indivisible) values, with no repeating groups.","1NF (प्रथम सामान्य रूप): एक रिलेशन 1NF में होता है यदि सभी एट्रिब्यूट्स में केवल एटॉमिक (अविभाज्य) मान हों, कोई दोहराव समूह न हो.",Database Management Systems,डेटाबेस प्रबंधन प्रणाली,Normalization,नॉर्मलाइज़ेशन,Hard,1,0.25
"Which concept should an engineer identify from this technical description: A relation is in 1NF if all attributes contain only atomic (indivisible) values, with no repeating groups.?","इस technical description से engineer को कौन-सा concept पहचानना चाहिए: एक रिलेशन 1NF में होता है यदि सभी एट्रिब्यूट्स में केवल एटॉमिक (अविभाज्य) मान हों, कोई दोहराव समूह न हो.?",A relation is in 3NF if it is in 2NF and has no transitive dependency of non-prime attributes on the primary key.,A relation is in 3NF if it is in 2NF and has no transitive dependency of non-prime attributes on the primary key.,"A relation is in BCNF if for every functional dependency X->Y, X must be a super key; it is a stricter version of 3NF.","A relation is in BCNF if for every functional dependency X->Y, X must be a super key; it is a stricter version of 3NF.","A relation is in 1NF if all attributes contain only atomic (indivisible) values, with no repeating groups.","A relation is in 1NF if all attributes contain only atomic (indivisible) values, with no repeating groups.",A relation is in 2NF if it is in 1NF and every non-prime attribute is fully functionally dependent on the whole primary key (no partial dependency).,A relation is in 2NF if it is in 1NF and every non-prime attribute is fully functionally dependent on the whole primary key (no partial dependency).,C,"1NF (First Normal Form): A relation is in 1NF if all attributes contain only atomic (indivisible) values, with no repeating groups.","1NF (प्रथम सामान्य रूप): एक रिलेशन 1NF में होता है यदि सभी एट्रिब्यूट्स में केवल एटॉमिक (अविभाज्य) मान हों, कोई दोहराव समूह न हो.",Database Management Systems,डेटाबेस प्रबंधन प्रणाली,Normalization,नॉर्मलाइज़ेशन,Hard,1,0.25
"In a scenario where the following behavior is required — A relation is in 1NF if all attributes contain only atomic (indivisible) values, with no repeating groups. — which concept is appropriate?","जिस scenario में यह behavior चाहिए — एक रिलेशन 1NF में होता है यदि सभी एट्रिब्यूट्स में केवल एटॉमिक (अविभाज्य) मान हों, कोई दोहराव समूह न हो. — वहाँ कौन-सा concept उपयुक्त है?","A relation is in BCNF if for every functional dependency X->Y, X must be a super key; it is a stricter version of 3NF.","A relation is in BCNF if for every functional dependency X->Y, X must be a super key; it is a stricter version of 3NF.","A relation is in 1NF if all attributes contain only atomic (indivisible) values, with no repeating groups.","A relation is in 1NF if all attributes contain only atomic (indivisible) values, with no repeating groups.",A relation is in 2NF if it is in 1NF and every non-prime attribute is fully functionally dependent on the whole primary key (no partial dependency).,A relation is in 2NF if it is in 1NF and every non-prime attribute is fully functionally dependent on the whole primary key (no partial dependency).,A relation is in 3NF if it is in 2NF and has no transitive dependency of non-prime attributes on the primary key.,A relation is in 3NF if it is in 2NF and has no transitive dependency of non-prime attributes on the primary key.,B,"1NF (First Normal Form): A relation is in 1NF if all attributes contain only atomic (indivisible) values, with no repeating groups.","1NF (प्रथम सामान्य रूप): एक रिलेशन 1NF में होता है यदि सभी एट्रिब्यूट्स में केवल एटॉमिक (अविभाज्य) मान हों, कोई दोहराव समूह न हो.",Database Management Systems,डेटाबेस प्रबंधन प्रणाली,Normalization,नॉर्मलाइज़ेशन,Medium,1,0.25
An exam asks which concept would be selected when the requirement is: A relation is in 2NF if it is in 1NF and every non-prime attribute is fully functionally dependent on the whole primary key (no partial dependency).. Which concept fits best?,एक परीक्षा में आवश्यकता दी गई है: एक रिलेशन 2NF में होता है यदि वह 1NF में हो और प्रत्येक नॉन-प्राइम एट्रिब्यूट पूरी प्राइमरी की पर पूर्णतः निर्भर हो (कोई आंशिक निर्भरता नहीं).। इसके लिए सबसे उपयुक्त concept कौन-सा है?,A relation is in 2NF if it is in 1NF and every non-prime attribute is fully functionally dependent on the whole primary key (no partial dependency).,A relation is in 2NF if it is in 1NF and every non-prime attribute is fully functionally dependent on the whole primary key (no partial dependency).,A relation is in 3NF if it is in 2NF and has no transitive dependency of non-prime attributes on the primary key.,A relation is in 3NF if it is in 2NF and has no transitive dependency of non-prime attributes on the primary key.,"A relation is in BCNF if for every functional dependency X->Y, X must be a super key; it is a stricter version of 3NF.","A relation is in BCNF if for every functional dependency X->Y, X must be a super key; it is a stricter version of 3NF.","A relation is in 1NF if all attributes contain only atomic (indivisible) values, with no repeating groups.","A relation is in 1NF if all attributes contain only atomic (indivisible) values, with no repeating groups.",A,2NF (Second Normal Form): A relation is in 2NF if it is in 1NF and every non-prime attribute is fully functionally dependent on the whole primary key (no partial dependency).,2NF (द्वितीय सामान्य रूप): एक रिलेशन 2NF में होता है यदि वह 1NF में हो और प्रत्येक नॉन-प्राइम एट्रिब्यूट पूरी प्राइमरी की पर पूर्णतः निर्भर हो (कोई आंशिक निर्भरता नहीं).,Database Management Systems,डेटाबेस प्रबंधन प्रणाली,Normalization,नॉर्मलाइज़ेशन,Hard,1,0.25
A system designer needs the property described as: A relation is in 2NF if it is in 1NF and every non-prime attribute is fully functionally dependent on the whole primary key (no partial dependency).. Which concept is being used?,एक system designer को यह property चाहिए: एक रिलेशन 2NF में होता है यदि वह 1NF में हो और प्रत्येक नॉन-प्राइम एट्रिब्यूट पूरी प्राइमरी की पर पूर्णतः निर्भर हो (कोई आंशिक निर्भरता नहीं).। कौन-सा concept उपयोग हो रहा है?,A relation is in 3NF if it is in 2NF and has no transitive dependency of non-prime attributes on the primary key.,A relation is in 3NF if it is in 2NF and has no transitive dependency of non-prime attributes on the primary key.,"A relation is in BCNF if for every functional dependency X->Y, X must be a super key; it is a stricter version of 3NF.","A relation is in BCNF if for every functional dependency X->Y, X must be a super key; it is a stricter version of 3NF.","A relation is in 1NF if all attributes contain only atomic (indivisible) values, with no repeating groups.","A relation is in 1NF if all attributes contain only atomic (indivisible) values, with no repeating groups.",A relation is in 2NF if it is in 1NF and every non-prime attribute is fully functionally dependent on the whole primary key (no partial dependency).,A relation is in 2NF if it is in 1NF and every non-prime attribute is fully functionally dependent on the whole primary key (no partial dependency).,D,2NF (Second Normal Form): A relation is in 2NF if it is in 1NF and every non-prime attribute is fully functionally dependent on the whole primary key (no partial dependency).,2NF (द्वितीय सामान्य रूप): एक रिलेशन 2NF में होता है यदि वह 1NF में हो और प्रत्येक नॉन-प्राइम एट्रिब्यूट पूरी प्राइमरी की पर पूर्णतः निर्भर हो (कोई आंशिक निर्भरता नहीं).,Database Management Systems,डेटाबेस प्रबंधन प्रणाली,Normalization,नॉर्मलाइज़ेशन,Hard,1,0.25
Which concept should an engineer identify from this technical description: A relation is in 2NF if it is in 1NF and every non-prime attribute is fully functionally dependent on the whole primary key (no partial dependency).?,इस technical description से engineer को कौन-सा concept पहचानना चाहिए: एक रिलेशन 2NF में होता है यदि वह 1NF में हो और प्रत्येक नॉन-प्राइम एट्रिब्यूट पूरी प्राइमरी की पर पूर्णतः निर्भर हो (कोई आंशिक निर्भरता नहीं).?,"A relation is in BCNF if for every functional dependency X->Y, X must be a super key; it is a stricter version of 3NF.","A relation is in BCNF if for every functional dependency X->Y, X must be a super key; it is a stricter version of 3NF.","A relation is in 1NF if all attributes contain only atomic (indivisible) values, with no repeating groups.","A relation is in 1NF if all attributes contain only atomic (indivisible) values, with no repeating groups.",A relation is in 2NF if it is in 1NF and every non-prime attribute is fully functionally dependent on the whole primary key (no partial dependency).,A relation is in 2NF if it is in 1NF and every non-prime attribute is fully functionally dependent on the whole primary key (no partial dependency).,A relation is in 3NF if it is in 2NF and has no transitive dependency of non-prime attributes on the primary key.,A relation is in 3NF if it is in 2NF and has no transitive dependency of non-prime attributes on the primary key.,C,2NF (Second Normal Form): A relation is in 2NF if it is in 1NF and every non-prime attribute is fully functionally dependent on the whole primary key (no partial dependency).,2NF (द्वितीय सामान्य रूप): एक रिलेशन 2NF में होता है यदि वह 1NF में हो और प्रत्येक नॉन-प्राइम एट्रिब्यूट पूरी प्राइमरी की पर पूर्णतः निर्भर हो (कोई आंशिक निर्भरता नहीं).,Database Management Systems,डेटाबेस प्रबंधन प्रणाली,Normalization,नॉर्मलाइज़ेशन,Medium,1,0.25
In a scenario where the following behavior is required — A relation is in 2NF if it is in 1NF and every non-prime attribute is fully functionally dependent on the whole primary key (no partial dependency). — which concept is appropriate?,जिस scenario में यह behavior चाहिए — एक रिलेशन 2NF में होता है यदि वह 1NF में हो और प्रत्येक नॉन-प्राइम एट्रिब्यूट पूरी प्राइमरी की पर पूर्णतः निर्भर हो (कोई आंशिक निर्भरता नहीं). — वहाँ कौन-सा concept उपयुक्त है?,"A relation is in 1NF if all attributes contain only atomic (indivisible) values, with no repeating groups.","A relation is in 1NF if all attributes contain only atomic (indivisible) values, with no repeating groups.",A relation is in 2NF if it is in 1NF and every non-prime attribute is fully functionally dependent on the whole primary key (no partial dependency).,A relation is in 2NF if it is in 1NF and every non-prime attribute is fully functionally dependent on the whole primary key (no partial dependency).,A relation is in 3NF if it is in 2NF and has no transitive dependency of non-prime attributes on the primary key.,A relation is in 3NF if it is in 2NF and has no transitive dependency of non-prime attributes on the primary key.,"A relation is in BCNF if for every functional dependency X->Y, X must be a super key; it is a stricter version of 3NF.","A relation is in BCNF if for every functional dependency X->Y, X must be a super key; it is a stricter version of 3NF.",B,2NF (Second Normal Form): A relation is in 2NF if it is in 1NF and every non-prime attribute is fully functionally dependent on the whole primary key (no partial dependency).,2NF (द्वितीय सामान्य रूप): एक रिलेशन 2NF में होता है यदि वह 1NF में हो और प्रत्येक नॉन-प्राइम एट्रिब्यूट पूरी प्राइमरी की पर पूर्णतः निर्भर हो (कोई आंशिक निर्भरता नहीं).,Database Management Systems,डेटाबेस प्रबंधन प्रणाली,Normalization,नॉर्मलाइज़ेशन,Hard,1,0.25
An exam asks which concept would be selected when the requirement is: A relation is in 3NF if it is in 2NF and has no transitive dependency of non-prime attributes on the primary key.. Which concept fits best?,एक परीक्षा में आवश्यकता दी गई है: एक रिलेशन 3NF में होता है यदि वह 2NF में हो और नॉन-प्राइम एट्रिब्यूट्स की प्राइमरी की पर कोई सकर्मक (transitive) निर्भरता न हो.। इसके लिए सबसे उपयुक्त concept कौन-सा है?,A relation is in 3NF if it is in 2NF and has no transitive dependency of non-prime attributes on the primary key.,A relation is in 3NF if it is in 2NF and has no transitive dependency of non-prime attributes on the primary key.,"A relation is in BCNF if for every functional dependency X->Y, X must be a super key; it is a stricter version of 3NF.","A relation is in BCNF if for every functional dependency X->Y, X must be a super key; it is a stricter version of 3NF.","A relation is in 1NF if all attributes contain only atomic (indivisible) values, with no repeating groups.","A relation is in 1NF if all attributes contain only atomic (indivisible) values, with no repeating groups.",A relation is in 2NF if it is in 1NF and every non-prime attribute is fully functionally dependent on the whole primary key (no partial dependency).,A relation is in 2NF if it is in 1NF and every non-prime attribute is fully functionally dependent on the whole primary key (no partial dependency).,A,3NF (Third Normal Form): A relation is in 3NF if it is in 2NF and has no transitive dependency of non-prime attributes on the primary key.,3NF (तृतीय सामान्य रूप): एक रिलेशन 3NF में होता है यदि वह 2NF में हो और नॉन-प्राइम एट्रिब्यूट्स की प्राइमरी की पर कोई सकर्मक (transitive) निर्भरता न हो.,Database Management Systems,डेटाबेस प्रबंधन प्रणाली,Normalization,नॉर्मलाइज़ेशन,Hard,1,0.25
A system designer needs the property described as: A relation is in 3NF if it is in 2NF and has no transitive dependency of non-prime attributes on the primary key.. Which concept is being used?,एक system designer को यह property चाहिए: एक रिलेशन 3NF में होता है यदि वह 2NF में हो और नॉन-प्राइम एट्रिब्यूट्स की प्राइमरी की पर कोई सकर्मक (transitive) निर्भरता न हो.। कौन-सा concept उपयोग हो रहा है?,"A relation is in BCNF if for every functional dependency X->Y, X must be a super key; it is a stricter version of 3NF.","A relation is in BCNF if for every functional dependency X->Y, X must be a super key; it is a stricter version of 3NF.","A relation is in 1NF if all attributes contain only atomic (indivisible) values, with no repeating groups.","A relation is in 1NF if all attributes contain only atomic (indivisible) values, with no repeating groups.",A relation is in 2NF if it is in 1NF and every non-prime attribute is fully functionally dependent on the whole primary key (no partial dependency).,A relation is in 2NF if it is in 1NF and every non-prime attribute is fully functionally dependent on the whole primary key (no partial dependency).,A relation is in 3NF if it is in 2NF and has no transitive dependency of non-prime attributes on the primary key.,A relation is in 3NF if it is in 2NF and has no transitive dependency of non-prime attributes on the primary key.,D,3NF (Third Normal Form): A relation is in 3NF if it is in 2NF and has no transitive dependency of non-prime attributes on the primary key.,3NF (तृतीय सामान्य रूप): एक रिलेशन 3NF में होता है यदि वह 2NF में हो और नॉन-प्राइम एट्रिब्यूट्स की प्राइमरी की पर कोई सकर्मक (transitive) निर्भरता न हो.,Database Management Systems,डेटाबेस प्रबंधन प्रणाली,Normalization,नॉर्मलाइज़ेशन,Medium,1,0.25
Which concept should an engineer identify from this technical description: A relation is in 3NF if it is in 2NF and has no transitive dependency of non-prime attributes on the primary key.?,इस technical description से engineer को कौन-सा concept पहचानना चाहिए: एक रिलेशन 3NF में होता है यदि वह 2NF में हो और नॉन-प्राइम एट्रिब्यूट्स की प्राइमरी की पर कोई सकर्मक (transitive) निर्भरता न हो.?,"A relation is in 1NF if all attributes contain only atomic (indivisible) values, with no repeating groups.","A relation is in 1NF if all attributes contain only atomic (indivisible) values, with no repeating groups.",A relation is in 2NF if it is in 1NF and every non-prime attribute is fully functionally dependent on the whole primary key (no partial dependency).,A relation is in 2NF if it is in 1NF and every non-prime attribute is fully functionally dependent on the whole primary key (no partial dependency).,A relation is in 3NF if it is in 2NF and has no transitive dependency of non-prime attributes on the primary key.,A relation is in 3NF if it is in 2NF and has no transitive dependency of non-prime attributes on the primary key.,"A relation is in BCNF if for every functional dependency X->Y, X must be a super key; it is a stricter version of 3NF.","A relation is in BCNF if for every functional dependency X->Y, X must be a super key; it is a stricter version of 3NF.",C,3NF (Third Normal Form): A relation is in 3NF if it is in 2NF and has no transitive dependency of non-prime attributes on the primary key.,3NF (तृतीय सामान्य रूप): एक रिलेशन 3NF में होता है यदि वह 2NF में हो और नॉन-प्राइम एट्रिब्यूट्स की प्राइमरी की पर कोई सकर्मक (transitive) निर्भरता न हो.,Database Management Systems,डेटाबेस प्रबंधन प्रणाली,Normalization,नॉर्मलाइज़ेशन,Hard,1,0.25
In a scenario where the following behavior is required — A relation is in 3NF if it is in 2NF and has no transitive dependency of non-prime attributes on the primary key. — which concept is appropriate?,जिस scenario में यह behavior चाहिए — एक रिलेशन 3NF में होता है यदि वह 2NF में हो और नॉन-प्राइम एट्रिब्यूट्स की प्राइमरी की पर कोई सकर्मक (transitive) निर्भरता न हो. — वहाँ कौन-सा concept उपयुक्त है?,A relation is in 2NF if it is in 1NF and every non-prime attribute is fully functionally dependent on the whole primary key (no partial dependency).,A relation is in 2NF if it is in 1NF and every non-prime attribute is fully functionally dependent on the whole primary key (no partial dependency).,A relation is in 3NF if it is in 2NF and has no transitive dependency of non-prime attributes on the primary key.,A relation is in 3NF if it is in 2NF and has no transitive dependency of non-prime attributes on the primary key.,"A relation is in BCNF if for every functional dependency X->Y, X must be a super key; it is a stricter version of 3NF.","A relation is in BCNF if for every functional dependency X->Y, X must be a super key; it is a stricter version of 3NF.","A relation is in 1NF if all attributes contain only atomic (indivisible) values, with no repeating groups.","A relation is in 1NF if all attributes contain only atomic (indivisible) values, with no repeating groups.",B,3NF (Third Normal Form): A relation is in 3NF if it is in 2NF and has no transitive dependency of non-prime attributes on the primary key.,3NF (तृतीय सामान्य रूप): एक रिलेशन 3NF में होता है यदि वह 2NF में हो और नॉन-प्राइम एट्रिब्यूट्स की प्राइमरी की पर कोई सकर्मक (transitive) निर्भरता न हो.,Database Management Systems,डेटाबेस प्रबंधन प्रणाली,Normalization,नॉर्मलाइज़ेशन,Hard,1,0.25
"An exam asks which concept would be selected when the requirement is: A relation is in BCNF if for every functional dependency X->Y, X must be a super key; it is a stricter version of 3NF.. Which concept fits best?",एक परीक्षा में आवश्यकता दी गई है: एक रिलेशन BCNF में होता है यदि प्रत्येक फंक्शनल निर्भरता X->Y के लिए X एक सुपर की हो; यह 3NF का एक सख्त संस्करण है.। इसके लिए सबसे उपयुक्त concept कौन-सा है?,"A relation is in BCNF if for every functional dependency X->Y, X must be a super key; it is a stricter version of 3NF.","A relation is in BCNF if for every functional dependency X->Y, X must be a super key; it is a stricter version of 3NF.","A relation is in 1NF if all attributes contain only atomic (indivisible) values, with no repeating groups.","A relation is in 1NF if all attributes contain only atomic (indivisible) values, with no repeating groups.",A relation is in 2NF if it is in 1NF and every non-prime attribute is fully functionally dependent on the whole primary key (no partial dependency).,A relation is in 2NF if it is in 1NF and every non-prime attribute is fully functionally dependent on the whole primary key (no partial dependency).,A relation is in 3NF if it is in 2NF and has no transitive dependency of non-prime attributes on the primary key.,A relation is in 3NF if it is in 2NF and has no transitive dependency of non-prime attributes on the primary key.,A,"BCNF (Boyce-Codd Normal Form): A relation is in BCNF if for every functional dependency X->Y, X must be a super key; it is a stricter version of 3NF.",BCNF (बॉयस-कॉड सामान्य रूप): एक रिलेशन BCNF में होता है यदि प्रत्येक फंक्शनल निर्भरता X->Y के लिए X एक सुपर की हो; यह 3NF का एक सख्त संस्करण है.,Database Management Systems,डेटाबेस प्रबंधन प्रणाली,Normalization,नॉर्मलाइज़ेशन,Medium,1,0.25
"A system designer needs the property described as: A relation is in BCNF if for every functional dependency X->Y, X must be a super key; it is a stricter version of 3NF.. Which concept is being used?",एक system designer को यह property चाहिए: एक रिलेशन BCNF में होता है यदि प्रत्येक फंक्शनल निर्भरता X->Y के लिए X एक सुपर की हो; यह 3NF का एक सख्त संस्करण है.। कौन-सा concept उपयोग हो रहा है?,"A relation is in 1NF if all attributes contain only atomic (indivisible) values, with no repeating groups.","A relation is in 1NF if all attributes contain only atomic (indivisible) values, with no repeating groups.",A relation is in 2NF if it is in 1NF and every non-prime attribute is fully functionally dependent on the whole primary key (no partial dependency).,A relation is in 2NF if it is in 1NF and every non-prime attribute is fully functionally dependent on the whole primary key (no partial dependency).,A relation is in 3NF if it is in 2NF and has no transitive dependency of non-prime attributes on the primary key.,A relation is in 3NF if it is in 2NF and has no transitive dependency of non-prime attributes on the primary key.,"A relation is in BCNF if for every functional dependency X->Y, X must be a super key; it is a stricter version of 3NF.","A relation is in BCNF if for every functional dependency X->Y, X must be a super key; it is a stricter version of 3NF.",D,"BCNF (Boyce-Codd Normal Form): A relation is in BCNF if for every functional dependency X->Y, X must be a super key; it is a stricter version of 3NF.",BCNF (बॉयस-कॉड सामान्य रूप): एक रिलेशन BCNF में होता है यदि प्रत्येक फंक्शनल निर्भरता X->Y के लिए X एक सुपर की हो; यह 3NF का एक सख्त संस्करण है.,Database Management Systems,डेटाबेस प्रबंधन प्रणाली,Normalization,नॉर्मलाइज़ेशन,Hard,1,0.25
"Which concept should an engineer identify from this technical description: A relation is in BCNF if for every functional dependency X->Y, X must be a super key; it is a stricter version of 3NF.?",इस technical description से engineer को कौन-सा concept पहचानना चाहिए: एक रिलेशन BCNF में होता है यदि प्रत्येक फंक्शनल निर्भरता X->Y के लिए X एक सुपर की हो; यह 3NF का एक सख्त संस्करण है.?,A relation is in 2NF if it is in 1NF and every non-prime attribute is fully functionally dependent on the whole primary key (no partial dependency).,A relation is in 2NF if it is in 1NF and every non-prime attribute is fully functionally dependent on the whole primary key (no partial dependency).,A relation is in 3NF if it is in 2NF and has no transitive dependency of non-prime attributes on the primary key.,A relation is in 3NF if it is in 2NF and has no transitive dependency of non-prime attributes on the primary key.,"A relation is in BCNF if for every functional dependency X->Y, X must be a super key; it is a stricter version of 3NF.","A relation is in BCNF if for every functional dependency X->Y, X must be a super key; it is a stricter version of 3NF.","A relation is in 1NF if all attributes contain only atomic (indivisible) values, with no repeating groups.","A relation is in 1NF if all attributes contain only atomic (indivisible) values, with no repeating groups.",C,"BCNF (Boyce-Codd Normal Form): A relation is in BCNF if for every functional dependency X->Y, X must be a super key; it is a stricter version of 3NF.",BCNF (बॉयस-कॉड सामान्य रूप): एक रिलेशन BCNF में होता है यदि प्रत्येक फंक्शनल निर्भरता X->Y के लिए X एक सुपर की हो; यह 3NF का एक सख्त संस्करण है.,Database Management Systems,डेटाबेस प्रबंधन प्रणाली,Normalization,नॉर्मलाइज़ेशन,Hard,1,0.25
"In a scenario where the following behavior is required — A relation is in BCNF if for every functional dependency X->Y, X must be a super key; it is a stricter version of 3NF. — which concept is appropriate?",जिस scenario में यह behavior चाहिए — एक रिलेशन BCNF में होता है यदि प्रत्येक फंक्शनल निर्भरता X->Y के लिए X एक सुपर की हो; यह 3NF का एक सख्त संस्करण है. — वहाँ कौन-सा concept उपयुक्त है?,A relation is in 3NF if it is in 2NF and has no transitive dependency of non-prime attributes on the primary key.,A relation is in 3NF if it is in 2NF and has no transitive dependency of non-prime attributes on the primary key.,"A relation is in BCNF if for every functional dependency X->Y, X must be a super key; it is a stricter version of 3NF.","A relation is in BCNF if for every functional dependency X->Y, X must be a super key; it is a stricter version of 3NF.","A relation is in 1NF if all attributes contain only atomic (indivisible) values, with no repeating groups.","A relation is in 1NF if all attributes contain only atomic (indivisible) values, with no repeating groups.",A relation is in 2NF if it is in 1NF and every non-prime attribute is fully functionally dependent on the whole primary key (no partial dependency).,A relation is in 2NF if it is in 1NF and every non-prime attribute is fully functionally dependent on the whole primary key (no partial dependency).,B,"BCNF (Boyce-Codd Normal Form): A relation is in BCNF if for every functional dependency X->Y, X must be a super key; it is a stricter version of 3NF.",BCNF (बॉयस-कॉड सामान्य रूप): एक रिलेशन BCNF में होता है यदि प्रत्येक फंक्शनल निर्भरता X->Y के लिए X एक सुपर की हो; यह 3NF का एक सख्त संस्करण है.,Database Management Systems,डेटाबेस प्रबंधन प्रणाली,Normalization,नॉर्मलाइज़ेशन,Medium,1,0.25
An exam asks which concept would be selected when the requirement is: A key that uniquely identifies each record in a table and cannot contain NULL values.. Which concept fits best?,एक परीक्षा में आवश्यकता दी गई है: एक कुंजी जो तालिका में प्रत्येक रिकॉर्ड की विशिष्ट पहचान करती है और NULL मान नहीं रख सकती.। इसके लिए सबसे उपयुक्त concept कौन-सा है?,A key that uniquely identifies each record in a table and cannot contain NULL values.,A key that uniquely identifies each record in a table and cannot contain NULL values.,"A field in one table that refers to the primary key in another table, establishing a relationship between them.","A field in one table that refers to the primary key in another table, establishing a relationship between them.",A minimal set of attributes that can uniquely identify a record; a table may have multiple candidate keys.,A minimal set of attributes that can uniquely identify a record; a table may have multiple candidate keys.,"A set of one or more attributes that can uniquely identify a record, possibly containing extra attributes beyond the minimal set.","A set of one or more attributes that can uniquely identify a record, possibly containing extra attributes beyond the minimal set.",A,Primary Key: A key that uniquely identifies each record in a table and cannot contain NULL values.,प्राइमरी की: एक कुंजी जो तालिका में प्रत्येक रिकॉर्ड की विशिष्ट पहचान करती है और NULL मान नहीं रख सकती.,Database Management Systems,डेटाबेस प्रबंधन प्रणाली,Keys & Integrity,कीज़ एवं इंटीग्रिटी,Medium,1,0.25
A system designer needs the property described as: A key that uniquely identifies each record in a table and cannot contain NULL values.. Which concept is being used?,एक system designer को यह property चाहिए: एक कुंजी जो तालिका में प्रत्येक रिकॉर्ड की विशिष्ट पहचान करती है और NULL मान नहीं रख सकती.। कौन-सा concept उपयोग हो रहा है?,"A field in one table that refers to the primary key in another table, establishing a relationship between them.","A field in one table that refers to the primary key in another table, establishing a relationship between them.",A minimal set of attributes that can uniquely identify a record; a table may have multiple candidate keys.,A minimal set of attributes that can uniquely identify a record; a table may have multiple candidate keys.,"A set of one or more attributes that can uniquely identify a record, possibly containing extra attributes beyond the minimal set.","A set of one or more attributes that can uniquely identify a record, possibly containing extra attributes beyond the minimal set.",A key that uniquely identifies each record in a table and cannot contain NULL values.,A key that uniquely identifies each record in a table and cannot contain NULL values.,D,Primary Key: A key that uniquely identifies each record in a table and cannot contain NULL values.,प्राइमरी की: एक कुंजी जो तालिका में प्रत्येक रिकॉर्ड की विशिष्ट पहचान करती है और NULL मान नहीं रख सकती.,Database Management Systems,डेटाबेस प्रबंधन प्रणाली,Keys & Integrity,कीज़ एवं इंटीग्रिटी,Hard,1,0.25
Which concept should an engineer identify from this technical description: A key that uniquely identifies each record in a table and cannot contain NULL values.?,इस technical description से engineer को कौन-सा concept पहचानना चाहिए: एक कुंजी जो तालिका में प्रत्येक रिकॉर्ड की विशिष्ट पहचान करती है और NULL मान नहीं रख सकती.?,A minimal set of attributes that can uniquely identify a record; a table may have multiple candidate keys.,A minimal set of attributes that can uniquely identify a record; a table may have multiple candidate keys.,"A set of one or more attributes that can uniquely identify a record, possibly containing extra attributes beyond the minimal set.","A set of one or more attributes that can uniquely identify a record, possibly containing extra attributes beyond the minimal set.",A key that uniquely identifies each record in a table and cannot contain NULL values.,A key that uniquely identifies each record in a table and cannot contain NULL values.,"A field in one table that refers to the primary key in another table, establishing a relationship between them.","A field in one table that refers to the primary key in another table, establishing a relationship between them.",C,Primary Key: A key that uniquely identifies each record in a table and cannot contain NULL values.,प्राइमरी की: एक कुंजी जो तालिका में प्रत्येक रिकॉर्ड की विशिष्ट पहचान करती है और NULL मान नहीं रख सकती.,Database Management Systems,डेटाबेस प्रबंधन प्रणाली,Keys & Integrity,कीज़ एवं इंटीग्रिटी,Hard,1,0.25
In a scenario where the following behavior is required — A key that uniquely identifies each record in a table and cannot contain NULL values. — which concept is appropriate?,जिस scenario में यह behavior चाहिए — एक कुंजी जो तालिका में प्रत्येक रिकॉर्ड की विशिष्ट पहचान करती है और NULL मान नहीं रख सकती. — वहाँ कौन-सा concept उपयुक्त है?,"A set of one or more attributes that can uniquely identify a record, possibly containing extra attributes beyond the minimal set.","A set of one or more attributes that can uniquely identify a record, possibly containing extra attributes beyond the minimal set.",A key that uniquely identifies each record in a table and cannot contain NULL values.,A key that uniquely identifies each record in a table and cannot contain NULL values.,"A field in one table that refers to the primary key in another table, establishing a relationship between them.","A field in one table that refers to the primary key in another table, establishing a relationship between them.",A minimal set of attributes that can uniquely identify a record; a table may have multiple candidate keys.,A minimal set of attributes that can uniquely identify a record; a table may have multiple candidate keys.,B,Primary Key: A key that uniquely identifies each record in a table and cannot contain NULL values.,प्राइमरी की: एक कुंजी जो तालिका में प्रत्येक रिकॉर्ड की विशिष्ट पहचान करती है और NULL मान नहीं रख सकती.,Database Management Systems,डेटाबेस प्रबंधन प्रणाली,Keys & Integrity,कीज़ एवं इंटीग्रिटी,Medium,1,0.25
"An exam asks which concept would be selected when the requirement is: A field in one table that refers to the primary key in another table, establishing a relationship between them.. Which concept fits best?","एक परीक्षा में आवश्यकता दी गई है: एक तालिका में एक फील्ड जो दूसरी तालिका की प्राइमरी की को संदर्भित करती है, जिससे दोनों के बीच संबंध बनता है.। इसके लिए सबसे उपयुक्त concept कौन-सा है?","A field in one table that refers to the primary key in another table, establishing a relationship between them.","A field in one table that refers to the primary key in another table, establishing a relationship between them.",A minimal set of attributes that can uniquely identify a record; a table may have multiple candidate keys.,A minimal set of attributes that can uniquely identify a record; a table may have multiple candidate keys.,"A set of one or more attributes that can uniquely identify a record, possibly containing extra attributes beyond the minimal set.","A set of one or more attributes that can uniquely identify a record, possibly containing extra attributes beyond the minimal set.",A key made up of two or more attributes that together uniquely identify a record.,A key made up of two or more attributes that together uniquely identify a record.,A,"Foreign Key: A field in one table that refers to the primary key in another table, establishing a relationship between them.","फॉरेन की: एक तालिका में एक फील्ड जो दूसरी तालिका की प्राइमरी की को संदर्भित करती है, जिससे दोनों के बीच संबंध बनता है.",Database Management Systems,डेटाबेस प्रबंधन प्रणाली,Keys & Integrity,कीज़ एवं इंटीग्रिटी,Hard,1,0.25
"A system designer needs the property described as: A field in one table that refers to the primary key in another table, establishing a relationship between them.. Which concept is being used?","एक system designer को यह property चाहिए: एक तालिका में एक फील्ड जो दूसरी तालिका की प्राइमरी की को संदर्भित करती है, जिससे दोनों के बीच संबंध बनता है.। कौन-सा concept उपयोग हो रहा है?",A minimal set of attributes that can uniquely identify a record; a table may have multiple candidate keys.,A minimal set of attributes that can uniquely identify a record; a table may have multiple candidate keys.,"A set of one or more attributes that can uniquely identify a record, possibly containing extra attributes beyond the minimal set.","A set of one or more attributes that can uniquely identify a record, possibly containing extra attributes beyond the minimal set.",A key made up of two or more attributes that together uniquely identify a record.,A key made up of two or more attributes that together uniquely identify a record.,"A field in one table that refers to the primary key in another table, establishing a relationship between them.","A field in one table that refers to the primary key in another table, establishing a relationship between them.",D,"Foreign Key: A field in one table that refers to the primary key in another table, establishing a relationship between them.","फॉरेन की: एक तालिका में एक फील्ड जो दूसरी तालिका की प्राइमरी की को संदर्भित करती है, जिससे दोनों के बीच संबंध बनता है.",Database Management Systems,डेटाबेस प्रबंधन प्रणाली,Keys & Integrity,कीज़ एवं इंटीग्रिटी,Hard,1,0.25
"Which concept should an engineer identify from this technical description: A field in one table that refers to the primary key in another table, establishing a relationship between them.?","इस technical description से engineer को कौन-सा concept पहचानना चाहिए: एक तालिका में एक फील्ड जो दूसरी तालिका की प्राइमरी की को संदर्भित करती है, जिससे दोनों के बीच संबंध बनता है.?","A set of one or more attributes that can uniquely identify a record, possibly containing extra attributes beyond the minimal set.","A set of one or more attributes that can uniquely identify a record, possibly containing extra attributes beyond the minimal set.",A key made up of two or more attributes that together uniquely identify a record.,A key made up of two or more attributes that together uniquely identify a record.,"A field in one table that refers to the primary key in another table, establishing a relationship between them.","A field in one table that refers to the primary key in another table, establishing a relationship between them.",A minimal set of attributes that can uniquely identify a record; a table may have multiple candidate keys.,A minimal set of attributes that can uniquely identify a record; a table may have multiple candidate keys.,C,"Foreign Key: A field in one table that refers to the primary key in another table, establishing a relationship between them.","फॉरेन की: एक तालिका में एक फील्ड जो दूसरी तालिका की प्राइमरी की को संदर्भित करती है, जिससे दोनों के बीच संबंध बनता है.",Database Management Systems,डेटाबेस प्रबंधन प्रणाली,Keys & Integrity,कीज़ एवं इंटीग्रिटी,Medium,1,0.25
"In a scenario where the following behavior is required — A field in one table that refers to the primary key in another table, establishing a relationship between them. — which concept is appropriate?","जिस scenario में यह behavior चाहिए — एक तालिका में एक फील्ड जो दूसरी तालिका की प्राइमरी की को संदर्भित करती है, जिससे दोनों के बीच संबंध बनता है. — वहाँ कौन-सा concept उपयुक्त है?",A key made up of two or more attributes that together uniquely identify a record.,A key made up of two or more attributes that together uniquely identify a record.,"A field in one table that refers to the primary key in another table, establishing a relationship between them.","A field in one table that refers to the primary key in another table, establishing a relationship between them.",A minimal set of attributes that can uniquely identify a record; a table may have multiple candidate keys.,A minimal set of attributes that can uniquely identify a record; a table may have multiple candidate keys.,"A set of one or more attributes that can uniquely identify a record, possibly containing extra attributes beyond the minimal set.","A set of one or more attributes that can uniquely identify a record, possibly containing extra attributes beyond the minimal set.",B,"Foreign Key: A field in one table that refers to the primary key in another table, establishing a relationship between them.","फॉरेन की: एक तालिका में एक फील्ड जो दूसरी तालिका की प्राइमरी की को संदर्भित करती है, जिससे दोनों के बीच संबंध बनता है.",Database Management Systems,डेटाबेस प्रबंधन प्रणाली,Keys & Integrity,कीज़ एवं इंटीग्रिटी,Hard,1,0.25
An exam asks which concept would be selected when the requirement is: A minimal set of attributes that can uniquely identify a record; a table may have multiple candidate keys.. Which concept fits best?,एक परीक्षा में आवश्यकता दी गई है: एट्रिब्यूट्स का न्यूनतम समूह जो किसी रिकॉर्ड की विशिष्ट पहचान कर सकता है; एक तालिका में कई कैंडिडेट कुंजियाँ हो सकती हैं.। इसके लिए सबसे उपयुक्त concept कौन-सा है?,A minimal set of attributes that can uniquely identify a record; a table may have multiple candidate keys.,A minimal set of attributes that can uniquely identify a record; a table may have multiple candidate keys.,"A set of one or more attributes that can uniquely identify a record, possibly containing extra attributes beyond the minimal set.","A set of one or more attributes that can uniquely identify a record, possibly containing extra attributes beyond the minimal set.",A key made up of two or more attributes that together uniquely identify a record.,A key made up of two or more attributes that together uniquely identify a record.,"A key that ensures all values in a column are different, but unlike a primary key, it can accept one NULL value.","A key that ensures all values in a column are different, but unlike a primary key, it can accept one NULL value.",A,Candidate Key: A minimal set of attributes that can uniquely identify a record; a table may have multiple candidate keys.,कैंडिडेट की: एट्रिब्यूट्स का न्यूनतम समूह जो किसी रिकॉर्ड की विशिष्ट पहचान कर सकता है; एक तालिका में कई कैंडिडेट कुंजियाँ हो सकती हैं.,Database Management Systems,डेटाबेस प्रबंधन प्रणाली,Keys & Integrity,कीज़ एवं इंटीग्रिटी,Hard,1,0.25
A system designer needs the property described as: A minimal set of attributes that can uniquely identify a record; a table may have multiple candidate keys.. Which concept is being used?,एक system designer को यह property चाहिए: एट्रिब्यूट्स का न्यूनतम समूह जो किसी रिकॉर्ड की विशिष्ट पहचान कर सकता है; एक तालिका में कई कैंडिडेट कुंजियाँ हो सकती हैं.। कौन-सा concept उपयोग हो रहा है?,"A set of one or more attributes that can uniquely identify a record, possibly containing extra attributes beyond the minimal set.","A set of one or more attributes that can uniquely identify a record, possibly containing extra attributes beyond the minimal set.",A key made up of two or more attributes that together uniquely identify a record.,A key made up of two or more attributes that together uniquely identify a record.,"A key that ensures all values in a column are different, but unlike a primary key, it can accept one NULL value.","A key that ensures all values in a column are different, but unlike a primary key, it can accept one NULL value.",A minimal set of attributes that can uniquely identify a record; a table may have multiple candidate keys.,A minimal set of attributes that can uniquely identify a record; a table may have multiple candidate keys.,D,Candidate Key: A minimal set of attributes that can uniquely identify a record; a table may have multiple candidate keys.,कैंडिडेट की: एट्रिब्यूट्स का न्यूनतम समूह जो किसी रिकॉर्ड की विशिष्ट पहचान कर सकता है; एक तालिका में कई कैंडिडेट कुंजियाँ हो सकती हैं.,Database Management Systems,डेटाबेस प्रबंधन प्रणाली,Keys & Integrity,कीज़ एवं इंटीग्रिटी,Medium,1,0.25
Which concept should an engineer identify from this technical description: A minimal set of attributes that can uniquely identify a record; a table may have multiple candidate keys.?,इस technical description से engineer को कौन-सा concept पहचानना चाहिए: एट्रिब्यूट्स का न्यूनतम समूह जो किसी रिकॉर्ड की विशिष्ट पहचान कर सकता है; एक तालिका में कई कैंडिडेट कुंजियाँ हो सकती हैं.?,A key made up of two or more attributes that together uniquely identify a record.,A key made up of two or more attributes that together uniquely identify a record.,"A key that ensures all values in a column are different, but unlike a primary key, it can accept one NULL value.","A key that ensures all values in a column are different, but unlike a primary key, it can accept one NULL value.",A minimal set of attributes that can uniquely identify a record; a table may have multiple candidate keys.,A minimal set of attributes that can uniquely identify a record; a table may have multiple candidate keys.,"A set of one or more attributes that can uniquely identify a record, possibly containing extra attributes beyond the minimal set.","A set of one or more attributes that can uniquely identify a record, possibly containing extra attributes beyond the minimal set.",C,Candidate Key: A minimal set of attributes that can uniquely identify a record; a table may have multiple candidate keys.,कैंडिडेट की: एट्रिब्यूट्स का न्यूनतम समूह जो किसी रिकॉर्ड की विशिष्ट पहचान कर सकता है; एक तालिका में कई कैंडिडेट कुंजियाँ हो सकती हैं.,Database Management Systems,डेटाबेस प्रबंधन प्रणाली,Keys & Integrity,कीज़ एवं इंटीग्रिटी,Hard,1,0.25
In a scenario where the following behavior is required — A minimal set of attributes that can uniquely identify a record; a table may have multiple candidate keys. — which concept is appropriate?,जिस scenario में यह behavior चाहिए — एट्रिब्यूट्स का न्यूनतम समूह जो किसी रिकॉर्ड की विशिष्ट पहचान कर सकता है; एक तालिका में कई कैंडिडेट कुंजियाँ हो सकती हैं. — वहाँ कौन-सा concept उपयुक्त है?,"A key that ensures all values in a column are different, but unlike a primary key, it can accept one NULL value.","A key that ensures all values in a column are different, but unlike a primary key, it can accept one NULL value.",A minimal set of attributes that can uniquely identify a record; a table may have multiple candidate keys.,A minimal set of attributes that can uniquely identify a record; a table may have multiple candidate keys.,"A set of one or more attributes that can uniquely identify a record, possibly containing extra attributes beyond the minimal set.","A set of one or more attributes that can uniquely identify a record, possibly containing extra attributes beyond the minimal set.",A key made up of two or more attributes that together uniquely identify a record.,A key made up of two or more attributes that together uniquely identify a record.,B,Candidate Key: A minimal set of attributes that can uniquely identify a record; a table may have multiple candidate keys.,कैंडिडेट की: एट्रिब्यूट्स का न्यूनतम समूह जो किसी रिकॉर्ड की विशिष्ट पहचान कर सकता है; एक तालिका में कई कैंडिडेट कुंजियाँ हो सकती हैं.,Database Management Systems,डेटाबेस प्रबंधन प्रणाली,Keys & Integrity,कीज़ एवं इंटीग्रिटी,Hard,1,0.25
"An exam asks which concept would be selected when the requirement is: A set of one or more attributes that can uniquely identify a record, possibly containing extra attributes beyond the minimal set.. Which concept fits best?","एक परीक्षा में आवश्यकता दी गई है: एक या अधिक एट्रिब्यूट्स का समूह जो किसी रिकॉर्ड की विशिष्ट पहचान कर सकता है, जिसमें न्यूनतम समूह से अतिरिक्त एट्रिब्यूट्स भी हो सकते हैं.। इसके लिए सबसे उपयुक्त concept कौन-सा है?","A set of one or more attributes that can uniquely identify a record, possibly containing extra attributes beyond the minimal set.","A set of one or more attributes that can uniquely identify a record, possibly containing extra attributes beyond the minimal set.",A key made up of two or more attributes that together uniquely identify a record.,A key made up of two or more attributes that together uniquely identify a record.,"A key that ensures all values in a column are different, but unlike a primary key, it can accept one NULL value.","A key that ensures all values in a column are different, but unlike a primary key, it can accept one NULL value.",A key that uniquely identifies each record in a table and cannot contain NULL values.,A key that uniquely identifies each record in a table and cannot contain NULL values.,A,"Super Key: A set of one or more attributes that can uniquely identify a record, possibly containing extra attributes beyond the minimal set.","सुपर की: एक या अधिक एट्रिब्यूट्स का समूह जो किसी रिकॉर्ड की विशिष्ट पहचान कर सकता है, जिसमें न्यूनतम समूह से अतिरिक्त एट्रिब्यूट्स भी हो सकते हैं.",Database Management Systems,डेटाबेस प्रबंधन प्रणाली,Keys & Integrity,कीज़ एवं इंटीग्रिटी,Medium,1,0.25
"A system designer needs the property described as: A set of one or more attributes that can uniquely identify a record, possibly containing extra attributes beyond the minimal set.. Which concept is being used?","एक system designer को यह property चाहिए: एक या अधिक एट्रिब्यूट्स का समूह जो किसी रिकॉर्ड की विशिष्ट पहचान कर सकता है, जिसमें न्यूनतम समूह से अतिरिक्त एट्रिब्यूट्स भी हो सकते हैं.। कौन-सा concept उपयोग हो रहा है?",A key made up of two or more attributes that together uniquely identify a record.,A key made up of two or more attributes that together uniquely identify a record.,"A key that ensures all values in a column are different, but unlike a primary key, it can accept one NULL value.","A key that ensures all values in a column are different, but unlike a primary key, it can accept one NULL value.",A key that uniquely identifies each record in a table and cannot contain NULL values.,A key that uniquely identifies each record in a table and cannot contain NULL values.,"A set of one or more attributes that can uniquely identify a record, possibly containing extra attributes beyond the minimal set.","A set of one or more attributes that can uniquely identify a record, possibly containing extra attributes beyond the minimal set.",D,"Super Key: A set of one or more attributes that can uniquely identify a record, possibly containing extra attributes beyond the minimal set.","सुपर की: एक या अधिक एट्रिब्यूट्स का समूह जो किसी रिकॉर्ड की विशिष्ट पहचान कर सकता है, जिसमें न्यूनतम समूह से अतिरिक्त एट्रिब्यूट्स भी हो सकते हैं.",Database Management Systems,डेटाबेस प्रबंधन प्रणाली,Keys & Integrity,कीज़ एवं इंटीग्रिटी,Hard,1,0.25
"Which concept should an engineer identify from this technical description: A set of one or more attributes that can uniquely identify a record, possibly containing extra attributes beyond the minimal set.?","इस technical description से engineer को कौन-सा concept पहचानना चाहिए: एक या अधिक एट्रिब्यूट्स का समूह जो किसी रिकॉर्ड की विशिष्ट पहचान कर सकता है, जिसमें न्यूनतम समूह से अतिरिक्त एट्रिब्यूट्स भी हो सकते हैं.?","A key that ensures all values in a column are different, but unlike a primary key, it can accept one NULL value.","A key that ensures all values in a column are different, but unlike a primary key, it can accept one NULL value.",A key that uniquely identifies each record in a table and cannot contain NULL values.,A key that uniquely identifies each record in a table and cannot contain NULL values.,"A set of one or more attributes that can uniquely identify a record, possibly containing extra attributes beyond the minimal set.","A set of one or more attributes that can uniquely identify a record, possibly containing extra attributes beyond the minimal set.",A key made up of two or more attributes that together uniquely identify a record.,A key made up of two or more attributes that together uniquely identify a record.,C,"Super Key: A set of one or more attributes that can uniquely identify a record, possibly containing extra attributes beyond the minimal set.","सुपर की: एक या अधिक एट्रिब्यूट्स का समूह जो किसी रिकॉर्ड की विशिष्ट पहचान कर सकता है, जिसमें न्यूनतम समूह से अतिरिक्त एट्रिब्यूट्स भी हो सकते हैं.",Database Management Systems,डेटाबेस प्रबंधन प्रणाली,Keys & Integrity,कीज़ एवं इंटीग्रिटी,Hard,1,0.25
"In a scenario where the following behavior is required — A set of one or more attributes that can uniquely identify a record, possibly containing extra attributes beyond the minimal set. — which concept is appropriate?","जिस scenario में यह behavior चाहिए — एक या अधिक एट्रिब्यूट्स का समूह जो किसी रिकॉर्ड की विशिष्ट पहचान कर सकता है, जिसमें न्यूनतम समूह से अतिरिक्त एट्रिब्यूट्स भी हो सकते हैं. — वहाँ कौन-सा concept उपयुक्त है?",A key that uniquely identifies each record in a table and cannot contain NULL values.,A key that uniquely identifies each record in a table and cannot contain NULL values.,"A set of one or more attributes that can uniquely identify a record, possibly containing extra attributes beyond the minimal set.","A set of one or more attributes that can uniquely identify a record, possibly containing extra attributes beyond the minimal set.",A key made up of two or more attributes that together uniquely identify a record.,A key made up of two or more attributes that together uniquely identify a record.,"A key that ensures all values in a column are different, but unlike a primary key, it can accept one NULL value.","A key that ensures all values in a column are different, but unlike a primary key, it can accept one NULL value.",B,"Super Key: A set of one or more attributes that can uniquely identify a record, possibly containing extra attributes beyond the minimal set.","सुपर की: एक या अधिक एट्रिब्यूट्स का समूह जो किसी रिकॉर्ड की विशिष्ट पहचान कर सकता है, जिसमें न्यूनतम समूह से अतिरिक्त एट्रिब्यूट्स भी हो सकते हैं.",Database Management Systems,डेटाबेस प्रबंधन प्रणाली,Keys & Integrity,कीज़ एवं इंटीग्रिटी,Medium,1,0.25
An exam asks which concept would be selected when the requirement is: A key made up of two or more attributes that together uniquely identify a record.. Which concept fits best?,एक परीक्षा में आवश्यकता दी गई है: दो या अधिक एट्रिब्यूट्स से बनी एक कुंजी जो मिलकर किसी रिकॉर्ड की विशिष्ट पहचान करती है.। इसके लिए सबसे उपयुक्त concept कौन-सा है?,A key made up of two or more attributes that together uniquely identify a record.,A key made up of two or more attributes that together uniquely identify a record.,"A key that ensures all values in a column are different, but unlike a primary key, it can accept one NULL value.","A key that ensures all values in a column are different, but unlike a primary key, it can accept one NULL value.",A key that uniquely identifies each record in a table and cannot contain NULL values.,A key that uniquely identifies each record in a table and cannot contain NULL values.,"A field in one table that refers to the primary key in another table, establishing a relationship between them.","A field in one table that refers to the primary key in another table, establishing a relationship between them.",A,Composite Key: A key made up of two or more attributes that together uniquely identify a record.,समग्र की (Composite Key): दो या अधिक एट्रिब्यूट्स से बनी एक कुंजी जो मिलकर किसी रिकॉर्ड की विशिष्ट पहचान करती है.,Database Management Systems,डेटाबेस प्रबंधन प्रणाली,Keys & Integrity,कीज़ एवं इंटीग्रिटी,Hard,1,0.25
A system designer needs the property described as: A key made up of two or more attributes that together uniquely identify a record.. Which concept is being used?,एक system designer को यह property चाहिए: दो या अधिक एट्रिब्यूट्स से बनी एक कुंजी जो मिलकर किसी रिकॉर्ड की विशिष्ट पहचान करती है.। कौन-सा concept उपयोग हो रहा है?,"A key that ensures all values in a column are different, but unlike a primary key, it can accept one NULL value.","A key that ensures all values in a column are different, but unlike a primary key, it can accept one NULL value.",A key that uniquely identifies each record in a table and cannot contain NULL values.,A key that uniquely identifies each record in a table and cannot contain NULL values.,"A field in one table that refers to the primary key in another table, establishing a relationship between them.","A field in one table that refers to the primary key in another table, establishing a relationship between them.",A key made up of two or more attributes that together uniquely identify a record.,A key made up of two or more attributes that together uniquely identify a record.,D,Composite Key: A key made up of two or more attributes that together uniquely identify a record.,समग्र की (Composite Key): दो या अधिक एट्रिब्यूट्स से बनी एक कुंजी जो मिलकर किसी रिकॉर्ड की विशिष्ट पहचान करती है.,Database Management Systems,डेटाबेस प्रबंधन प्रणाली,Keys & Integrity,कीज़ एवं इंटीग्रिटी,Hard,1,0.25
Which concept should an engineer identify from this technical description: A key made up of two or more attributes that together uniquely identify a record.?,इस technical description से engineer को कौन-सा concept पहचानना चाहिए: दो या अधिक एट्रिब्यूट्स से बनी एक कुंजी जो मिलकर किसी रिकॉर्ड की विशिष्ट पहचान करती है.?,A key that uniquely identifies each record in a table and cannot contain NULL values.,A key that uniquely identifies each record in a table and cannot contain NULL values.,"A field in one table that refers to the primary key in another table, establishing a relationship between them.","A field in one table that refers to the primary key in another table, establishing a relationship between them.",A key made up of two or more attributes that together uniquely identify a record.,A key made up of two or more attributes that together uniquely identify a record.,"A key that ensures all values in a column are different, but unlike a primary key, it can accept one NULL value.","A key that ensures all values in a column are different, but unlike a primary key, it can accept one NULL value.",C,Composite Key: A key made up of two or more attributes that together uniquely identify a record.,समग्र की (Composite Key): दो या अधिक एट्रिब्यूट्स से बनी एक कुंजी जो मिलकर किसी रिकॉर्ड की विशिष्ट पहचान करती है.,Database Management Systems,डेटाबेस प्रबंधन प्रणाली,Keys & Integrity,कीज़ एवं इंटीग्रिटी,Medium,1,0.25
In a scenario where the following behavior is required — A key made up of two or more attributes that together uniquely identify a record. — which concept is appropriate?,जिस scenario में यह behavior चाहिए — दो या अधिक एट्रिब्यूट्स से बनी एक कुंजी जो मिलकर किसी रिकॉर्ड की विशिष्ट पहचान करती है. — वहाँ कौन-सा concept उपयुक्त है?,"A field in one table that refers to the primary key in another table, establishing a relationship between them.","A field in one table that refers to the primary key in another table, establishing a relationship between them.",A key made up of two or more attributes that together uniquely identify a record.,A key made up of two or more attributes that together uniquely identify a record.,"A key that ensures all values in a column are different, but unlike a primary key, it can accept one NULL value.","A key that ensures all values in a column are different, but unlike a primary key, it can accept one NULL value.",A key that uniquely identifies each record in a table and cannot contain NULL values.,A key that uniquely identifies each record in a table and cannot contain NULL values.,B,Composite Key: A key made up of two or more attributes that together uniquely identify a record.,समग्र की (Composite Key): दो या अधिक एट्रिब्यूट्स से बनी एक कुंजी जो मिलकर किसी रिकॉर्ड की विशिष्ट पहचान करती है.,Database Management Systems,डेटाबेस प्रबंधन प्रणाली,Keys & Integrity,कीज़ एवं इंटीग्रिटी,Hard,1,0.25
"An exam asks which concept would be selected when the requirement is: A key that ensures all values in a column are different, but unlike a primary key, it can accept one NULL value.. Which concept fits best?","एक परीक्षा में आवश्यकता दी गई है: एक कुंजी जो सुनिश्चित करती है कि किसी कॉलम के सभी मान अलग हों, लेकिन प्राइमरी की के विपरीत यह एक NULL मान स्वीकार कर सकती है.। इसके लिए सबसे उपयुक्त concept कौन-सा है?","A key that ensures all values in a column are different, but unlike a primary key, it can accept one NULL value.","A key that ensures all values in a column are different, but unlike a primary key, it can accept one NULL value.",A key that uniquely identifies each record in a table and cannot contain NULL values.,A key that uniquely identifies each record in a table and cannot contain NULL values.,"A field in one table that refers to the primary key in another table, establishing a relationship between them.","A field in one table that refers to the primary key in another table, establishing a relationship between them.",A minimal set of attributes that can uniquely identify a record; a table may have multiple candidate keys.,A minimal set of attributes that can uniquely identify a record; a table may have multiple candidate keys.,A,"Unique Key: A key that ensures all values in a column are different, but unlike a primary key, it can accept one NULL value.","यूनिक की: एक कुंजी जो सुनिश्चित करती है कि किसी कॉलम के सभी मान अलग हों, लेकिन प्राइमरी की के विपरीत यह एक NULL मान स्वीकार कर सकती है.",Database Management Systems,डेटाबेस प्रबंधन प्रणाली,Keys & Integrity,कीज़ एवं इंटीग्रिटी,Hard,1,0.25
"A system designer needs the property described as: A key that ensures all values in a column are different, but unlike a primary key, it can accept one NULL value.. Which concept is being used?","एक system designer को यह property चाहिए: एक कुंजी जो सुनिश्चित करती है कि किसी कॉलम के सभी मान अलग हों, लेकिन प्राइमरी की के विपरीत यह एक NULL मान स्वीकार कर सकती है.। कौन-सा concept उपयोग हो रहा है?",A key that uniquely identifies each record in a table and cannot contain NULL values.,A key that uniquely identifies each record in a table and cannot contain NULL values.,"A field in one table that refers to the primary key in another table, establishing a relationship between them.","A field in one table that refers to the primary key in another table, establishing a relationship between them.",A minimal set of attributes that can uniquely identify a record; a table may have multiple candidate keys.,A minimal set of attributes that can uniquely identify a record; a table may have multiple candidate keys.,"A key that ensures all values in a column are different, but unlike a primary key, it can accept one NULL value.","A key that ensures all values in a column are different, but unlike a primary key, it can accept one NULL value.",D,"Unique Key: A key that ensures all values in a column are different, but unlike a primary key, it can accept one NULL value.","यूनिक की: एक कुंजी जो सुनिश्चित करती है कि किसी कॉलम के सभी मान अलग हों, लेकिन प्राइमरी की के विपरीत यह एक NULL मान स्वीकार कर सकती है.",Database Management Systems,डेटाबेस प्रबंधन प्रणाली,Keys & Integrity,कीज़ एवं इंटीग्रिटी,Medium,1,0.25
"Which concept should an engineer identify from this technical description: A key that ensures all values in a column are different, but unlike a primary key, it can accept one NULL value.?","इस technical description से engineer को कौन-सा concept पहचानना चाहिए: एक कुंजी जो सुनिश्चित करती है कि किसी कॉलम के सभी मान अलग हों, लेकिन प्राइमरी की के विपरीत यह एक NULL मान स्वीकार कर सकती है.?","A field in one table that refers to the primary key in another table, establishing a relationship between them.","A field in one table that refers to the primary key in another table, establishing a relationship between them.",A minimal set of attributes that can uniquely identify a record; a table may have multiple candidate keys.,A minimal set of attributes that can uniquely identify a record; a table may have multiple candidate keys.,"A key that ensures all values in a column are different, but unlike a primary key, it can accept one NULL value.","A key that ensures all values in a column are different, but unlike a primary key, it can accept one NULL value.",A key that uniquely identifies each record in a table and cannot contain NULL values.,A key that uniquely identifies each record in a table and cannot contain NULL values.,C,"Unique Key: A key that ensures all values in a column are different, but unlike a primary key, it can accept one NULL value.","यूनिक की: एक कुंजी जो सुनिश्चित करती है कि किसी कॉलम के सभी मान अलग हों, लेकिन प्राइमरी की के विपरीत यह एक NULL मान स्वीकार कर सकती है.",Database Management Systems,डेटाबेस प्रबंधन प्रणाली,Keys & Integrity,कीज़ एवं इंटीग्रिटी,Hard,1,0.25
"In a scenario where the following behavior is required — A key that ensures all values in a column are different, but unlike a primary key, it can accept one NULL value. — which concept is appropriate?","जिस scenario में यह behavior चाहिए — एक कुंजी जो सुनिश्चित करती है कि किसी कॉलम के सभी मान अलग हों, लेकिन प्राइमरी की के विपरीत यह एक NULL मान स्वीकार कर सकती है. — वहाँ कौन-सा concept उपयुक्त है?",A minimal set of attributes that can uniquely identify a record; a table may have multiple candidate keys.,A minimal set of attributes that can uniquely identify a record; a table may have multiple candidate keys.,"A key that ensures all values in a column are different, but unlike a primary key, it can accept one NULL value.","A key that ensures all values in a column are different, but unlike a primary key, it can accept one NULL value.",A key that uniquely identifies each record in a table and cannot contain NULL values.,A key that uniquely identifies each record in a table and cannot contain NULL values.,"A field in one table that refers to the primary key in another table, establishing a relationship between them.","A field in one table that refers to the primary key in another table, establishing a relationship between them.",B,"Unique Key: A key that ensures all values in a column are different, but unlike a primary key, it can accept one NULL value.","यूनिक की: एक कुंजी जो सुनिश्चित करती है कि किसी कॉलम के सभी मान अलग हों, लेकिन प्राइमरी की के विपरीत यह एक NULL मान स्वीकार कर सकती है.",Database Management Systems,डेटाबेस प्रबंधन प्रणाली,Keys & Integrity,कीज़ एवं इंटीग्रिटी,Hard,1,0.25
"An exam asks which concept would be selected when the requirement is: Ensures that a transaction is treated as a single indivisible unit, either fully completed or fully rolled back.. Which concept fits best?","एक परीक्षा में आवश्यकता दी गई है: सुनिश्चित करता है कि एक ट्रांजैक्शन को एकल अविभाज्य इकाई के रूप में माना जाए, या तो पूरी तरह पूर्ण हो या पूरी तरह वापस (rollback) हो.। इसके लिए सबसे उपयुक्त concept कौन-सा है?","Ensures that a transaction is treated as a single indivisible unit, either fully completed or fully rolled back.","Ensures that a transaction is treated as a single indivisible unit, either fully completed or fully rolled back.","Ensures that a transaction brings the database from one valid state to another, maintaining all defined rules.","Ensures that a transaction brings the database from one valid state to another, maintaining all defined rules.",Ensures that concurrently executing transactions do not affect each other's intermediate states.,Ensures that concurrently executing transactions do not affect each other's intermediate states.,"Ensures that once a transaction is committed, its changes remain permanent even in the event of a system failure.","Ensures that once a transaction is committed, its changes remain permanent even in the event of a system failure.",A,"Atomicity: Ensures that a transaction is treated as a single indivisible unit, either fully completed or fully rolled back.","एटॉमिसिटी (Atomicity): सुनिश्चित करता है कि एक ट्रांजैक्शन को एकल अविभाज्य इकाई के रूप में माना जाए, या तो पूरी तरह पूर्ण हो या पूरी तरह वापस (rollback) हो.",Database Management Systems,डेटाबेस प्रबंधन प्रणाली,Transactions & ACID,ट्रांजैक्शन एवं ACID,Medium,1,0.25
"A system designer needs the property described as: Ensures that a transaction is treated as a single indivisible unit, either fully completed or fully rolled back.. Which concept is being used?","एक system designer को यह property चाहिए: सुनिश्चित करता है कि एक ट्रांजैक्शन को एकल अविभाज्य इकाई के रूप में माना जाए, या तो पूरी तरह पूर्ण हो या पूरी तरह वापस (rollback) हो.। कौन-सा concept उपयोग हो रहा है?","Ensures that a transaction brings the database from one valid state to another, maintaining all defined rules.","Ensures that a transaction brings the database from one valid state to another, maintaining all defined rules.",Ensures that concurrently executing transactions do not affect each other's intermediate states.,Ensures that concurrently executing transactions do not affect each other's intermediate states.,"Ensures that once a transaction is committed, its changes remain permanent even in the event of a system failure.","Ensures that once a transaction is committed, its changes remain permanent even in the event of a system failure.","Ensures that a transaction is treated as a single indivisible unit, either fully completed or fully rolled back.","Ensures that a transaction is treated as a single indivisible unit, either fully completed or fully rolled back.",D,"Atomicity: Ensures that a transaction is treated as a single indivisible unit, either fully completed or fully rolled back.","एटॉमिसिटी (Atomicity): सुनिश्चित करता है कि एक ट्रांजैक्शन को एकल अविभाज्य इकाई के रूप में माना जाए, या तो पूरी तरह पूर्ण हो या पूरी तरह वापस (rollback) हो.",Database Management Systems,डेटाबेस प्रबंधन प्रणाली,Transactions & ACID,ट्रांजैक्शन एवं ACID,Hard,1,0.25
"Which concept should an engineer identify from this technical description: Ensures that a transaction is treated as a single indivisible unit, either fully completed or fully rolled back.?","इस technical description से engineer को कौन-सा concept पहचानना चाहिए: सुनिश्चित करता है कि एक ट्रांजैक्शन को एकल अविभाज्य इकाई के रूप में माना जाए, या तो पूरी तरह पूर्ण हो या पूरी तरह वापस (rollback) हो.?",Ensures that concurrently executing transactions do not affect each other's intermediate states.,Ensures that concurrently executing transactions do not affect each other's intermediate states.,"Ensures that once a transaction is committed, its changes remain permanent even in the event of a system failure.","Ensures that once a transaction is committed, its changes remain permanent even in the event of a system failure.","Ensures that a transaction is treated as a single indivisible unit, either fully completed or fully rolled back.","Ensures that a transaction is treated as a single indivisible unit, either fully completed or fully rolled back.","Ensures that a transaction brings the database from one valid state to another, maintaining all defined rules.","Ensures that a transaction brings the database from one valid state to another, maintaining all defined rules.",C,"Atomicity: Ensures that a transaction is treated as a single indivisible unit, either fully completed or fully rolled back.","एटॉमिसिटी (Atomicity): सुनिश्चित करता है कि एक ट्रांजैक्शन को एकल अविभाज्य इकाई के रूप में माना जाए, या तो पूरी तरह पूर्ण हो या पूरी तरह वापस (rollback) हो.",Database Management Systems,डेटाबेस प्रबंधन प्रणाली,Transactions & ACID,ट्रांजैक्शन एवं ACID,Hard,1,0.25
"In a scenario where the following behavior is required — Ensures that a transaction is treated as a single indivisible unit, either fully completed or fully rolled back. — which concept is appropriate?","जिस scenario में यह behavior चाहिए — सुनिश्चित करता है कि एक ट्रांजैक्शन को एकल अविभाज्य इकाई के रूप में माना जाए, या तो पूरी तरह पूर्ण हो या पूरी तरह वापस (rollback) हो. — वहाँ कौन-सा concept उपयुक्त है?","Ensures that once a transaction is committed, its changes remain permanent even in the event of a system failure.","Ensures that once a transaction is committed, its changes remain permanent even in the event of a system failure.","Ensures that a transaction is treated as a single indivisible unit, either fully completed or fully rolled back.","Ensures that a transaction is treated as a single indivisible unit, either fully completed or fully rolled back.","Ensures that a transaction brings the database from one valid state to another, maintaining all defined rules.","Ensures that a transaction brings the database from one valid state to another, maintaining all defined rules.",Ensures that concurrently executing transactions do not affect each other's intermediate states.,Ensures that concurrently executing transactions do not affect each other's intermediate states.,B,"Atomicity: Ensures that a transaction is treated as a single indivisible unit, either fully completed or fully rolled back.","एटॉमिसिटी (Atomicity): सुनिश्चित करता है कि एक ट्रांजैक्शन को एकल अविभाज्य इकाई के रूप में माना जाए, या तो पूरी तरह पूर्ण हो या पूरी तरह वापस (rollback) हो.",Database Management Systems,डेटाबेस प्रबंधन प्रणाली,Transactions & ACID,ट्रांजैक्शन एवं ACID,Medium,1,0.25
"An exam asks which concept would be selected when the requirement is: Ensures that a transaction brings the database from one valid state to another, maintaining all defined rules.. Which concept fits best?","एक परीक्षा में आवश्यकता दी गई है: सुनिश्चित करता है कि एक ट्रांजैक्शन डेटाबेस को एक वैध स्थिति से दूसरी वैध स्थिति में लाए, सभी परिभाषित नियमों का पालन करते हुए.। इसके लिए सबसे उपयुक्त concept कौन-सा है?","Ensures that a transaction brings the database from one valid state to another, maintaining all defined rules.","Ensures that a transaction brings the database from one valid state to another, maintaining all defined rules.",Ensures that concurrently executing transactions do not affect each other's intermediate states.,Ensures that concurrently executing transactions do not affect each other's intermediate states.,"Ensures that once a transaction is committed, its changes remain permanent even in the event of a system failure.","Ensures that once a transaction is committed, its changes remain permanent even in the event of a system failure.","Ensures that a transaction is treated as a single indivisible unit, either fully completed or fully rolled back.","Ensures that a transaction is treated as a single indivisible unit, either fully completed or fully rolled back.",A,"Consistency: Ensures that a transaction brings the database from one valid state to another, maintaining all defined rules.","कंसिस्टेंसी (Consistency): सुनिश्चित करता है कि एक ट्रांजैक्शन डेटाबेस को एक वैध स्थिति से दूसरी वैध स्थिति में लाए, सभी परिभाषित नियमों का पालन करते हुए.",Database Management Systems,डेटाबेस प्रबंधन प्रणाली,Transactions & ACID,ट्रांजैक्शन एवं ACID,Hard,1,0.25
"A system designer needs the property described as: Ensures that a transaction brings the database from one valid state to another, maintaining all defined rules.. Which concept is being used?","एक system designer को यह property चाहिए: सुनिश्चित करता है कि एक ट्रांजैक्शन डेटाबेस को एक वैध स्थिति से दूसरी वैध स्थिति में लाए, सभी परिभाषित नियमों का पालन करते हुए.। कौन-सा concept उपयोग हो रहा है?",Ensures that concurrently executing transactions do not affect each other's intermediate states.,Ensures that concurrently executing transactions do not affect each other's intermediate states.,"Ensures that once a transaction is committed, its changes remain permanent even in the event of a system failure.","Ensures that once a transaction is committed, its changes remain permanent even in the event of a system failure.","Ensures that a transaction is treated as a single indivisible unit, either fully completed or fully rolled back.","Ensures that a transaction is treated as a single indivisible unit, either fully completed or fully rolled back.","Ensures that a transaction brings the database from one valid state to another, maintaining all defined rules.","Ensures that a transaction brings the database from one valid state to another, maintaining all defined rules.",D,"Consistency: Ensures that a transaction brings the database from one valid state to another, maintaining all defined rules.","कंसिस्टेंसी (Consistency): सुनिश्चित करता है कि एक ट्रांजैक्शन डेटाबेस को एक वैध स्थिति से दूसरी वैध स्थिति में लाए, सभी परिभाषित नियमों का पालन करते हुए.",Database Management Systems,डेटाबेस प्रबंधन प्रणाली,Transactions & ACID,ट्रांजैक्शन एवं ACID,Hard,1,0.25
"Which concept should an engineer identify from this technical description: Ensures that a transaction brings the database from one valid state to another, maintaining all defined rules.?","इस technical description से engineer को कौन-सा concept पहचानना चाहिए: सुनिश्चित करता है कि एक ट्रांजैक्शन डेटाबेस को एक वैध स्थिति से दूसरी वैध स्थिति में लाए, सभी परिभाषित नियमों का पालन करते हुए.?","Ensures that once a transaction is committed, its changes remain permanent even in the event of a system failure.","Ensures that once a transaction is committed, its changes remain permanent even in the event of a system failure.","Ensures that a transaction is treated as a single indivisible unit, either fully completed or fully rolled back.","Ensures that a transaction is treated as a single indivisible unit, either fully completed or fully rolled back.","Ensures that a transaction brings the database from one valid state to another, maintaining all defined rules.","Ensures that a transaction brings the database from one valid state to another, maintaining all defined rules.",Ensures that concurrently executing transactions do not affect each other's intermediate states.,Ensures that concurrently executing transactions do not affect each other's intermediate states.,C,"Consistency: Ensures that a transaction brings the database from one valid state to another, maintaining all defined rules.","कंसिस्टेंसी (Consistency): सुनिश्चित करता है कि एक ट्रांजैक्शन डेटाबेस को एक वैध स्थिति से दूसरी वैध स्थिति में लाए, सभी परिभाषित नियमों का पालन करते हुए.",Database Management Systems,डेटाबेस प्रबंधन प्रणाली,Transactions & ACID,ट्रांजैक्शन एवं ACID,Medium,1,0.25
"In a scenario where the following behavior is required — Ensures that a transaction brings the database from one valid state to another, maintaining all defined rules. — which concept is appropriate?","जिस scenario में यह behavior चाहिए — सुनिश्चित करता है कि एक ट्रांजैक्शन डेटाबेस को एक वैध स्थिति से दूसरी वैध स्थिति में लाए, सभी परिभाषित नियमों का पालन करते हुए. — वहाँ कौन-सा concept उपयुक्त है?","Ensures that a transaction is treated as a single indivisible unit, either fully completed or fully rolled back.","Ensures that a transaction is treated as a single indivisible unit, either fully completed or fully rolled back.","Ensures that a transaction brings the database from one valid state to another, maintaining all defined rules.","Ensures that a transaction brings the database from one valid state to another, maintaining all defined rules.",Ensures that concurrently executing transactions do not affect each other's intermediate states.,Ensures that concurrently executing transactions do not affect each other's intermediate states.,"Ensures that once a transaction is committed, its changes remain permanent even in the event of a system failure.","Ensures that once a transaction is committed, its changes remain permanent even in the event of a system failure.",B,"Consistency: Ensures that a transaction brings the database from one valid state to another, maintaining all defined rules.","कंसिस्टेंसी (Consistency): सुनिश्चित करता है कि एक ट्रांजैक्शन डेटाबेस को एक वैध स्थिति से दूसरी वैध स्थिति में लाए, सभी परिभाषित नियमों का पालन करते हुए.",Database Management Systems,डेटाबेस प्रबंधन प्रणाली,Transactions & ACID,ट्रांजैक्शन एवं ACID,Hard,1,0.25
An exam asks which concept would be selected when the requirement is: Ensures that concurrently executing transactions do not affect each other's intermediate states.. Which concept fits best?,एक परीक्षा में आवश्यकता दी गई है: सुनिश्चित करता है कि समवर्ती रूप से निष्पादित हो रहे ट्रांजैक्शन एक-दूसरे की मध्यवर्ती स्थितियों को प्रभावित न करें.। इसके लिए सबसे उपयुक्त concept कौन-सा है?,Ensures that concurrently executing transactions do not affect each other's intermediate states.,Ensures that concurrently executing transactions do not affect each other's intermediate states.,"Ensures that once a transaction is committed, its changes remain permanent even in the event of a system failure.","Ensures that once a transaction is committed, its changes remain permanent even in the event of a system failure.","Ensures that a transaction is treated as a single indivisible unit, either fully completed or fully rolled back.","Ensures that a transaction is treated as a single indivisible unit, either fully completed or fully rolled back.","Ensures that a transaction brings the database from one valid state to another, maintaining all defined rules.","Ensures that a transaction brings the database from one valid state to another, maintaining all defined rules.",A,Isolation: Ensures that concurrently executing transactions do not affect each other's intermediate states.,आइसोलेशन (Isolation): सुनिश्चित करता है कि समवर्ती रूप से निष्पादित हो रहे ट्रांजैक्शन एक-दूसरे की मध्यवर्ती स्थितियों को प्रभावित न करें.,Database Management Systems,डेटाबेस प्रबंधन प्रणाली,Transactions & ACID,ट्रांजैक्शन एवं ACID,Hard,1,0.25
A system designer needs the property described as: Ensures that concurrently executing transactions do not affect each other's intermediate states.. Which concept is being used?,एक system designer को यह property चाहिए: सुनिश्चित करता है कि समवर्ती रूप से निष्पादित हो रहे ट्रांजैक्शन एक-दूसरे की मध्यवर्ती स्थितियों को प्रभावित न करें.। कौन-सा concept उपयोग हो रहा है?,"Ensures that once a transaction is committed, its changes remain permanent even in the event of a system failure.","Ensures that once a transaction is committed, its changes remain permanent even in the event of a system failure.","Ensures that a transaction is treated as a single indivisible unit, either fully completed or fully rolled back.","Ensures that a transaction is treated as a single indivisible unit, either fully completed or fully rolled back.","Ensures that a transaction brings the database from one valid state to another, maintaining all defined rules.","Ensures that a transaction brings the database from one valid state to another, maintaining all defined rules.",Ensures that concurrently executing transactions do not affect each other's intermediate states.,Ensures that concurrently executing transactions do not affect each other's intermediate states.,D,Isolation: Ensures that concurrently executing transactions do not affect each other's intermediate states.,आइसोलेशन (Isolation): सुनिश्चित करता है कि समवर्ती रूप से निष्पादित हो रहे ट्रांजैक्शन एक-दूसरे की मध्यवर्ती स्थितियों को प्रभावित न करें.,Database Management Systems,डेटाबेस प्रबंधन प्रणाली,Transactions & ACID,ट्रांजैक्शन एवं ACID,Medium,1,0.25
Which concept should an engineer identify from this technical description: Ensures that concurrently executing transactions do not affect each other's intermediate states.?,इस technical description से engineer को कौन-सा concept पहचानना चाहिए: सुनिश्चित करता है कि समवर्ती रूप से निष्पादित हो रहे ट्रांजैक्शन एक-दूसरे की मध्यवर्ती स्थितियों को प्रभावित न करें.?,"Ensures that a transaction is treated as a single indivisible unit, either fully completed or fully rolled back.","Ensures that a transaction is treated as a single indivisible unit, either fully completed or fully rolled back.","Ensures that a transaction brings the database from one valid state to another, maintaining all defined rules.","Ensures that a transaction brings the database from one valid state to another, maintaining all defined rules.",Ensures that concurrently executing transactions do not affect each other's intermediate states.,Ensures that concurrently executing transactions do not affect each other's intermediate states.,"Ensures that once a transaction is committed, its changes remain permanent even in the event of a system failure.","Ensures that once a transaction is committed, its changes remain permanent even in the event of a system failure.",C,Isolation: Ensures that concurrently executing transactions do not affect each other's intermediate states.,आइसोलेशन (Isolation): सुनिश्चित करता है कि समवर्ती रूप से निष्पादित हो रहे ट्रांजैक्शन एक-दूसरे की मध्यवर्ती स्थितियों को प्रभावित न करें.,Database Management Systems,डेटाबेस प्रबंधन प्रणाली,Transactions & ACID,ट्रांजैक्शन एवं ACID,Hard,1,0.25
In a scenario where the following behavior is required — Ensures that concurrently executing transactions do not affect each other's intermediate states. — which concept is appropriate?,जिस scenario में यह behavior चाहिए — सुनिश्चित करता है कि समवर्ती रूप से निष्पादित हो रहे ट्रांजैक्शन एक-दूसरे की मध्यवर्ती स्थितियों को प्रभावित न करें. — वहाँ कौन-सा concept उपयुक्त है?,"Ensures that a transaction brings the database from one valid state to another, maintaining all defined rules.","Ensures that a transaction brings the database from one valid state to another, maintaining all defined rules.",Ensures that concurrently executing transactions do not affect each other's intermediate states.,Ensures that concurrently executing transactions do not affect each other's intermediate states.,"Ensures that once a transaction is committed, its changes remain permanent even in the event of a system failure.","Ensures that once a transaction is committed, its changes remain permanent even in the event of a system failure.","Ensures that a transaction is treated as a single indivisible unit, either fully completed or fully rolled back.","Ensures that a transaction is treated as a single indivisible unit, either fully completed or fully rolled back.",B,Isolation: Ensures that concurrently executing transactions do not affect each other's intermediate states.,आइसोलेशन (Isolation): सुनिश्चित करता है कि समवर्ती रूप से निष्पादित हो रहे ट्रांजैक्शन एक-दूसरे की मध्यवर्ती स्थितियों को प्रभावित न करें.,Database Management Systems,डेटाबेस प्रबंधन प्रणाली,Transactions & ACID,ट्रांजैक्शन एवं ACID,Hard,1,0.25
"An exam asks which concept would be selected when the requirement is: Ensures that once a transaction is committed, its changes remain permanent even in the event of a system failure.. Which concept fits best?","एक परीक्षा में आवश्यकता दी गई है: सुनिश्चित करता है कि एक बार ट्रांजैक्शन कमिट होने के बाद, उसके परिवर्तन सिस्टम विफलता की स्थिति में भी स्थायी बने रहें.। इसके लिए सबसे उपयुक्त concept कौन-सा है?","Ensures that once a transaction is committed, its changes remain permanent even in the event of a system failure.","Ensures that once a transaction is committed, its changes remain permanent even in the event of a system failure.","Ensures that a transaction is treated as a single indivisible unit, either fully completed or fully rolled back.","Ensures that a transaction is treated as a single indivisible unit, either fully completed or fully rolled back.","Ensures that a transaction brings the database from one valid state to another, maintaining all defined rules.","Ensures that a transaction brings the database from one valid state to another, maintaining all defined rules.",Ensures that concurrently executing transactions do not affect each other's intermediate states.,Ensures that concurrently executing transactions do not affect each other's intermediate states.,A,"Durability: Ensures that once a transaction is committed, its changes remain permanent even in the event of a system failure.","ड्यूरेबिलिटी (Durability): सुनिश्चित करता है कि एक बार ट्रांजैक्शन कमिट होने के बाद, उसके परिवर्तन सिस्टम विफलता की स्थिति में भी स्थायी बने रहें.",Database Management Systems,डेटाबेस प्रबंधन प्रणाली,Transactions & ACID,ट्रांजैक्शन एवं ACID,Medium,1,0.25
"A system designer needs the property described as: Ensures that once a transaction is committed, its changes remain permanent even in the event of a system failure.. Which concept is being used?","एक system designer को यह property चाहिए: सुनिश्चित करता है कि एक बार ट्रांजैक्शन कमिट होने के बाद, उसके परिवर्तन सिस्टम विफलता की स्थिति में भी स्थायी बने रहें.। कौन-सा concept उपयोग हो रहा है?","Ensures that a transaction is treated as a single indivisible unit, either fully completed or fully rolled back.","Ensures that a transaction is treated as a single indivisible unit, either fully completed or fully rolled back.","Ensures that a transaction brings the database from one valid state to another, maintaining all defined rules.","Ensures that a transaction brings the database from one valid state to another, maintaining all defined rules.",Ensures that concurrently executing transactions do not affect each other's intermediate states.,Ensures that concurrently executing transactions do not affect each other's intermediate states.,"Ensures that once a transaction is committed, its changes remain permanent even in the event of a system failure.","Ensures that once a transaction is committed, its changes remain permanent even in the event of a system failure.",D,"Durability: Ensures that once a transaction is committed, its changes remain permanent even in the event of a system failure.","ड्यूरेबिलिटी (Durability): सुनिश्चित करता है कि एक बार ट्रांजैक्शन कमिट होने के बाद, उसके परिवर्तन सिस्टम विफलता की स्थिति में भी स्थायी बने रहें.",Database Management Systems,डेटाबेस प्रबंधन प्रणाली,Transactions & ACID,ट्रांजैक्शन एवं ACID,Hard,1,0.25
"Which concept should an engineer identify from this technical description: Ensures that once a transaction is committed, its changes remain permanent even in the event of a system failure.?","इस technical description से engineer को कौन-सा concept पहचानना चाहिए: सुनिश्चित करता है कि एक बार ट्रांजैक्शन कमिट होने के बाद, उसके परिवर्तन सिस्टम विफलता की स्थिति में भी स्थायी बने रहें.?","Ensures that a transaction brings the database from one valid state to another, maintaining all defined rules.","Ensures that a transaction brings the database from one valid state to another, maintaining all defined rules.",Ensures that concurrently executing transactions do not affect each other's intermediate states.,Ensures that concurrently executing transactions do not affect each other's intermediate states.,"Ensures that once a transaction is committed, its changes remain permanent even in the event of a system failure.","Ensures that once a transaction is committed, its changes remain permanent even in the event of a system failure.","Ensures that a transaction is treated as a single indivisible unit, either fully completed or fully rolled back.","Ensures that a transaction is treated as a single indivisible unit, either fully completed or fully rolled back.",C,"Durability: Ensures that once a transaction is committed, its changes remain permanent even in the event of a system failure.","ड्यूरेबिलिटी (Durability): सुनिश्चित करता है कि एक बार ट्रांजैक्शन कमिट होने के बाद, उसके परिवर्तन सिस्टम विफलता की स्थिति में भी स्थायी बने रहें.",Database Management Systems,डेटाबेस प्रबंधन प्रणाली,Transactions & ACID,ट्रांजैक्शन एवं ACID,Hard,1,0.25
"In a scenario where the following behavior is required — Ensures that once a transaction is committed, its changes remain permanent even in the event of a system failure. — which concept is appropriate?","जिस scenario में यह behavior चाहिए — सुनिश्चित करता है कि एक बार ट्रांजैक्शन कमिट होने के बाद, उसके परिवर्तन सिस्टम विफलता की स्थिति में भी स्थायी बने रहें. — वहाँ कौन-सा concept उपयुक्त है?",Ensures that concurrently executing transactions do not affect each other's intermediate states.,Ensures that concurrently executing transactions do not affect each other's intermediate states.,"Ensures that once a transaction is committed, its changes remain permanent even in the event of a system failure.","Ensures that once a transaction is committed, its changes remain permanent even in the event of a system failure.","Ensures that a transaction is treated as a single indivisible unit, either fully completed or fully rolled back.","Ensures that a transaction is treated as a single indivisible unit, either fully completed or fully rolled back.","Ensures that a transaction brings the database from one valid state to another, maintaining all defined rules.","Ensures that a transaction brings the database from one valid state to another, maintaining all defined rules.",B,"Durability: Ensures that once a transaction is committed, its changes remain permanent even in the event of a system failure.","ड्यूरेबिलिटी (Durability): सुनिश्चित करता है कि एक बार ट्रांजैक्शन कमिट होने के बाद, उसके परिवर्तन सिस्टम विफलता की स्थिति में भी स्थायी बने रहें.",Database Management Systems,डेटाबेस प्रबंधन प्रणाली,Transactions & ACID,ट्रांजैक्शन एवं ACID,Medium,1,0.25
"An exam asks which concept would be selected when the requirement is: A scheduling algorithm where the process that arrives first is executed first, in the order of arrival.. Which concept fits best?","एक परीक्षा में आवश्यकता दी गई है: एक शेड्यूलिंग एल्गोरिथ्म जिसमें जो प्रोसेस पहले आता है उसे पहले निष्पादित किया जाता है, आगमन के क्रम में.। इसके लिए सबसे उपयुक्त concept कौन-सा है?","A scheduling algorithm where the process that arrives first is executed first, in the order of arrival.","A scheduling algorithm where the process that arrives first is executed first, in the order of arrival.",A scheduling algorithm that selects the process with the smallest execution (burst) time to run next.,A scheduling algorithm that selects the process with the smallest execution (burst) time to run next.,A scheduling algorithm where each process is assigned a fixed time slice (quantum) and processes are executed cyclically.,A scheduling algorithm where each process is assigned a fixed time slice (quantum) and processes are executed cyclically.,"A scheduling algorithm where each process is assigned a priority, and the CPU is allocated to the process with the highest priority.","A scheduling algorithm where each process is assigned a priority, and the CPU is allocated to the process with the highest priority.",A,"FCFS (First Come First Serve): A scheduling algorithm where the process that arrives first is executed first, in the order of arrival.","FCFS (First Come First Serve): एक शेड्यूलिंग एल्गोरिथ्म जिसमें जो प्रोसेस पहले आता है उसे पहले निष्पादित किया जाता है, आगमन के क्रम में.",Operating Systems & Compiler Design,ऑपरेटिंग सिस्टम एवं कंपाइलर डिज़ाइन,CPU Scheduling,CPU शेड्यूलिंग,Medium,1,0.25
"A system designer needs the property described as: A scheduling algorithm where the process that arrives first is executed first, in the order of arrival.. Which concept is being used?","एक system designer को यह property चाहिए: एक शेड्यूलिंग एल्गोरिथ्म जिसमें जो प्रोसेस पहले आता है उसे पहले निष्पादित किया जाता है, आगमन के क्रम में.। कौन-सा concept उपयोग हो रहा है?",A scheduling algorithm that selects the process with the smallest execution (burst) time to run next.,A scheduling algorithm that selects the process with the smallest execution (burst) time to run next.,A scheduling algorithm where each process is assigned a fixed time slice (quantum) and processes are executed cyclically.,A scheduling algorithm where each process is assigned a fixed time slice (quantum) and processes are executed cyclically.,"A scheduling algorithm where each process is assigned a priority, and the CPU is allocated to the process with the highest priority.","A scheduling algorithm where each process is assigned a priority, and the CPU is allocated to the process with the highest priority.","A scheduling algorithm where the process that arrives first is executed first, in the order of arrival.","A scheduling algorithm where the process that arrives first is executed first, in the order of arrival.",D,"FCFS (First Come First Serve): A scheduling algorithm where the process that arrives first is executed first, in the order of arrival.","FCFS (First Come First Serve): एक शेड्यूलिंग एल्गोरिथ्म जिसमें जो प्रोसेस पहले आता है उसे पहले निष्पादित किया जाता है, आगमन के क्रम में.",Operating Systems & Compiler Design,ऑपरेटिंग सिस्टम एवं कंपाइलर डिज़ाइन,CPU Scheduling,CPU शेड्यूलिंग,Hard,1,0.25
"Which concept should an engineer identify from this technical description: A scheduling algorithm where the process that arrives first is executed first, in the order of arrival.?","इस technical description से engineer को कौन-सा concept पहचानना चाहिए: एक शेड्यूलिंग एल्गोरिथ्म जिसमें जो प्रोसेस पहले आता है उसे पहले निष्पादित किया जाता है, आगमन के क्रम में.?",A scheduling algorithm where each process is assigned a fixed time slice (quantum) and processes are executed cyclically.,A scheduling algorithm where each process is assigned a fixed time slice (quantum) and processes are executed cyclically.,"A scheduling algorithm where each process is assigned a priority, and the CPU is allocated to the process with the highest priority.","A scheduling algorithm where each process is assigned a priority, and the CPU is allocated to the process with the highest priority.","A scheduling algorithm where the process that arrives first is executed first, in the order of arrival.","A scheduling algorithm where the process that arrives first is executed first, in the order of arrival.",A scheduling algorithm that selects the process with the smallest execution (burst) time to run next.,A scheduling algorithm that selects the process with the smallest execution (burst) time to run next.,C,"FCFS (First Come First Serve): A scheduling algorithm where the process that arrives first is executed first, in the order of arrival.","FCFS (First Come First Serve): एक शेड्यूलिंग एल्गोरिथ्म जिसमें जो प्रोसेस पहले आता है उसे पहले निष्पादित किया जाता है, आगमन के क्रम में.",Operating Systems & Compiler Design,ऑपरेटिंग सिस्टम एवं कंपाइलर डिज़ाइन,CPU Scheduling,CPU शेड्यूलिंग,Hard,1,0.25
"In a scenario where the following behavior is required — A scheduling algorithm where the process that arrives first is executed first, in the order of arrival. — which concept is appropriate?","जिस scenario में यह behavior चाहिए — एक शेड्यूलिंग एल्गोरिथ्म जिसमें जो प्रोसेस पहले आता है उसे पहले निष्पादित किया जाता है, आगमन के क्रम में. — वहाँ कौन-सा concept उपयुक्त है?","A scheduling algorithm where each process is assigned a priority, and the CPU is allocated to the process with the highest priority.","A scheduling algorithm where each process is assigned a priority, and the CPU is allocated to the process with the highest priority.","A scheduling algorithm where the process that arrives first is executed first, in the order of arrival.","A scheduling algorithm where the process that arrives first is executed first, in the order of arrival.",A scheduling algorithm that selects the process with the smallest execution (burst) time to run next.,A scheduling algorithm that selects the process with the smallest execution (burst) time to run next.,A scheduling algorithm where each process is assigned a fixed time slice (quantum) and processes are executed cyclically.,A scheduling algorithm where each process is assigned a fixed time slice (quantum) and processes are executed cyclically.,B,"FCFS (First Come First Serve): A scheduling algorithm where the process that arrives first is executed first, in the order of arrival.","FCFS (First Come First Serve): एक शेड्यूलिंग एल्गोरिथ्म जिसमें जो प्रोसेस पहले आता है उसे पहले निष्पादित किया जाता है, आगमन के क्रम में.",Operating Systems & Compiler Design,ऑपरेटिंग सिस्टम एवं कंपाइलर डिज़ाइन,CPU Scheduling,CPU शेड्यूलिंग,Medium,1,0.25
An exam asks which concept would be selected when the requirement is: A scheduling algorithm that selects the process with the smallest execution (burst) time to run next.. Which concept fits best?,एक परीक्षा में आवश्यकता दी गई है: एक शेड्यूलिंग एल्गोरिथ्म जो अगले निष्पादन के लिए सबसे छोटे निष्पादन (बर्स्ट) समय वाली प्रोसेस का चयन करता है.। इसके लिए सबसे उपयुक्त concept कौन-सा है?,A scheduling algorithm that selects the process with the smallest execution (burst) time to run next.,A scheduling algorithm that selects the process with the smallest execution (burst) time to run next.,A scheduling algorithm where each process is assigned a fixed time slice (quantum) and processes are executed cyclically.,A scheduling algorithm where each process is assigned a fixed time slice (quantum) and processes are executed cyclically.,"A scheduling algorithm where each process is assigned a priority, and the CPU is allocated to the process with the highest priority.","A scheduling algorithm where each process is assigned a priority, and the CPU is allocated to the process with the highest priority.",A scheduling method that partitions the ready queue into several separate queues based on process type or priority.,A scheduling method that partitions the ready queue into several separate queues based on process type or priority.,A,SJF (Shortest Job First): A scheduling algorithm that selects the process with the smallest execution (burst) time to run next.,SJF (Shortest Job First): एक शेड्यूलिंग एल्गोरिथ्म जो अगले निष्पादन के लिए सबसे छोटे निष्पादन (बर्स्ट) समय वाली प्रोसेस का चयन करता है.,Operating Systems & Compiler Design,ऑपरेटिंग सिस्टम एवं कंपाइलर डिज़ाइन,CPU Scheduling,CPU शेड्यूलिंग,Hard,1,0.25
A system designer needs the property described as: A scheduling algorithm that selects the process with the smallest execution (burst) time to run next.. Which concept is being used?,एक system designer को यह property चाहिए: एक शेड्यूलिंग एल्गोरिथ्म जो अगले निष्पादन के लिए सबसे छोटे निष्पादन (बर्स्ट) समय वाली प्रोसेस का चयन करता है.। कौन-सा concept उपयोग हो रहा है?,A scheduling algorithm where each process is assigned a fixed time slice (quantum) and processes are executed cyclically.,A scheduling algorithm where each process is assigned a fixed time slice (quantum) and processes are executed cyclically.,"A scheduling algorithm where each process is assigned a priority, and the CPU is allocated to the process with the highest priority.","A scheduling algorithm where each process is assigned a priority, and the CPU is allocated to the process with the highest priority.",A scheduling method that partitions the ready queue into several separate queues based on process type or priority.,A scheduling method that partitions the ready queue into several separate queues based on process type or priority.,A scheduling algorithm that selects the process with the smallest execution (burst) time to run next.,A scheduling algorithm that selects the process with the smallest execution (burst) time to run next.,D,SJF (Shortest Job First): A scheduling algorithm that selects the process with the smallest execution (burst) time to run next.,SJF (Shortest Job First): एक शेड्यूलिंग एल्गोरिथ्म जो अगले निष्पादन के लिए सबसे छोटे निष्पादन (बर्स्ट) समय वाली प्रोसेस का चयन करता है.,Operating Systems & Compiler Design,ऑपरेटिंग सिस्टम एवं कंपाइलर डिज़ाइन,CPU Scheduling,CPU शेड्यूलिंग,Hard,1,0.25
Which concept should an engineer identify from this technical description: A scheduling algorithm that selects the process with the smallest execution (burst) time to run next.?,इस technical description से engineer को कौन-सा concept पहचानना चाहिए: एक शेड्यूलिंग एल्गोरिथ्म जो अगले निष्पादन के लिए सबसे छोटे निष्पादन (बर्स्ट) समय वाली प्रोसेस का चयन करता है.?,"A scheduling algorithm where each process is assigned a priority, and the CPU is allocated to the process with the highest priority.","A scheduling algorithm where each process is assigned a priority, and the CPU is allocated to the process with the highest priority.",A scheduling method that partitions the ready queue into several separate queues based on process type or priority.,A scheduling method that partitions the ready queue into several separate queues based on process type or priority.,A scheduling algorithm that selects the process with the smallest execution (burst) time to run next.,A scheduling algorithm that selects the process with the smallest execution (burst) time to run next.,A scheduling algorithm where each process is assigned a fixed time slice (quantum) and processes are executed cyclically.,A scheduling algorithm where each process is assigned a fixed time slice (quantum) and processes are executed cyclically.,C,SJF (Shortest Job First): A scheduling algorithm that selects the process with the smallest execution (burst) time to run next.,SJF (Shortest Job First): एक शेड्यूलिंग एल्गोरिथ्म जो अगले निष्पादन के लिए सबसे छोटे निष्पादन (बर्स्ट) समय वाली प्रोसेस का चयन करता है.,Operating Systems & Compiler Design,ऑपरेटिंग सिस्टम एवं कंपाइलर डिज़ाइन,CPU Scheduling,CPU शेड्यूलिंग,Medium,1,0.25
In a scenario where the following behavior is required — A scheduling algorithm that selects the process with the smallest execution (burst) time to run next. — which concept is appropriate?,जिस scenario में यह behavior चाहिए — एक शेड्यूलिंग एल्गोरिथ्म जो अगले निष्पादन के लिए सबसे छोटे निष्पादन (बर्स्ट) समय वाली प्रोसेस का चयन करता है. — वहाँ कौन-सा concept उपयुक्त है?,A scheduling method that partitions the ready queue into several separate queues based on process type or priority.,A scheduling method that partitions the ready queue into several separate queues based on process type or priority.,A scheduling algorithm that selects the process with the smallest execution (burst) time to run next.,A scheduling algorithm that selects the process with the smallest execution (burst) time to run next.,A scheduling algorithm where each process is assigned a fixed time slice (quantum) and processes are executed cyclically.,A scheduling algorithm where each process is assigned a fixed time slice (quantum) and processes are executed cyclically.,"A scheduling algorithm where each process is assigned a priority, and the CPU is allocated to the process with the highest priority.","A scheduling algorithm where each process is assigned a priority, and the CPU is allocated to the process with the highest priority.",B,SJF (Shortest Job First): A scheduling algorithm that selects the process with the smallest execution (burst) time to run next.,SJF (Shortest Job First): एक शेड्यूलिंग एल्गोरिथ्म जो अगले निष्पादन के लिए सबसे छोटे निष्पादन (बर्स्ट) समय वाली प्रोसेस का चयन करता है.,Operating Systems & Compiler Design,ऑपरेटिंग सिस्टम एवं कंपाइलर डिज़ाइन,CPU Scheduling,CPU शेड्यूलिंग,Hard,1,0.25
An exam asks which concept would be selected when the requirement is: A scheduling algorithm where each process is assigned a fixed time slice (quantum) and processes are executed cyclically.. Which concept fits best?,एक परीक्षा में आवश्यकता दी गई है: एक शेड्यूलिंग एल्गोरिथ्म जिसमें प्रत्येक प्रोसेस को एक निश्चित समय स्लाइस (क्वांटम) दिया जाता है और प्रोसेस चक्रीय रूप से निष्पादित होती हैं.। इसके लिए सबसे उपयुक्त concept कौन-सा है?,A scheduling algorithm where each process is assigned a fixed time slice (quantum) and processes are executed cyclically.,A scheduling algorithm where each process is assigned a fixed time slice (quantum) and processes are executed cyclically.,"A scheduling algorithm where each process is assigned a priority, and the CPU is allocated to the process with the highest priority.","A scheduling algorithm where each process is assigned a priority, and the CPU is allocated to the process with the highest priority.",A scheduling method that partitions the ready queue into several separate queues based on process type or priority.,A scheduling method that partitions the ready queue into several separate queues based on process type or priority.,"A scheduling algorithm where the process that arrives first is executed first, in the order of arrival.","A scheduling algorithm where the process that arrives first is executed first, in the order of arrival.",A,Round Robin: A scheduling algorithm where each process is assigned a fixed time slice (quantum) and processes are executed cyclically.,राउंड रॉबिन: एक शेड्यूलिंग एल्गोरिथ्म जिसमें प्रत्येक प्रोसेस को एक निश्चित समय स्लाइस (क्वांटम) दिया जाता है और प्रोसेस चक्रीय रूप से निष्पादित होती हैं.,Operating Systems & Compiler Design,ऑपरेटिंग सिस्टम एवं कंपाइलर डिज़ाइन,CPU Scheduling,CPU शेड्यूलिंग,Hard,1,0.25
A system designer needs the property described as: A scheduling algorithm where each process is assigned a fixed time slice (quantum) and processes are executed cyclically.. Which concept is being used?,एक system designer को यह property चाहिए: एक शेड्यूलिंग एल्गोरिथ्म जिसमें प्रत्येक प्रोसेस को एक निश्चित समय स्लाइस (क्वांटम) दिया जाता है और प्रोसेस चक्रीय रूप से निष्पादित होती हैं.। कौन-सा concept उपयोग हो रहा है?,"A scheduling algorithm where each process is assigned a priority, and the CPU is allocated to the process with the highest priority.","A scheduling algorithm where each process is assigned a priority, and the CPU is allocated to the process with the highest priority.",A scheduling method that partitions the ready queue into several separate queues based on process type or priority.,A scheduling method that partitions the ready queue into several separate queues based on process type or priority.,"A scheduling algorithm where the process that arrives first is executed first, in the order of arrival.","A scheduling algorithm where the process that arrives first is executed first, in the order of arrival.",A scheduling algorithm where each process is assigned a fixed time slice (quantum) and processes are executed cyclically.,A scheduling algorithm where each process is assigned a fixed time slice (quantum) and processes are executed cyclically.,D,Round Robin: A scheduling algorithm where each process is assigned a fixed time slice (quantum) and processes are executed cyclically.,राउंड रॉबिन: एक शेड्यूलिंग एल्गोरिथ्म जिसमें प्रत्येक प्रोसेस को एक निश्चित समय स्लाइस (क्वांटम) दिया जाता है और प्रोसेस चक्रीय रूप से निष्पादित होती हैं.,Operating Systems & Compiler Design,ऑपरेटिंग सिस्टम एवं कंपाइलर डिज़ाइन,CPU Scheduling,CPU शेड्यूलिंग,Medium,1,0.25
Which concept should an engineer identify from this technical description: A scheduling algorithm where each process is assigned a fixed time slice (quantum) and processes are executed cyclically.?,इस technical description से engineer को कौन-सा concept पहचानना चाहिए: एक शेड्यूलिंग एल्गोरिथ्म जिसमें प्रत्येक प्रोसेस को एक निश्चित समय स्लाइस (क्वांटम) दिया जाता है और प्रोसेस चक्रीय रूप से निष्पादित होती हैं.?,A scheduling method that partitions the ready queue into several separate queues based on process type or priority.,A scheduling method that partitions the ready queue into several separate queues based on process type or priority.,"A scheduling algorithm where the process that arrives first is executed first, in the order of arrival.","A scheduling algorithm where the process that arrives first is executed first, in the order of arrival.",A scheduling algorithm where each process is assigned a fixed time slice (quantum) and processes are executed cyclically.,A scheduling algorithm where each process is assigned a fixed time slice (quantum) and processes are executed cyclically.,"A scheduling algorithm where each process is assigned a priority, and the CPU is allocated to the process with the highest priority.","A scheduling algorithm where each process is assigned a priority, and the CPU is allocated to the process with the highest priority.",C,Round Robin: A scheduling algorithm where each process is assigned a fixed time slice (quantum) and processes are executed cyclically.,राउंड रॉबिन: एक शेड्यूलिंग एल्गोरिथ्म जिसमें प्रत्येक प्रोसेस को एक निश्चित समय स्लाइस (क्वांटम) दिया जाता है और प्रोसेस चक्रीय रूप से निष्पादित होती हैं.,Operating Systems & Compiler Design,ऑपरेटिंग सिस्टम एवं कंपाइलर डिज़ाइन,CPU Scheduling,CPU शेड्यूलिंग,Hard,1,0.25
In a scenario where the following behavior is required — A scheduling algorithm where each process is assigned a fixed time slice (quantum) and processes are executed cyclically. — which concept is appropriate?,जिस scenario में यह behavior चाहिए — एक शेड्यूलिंग एल्गोरिथ्म जिसमें प्रत्येक प्रोसेस को एक निश्चित समय स्लाइस (क्वांटम) दिया जाता है और प्रोसेस चक्रीय रूप से निष्पादित होती हैं. — वहाँ कौन-सा concept उपयुक्त है?,"A scheduling algorithm where the process that arrives first is executed first, in the order of arrival.","A scheduling algorithm where the process that arrives first is executed first, in the order of arrival.",A scheduling algorithm where each process is assigned a fixed time slice (quantum) and processes are executed cyclically.,A scheduling algorithm where each process is assigned a fixed time slice (quantum) and processes are executed cyclically.,"A scheduling algorithm where each process is assigned a priority, and the CPU is allocated to the process with the highest priority.","A scheduling algorithm where each process is assigned a priority, and the CPU is allocated to the process with the highest priority.",A scheduling method that partitions the ready queue into several separate queues based on process type or priority.,A scheduling method that partitions the ready queue into several separate queues based on process type or priority.,B,Round Robin: A scheduling algorithm where each process is assigned a fixed time slice (quantum) and processes are executed cyclically.,राउंड रॉबिन: एक शेड्यूलिंग एल्गोरिथ्म जिसमें प्रत्येक प्रोसेस को एक निश्चित समय स्लाइस (क्वांटम) दिया जाता है और प्रोसेस चक्रीय रूप से निष्पादित होती हैं.,Operating Systems & Compiler Design,ऑपरेटिंग सिस्टम एवं कंपाइलर डिज़ाइन,CPU Scheduling,CPU शेड्यूलिंग,Hard,1,0.25
"An exam asks which concept would be selected when the requirement is: A scheduling algorithm where each process is assigned a priority, and the CPU is allocated to the process with the highest priority.. Which concept fits best?","एक परीक्षा में आवश्यकता दी गई है: एक शेड्यूलिंग एल्गोरिथ्म जिसमें प्रत्येक प्रोसेस को एक प्राथमिकता दी जाती है, और CPU उस प्रोसेस को आवंटित किया जाता है जिसकी प्राथमिकता सबसे अधिक हो.। इसके लिए सबसे उपयुक्त concept कौन-सा है?","A scheduling algorithm where each process is assigned a priority, and the CPU is allocated to the process with the highest priority.","A scheduling algorithm where each process is assigned a priority, and the CPU is allocated to the process with the highest priority.",A scheduling method that partitions the ready queue into several separate queues based on process type or priority.,A scheduling method that partitions the ready queue into several separate queues based on process type or priority.,"A scheduling algorithm where the process that arrives first is executed first, in the order of arrival.","A scheduling algorithm where the process that arrives first is executed first, in the order of arrival.",A scheduling algorithm that selects the process with the smallest execution (burst) time to run next.,A scheduling algorithm that selects the process with the smallest execution (burst) time to run next.,A,"Priority Scheduling: A scheduling algorithm where each process is assigned a priority, and the CPU is allocated to the process with the highest priority.","प्राथमिकता शेड्यूलिंग: एक शेड्यूलिंग एल्गोरिथ्म जिसमें प्रत्येक प्रोसेस को एक प्राथमिकता दी जाती है, और CPU उस प्रोसेस को आवंटित किया जाता है जिसकी प्राथमिकता सबसे अधिक हो.",Operating Systems & Compiler Design,ऑपरेटिंग सिस्टम एवं कंपाइलर डिज़ाइन,CPU Scheduling,CPU शेड्यूलिंग,Medium,1,0.25
"A system designer needs the property described as: A scheduling algorithm where each process is assigned a priority, and the CPU is allocated to the process with the highest priority.. Which concept is being used?","एक system designer को यह property चाहिए: एक शेड्यूलिंग एल्गोरिथ्म जिसमें प्रत्येक प्रोसेस को एक प्राथमिकता दी जाती है, और CPU उस प्रोसेस को आवंटित किया जाता है जिसकी प्राथमिकता सबसे अधिक हो.। कौन-सा concept उपयोग हो रहा है?",A scheduling method that partitions the ready queue into several separate queues based on process type or priority.,A scheduling method that partitions the ready queue into several separate queues based on process type or priority.,"A scheduling algorithm where the process that arrives first is executed first, in the order of arrival.","A scheduling algorithm where the process that arrives first is executed first, in the order of arrival.",A scheduling algorithm that selects the process with the smallest execution (burst) time to run next.,A scheduling algorithm that selects the process with the smallest execution (burst) time to run next.,"A scheduling algorithm where each process is assigned a priority, and the CPU is allocated to the process with the highest priority.","A scheduling algorithm where each process is assigned a priority, and the CPU is allocated to the process with the highest priority.",D,"Priority Scheduling: A scheduling algorithm where each process is assigned a priority, and the CPU is allocated to the process with the highest priority.","प्राथमिकता शेड्यूलिंग: एक शेड्यूलिंग एल्गोरिथ्म जिसमें प्रत्येक प्रोसेस को एक प्राथमिकता दी जाती है, और CPU उस प्रोसेस को आवंटित किया जाता है जिसकी प्राथमिकता सबसे अधिक हो.",Operating Systems & Compiler Design,ऑपरेटिंग सिस्टम एवं कंपाइलर डिज़ाइन,CPU Scheduling,CPU शेड्यूलिंग,Hard,1,0.25
"Which concept should an engineer identify from this technical description: A scheduling algorithm where each process is assigned a priority, and the CPU is allocated to the process with the highest priority.?","इस technical description से engineer को कौन-सा concept पहचानना चाहिए: एक शेड्यूलिंग एल्गोरिथ्म जिसमें प्रत्येक प्रोसेस को एक प्राथमिकता दी जाती है, और CPU उस प्रोसेस को आवंटित किया जाता है जिसकी प्राथमिकता सबसे अधिक हो.?","A scheduling algorithm where the process that arrives first is executed first, in the order of arrival.","A scheduling algorithm where the process that arrives first is executed first, in the order of arrival.",A scheduling algorithm that selects the process with the smallest execution (burst) time to run next.,A scheduling algorithm that selects the process with the smallest execution (burst) time to run next.,"A scheduling algorithm where each process is assigned a priority, and the CPU is allocated to the process with the highest priority.","A scheduling algorithm where each process is assigned a priority, and the CPU is allocated to the process with the highest priority.",A scheduling method that partitions the ready queue into several separate queues based on process type or priority.,A scheduling method that partitions the ready queue into several separate queues based on process type or priority.,C,"Priority Scheduling: A scheduling algorithm where each process is assigned a priority, and the CPU is allocated to the process with the highest priority.","प्राथमिकता शेड्यूलिंग: एक शेड्यूलिंग एल्गोरिथ्म जिसमें प्रत्येक प्रोसेस को एक प्राथमिकता दी जाती है, और CPU उस प्रोसेस को आवंटित किया जाता है जिसकी प्राथमिकता सबसे अधिक हो.",Operating Systems & Compiler Design,ऑपरेटिंग सिस्टम एवं कंपाइलर डिज़ाइन,CPU Scheduling,CPU शेड्यूलिंग,Hard,1,0.25
"In a scenario where the following behavior is required — A scheduling algorithm where each process is assigned a priority, and the CPU is allocated to the process with the highest priority. — which concept is appropriate?","जिस scenario में यह behavior चाहिए — एक शेड्यूलिंग एल्गोरिथ्म जिसमें प्रत्येक प्रोसेस को एक प्राथमिकता दी जाती है, और CPU उस प्रोसेस को आवंटित किया जाता है जिसकी प्राथमिकता सबसे अधिक हो. — वहाँ कौन-सा concept उपयुक्त है?",A scheduling algorithm that selects the process with the smallest execution (burst) time to run next.,A scheduling algorithm that selects the process with the smallest execution (burst) time to run next.,"A scheduling algorithm where each process is assigned a priority, and the CPU is allocated to the process with the highest priority.","A scheduling algorithm where each process is assigned a priority, and the CPU is allocated to the process with the highest priority.",A scheduling method that partitions the ready queue into several separate queues based on process type or priority.,A scheduling method that partitions the ready queue into several separate queues based on process type or priority.,"A scheduling algorithm where the process that arrives first is executed first, in the order of arrival.","A scheduling algorithm where the process that arrives first is executed first, in the order of arrival.",B,"Priority Scheduling: A scheduling algorithm where each process is assigned a priority, and the CPU is allocated to the process with the highest priority.","प्राथमिकता शेड्यूलिंग: एक शेड्यूलिंग एल्गोरिथ्म जिसमें प्रत्येक प्रोसेस को एक प्राथमिकता दी जाती है, और CPU उस प्रोसेस को आवंटित किया जाता है जिसकी प्राथमिकता सबसे अधिक हो.",Operating Systems & Compiler Design,ऑपरेटिंग सिस्टम एवं कंपाइलर डिज़ाइन,CPU Scheduling,CPU शेड्यूलिंग,Medium,1,0.25
An exam asks which concept would be selected when the requirement is: A scheduling method that partitions the ready queue into several separate queues based on process type or priority.. Which concept fits best?,एक परीक्षा में आवश्यकता दी गई है: एक शेड्यूलिंग विधि जो रेडी क्यू को प्रोसेस के प्रकार या प्राथमिकता के आधार पर कई अलग-अलग क्यू में विभाजित करती है.। इसके लिए सबसे उपयुक्त concept कौन-सा है?,A scheduling method that partitions the ready queue into several separate queues based on process type or priority.,A scheduling method that partitions the ready queue into several separate queues based on process type or priority.,"A scheduling algorithm where the process that arrives first is executed first, in the order of arrival.","A scheduling algorithm where the process that arrives first is executed first, in the order of arrival.",A scheduling algorithm that selects the process with the smallest execution (burst) time to run next.,A scheduling algorithm that selects the process with the smallest execution (burst) time to run next.,A scheduling algorithm where each process is assigned a fixed time slice (quantum) and processes are executed cyclically.,A scheduling algorithm where each process is assigned a fixed time slice (quantum) and processes are executed cyclically.,A,Multilevel Queue Scheduling: A scheduling method that partitions the ready queue into several separate queues based on process type or priority.,मल्टीलेवल क्यू शेड्यूलिंग: एक शेड्यूलिंग विधि जो रेडी क्यू को प्रोसेस के प्रकार या प्राथमिकता के आधार पर कई अलग-अलग क्यू में विभाजित करती है.,Operating Systems & Compiler Design,ऑपरेटिंग सिस्टम एवं कंपाइलर डिज़ाइन,CPU Scheduling,CPU शेड्यूलिंग,Hard,1,0.25
A system designer needs the property described as: A scheduling method that partitions the ready queue into several separate queues based on process type or priority.. Which concept is being used?,एक system designer को यह property चाहिए: एक शेड्यूलिंग विधि जो रेडी क्यू को प्रोसेस के प्रकार या प्राथमिकता के आधार पर कई अलग-अलग क्यू में विभाजित करती है.। कौन-सा concept उपयोग हो रहा है?,"A scheduling algorithm where the process that arrives first is executed first, in the order of arrival.","A scheduling algorithm where the process that arrives first is executed first, in the order of arrival.",A scheduling algorithm that selects the process with the smallest execution (burst) time to run next.,A scheduling algorithm that selects the process with the smallest execution (burst) time to run next.,A scheduling algorithm where each process is assigned a fixed time slice (quantum) and processes are executed cyclically.,A scheduling algorithm where each process is assigned a fixed time slice (quantum) and processes are executed cyclically.,A scheduling method that partitions the ready queue into several separate queues based on process type or priority.,A scheduling method that partitions the ready queue into several separate queues based on process type or priority.,D,Multilevel Queue Scheduling: A scheduling method that partitions the ready queue into several separate queues based on process type or priority.,मल्टीलेवल क्यू शेड्यूलिंग: एक शेड्यूलिंग विधि जो रेडी क्यू को प्रोसेस के प्रकार या प्राथमिकता के आधार पर कई अलग-अलग क्यू में विभाजित करती है.,Operating Systems & Compiler Design,ऑपरेटिंग सिस्टम एवं कंपाइलर डिज़ाइन,CPU Scheduling,CPU शेड्यूलिंग,Hard,1,0.25
Which concept should an engineer identify from this technical description: A scheduling method that partitions the ready queue into several separate queues based on process type or priority.?,इस technical description से engineer को कौन-सा concept पहचानना चाहिए: एक शेड्यूलिंग विधि जो रेडी क्यू को प्रोसेस के प्रकार या प्राथमिकता के आधार पर कई अलग-अलग क्यू में विभाजित करती है.?,A scheduling algorithm that selects the process with the smallest execution (burst) time to run next.,A scheduling algorithm that selects the process with the smallest execution (burst) time to run next.,A scheduling algorithm where each process is assigned a fixed time slice (quantum) and processes are executed cyclically.,A scheduling algorithm where each process is assigned a fixed time slice (quantum) and processes are executed cyclically.,A scheduling method that partitions the ready queue into several separate queues based on process type or priority.,A scheduling method that partitions the ready queue into several separate queues based on process type or priority.,"A scheduling algorithm where the process that arrives first is executed first, in the order of arrival.","A scheduling algorithm where the process that arrives first is executed first, in the order of arrival.",C,Multilevel Queue Scheduling: A scheduling method that partitions the ready queue into several separate queues based on process type or priority.,मल्टीलेवल क्यू शेड्यूलिंग: एक शेड्यूलिंग विधि जो रेडी क्यू को प्रोसेस के प्रकार या प्राथमिकता के आधार पर कई अलग-अलग क्यू में विभाजित करती है.,Operating Systems & Compiler Design,ऑपरेटिंग सिस्टम एवं कंपाइलर डिज़ाइन,CPU Scheduling,CPU शेड्यूलिंग,Medium,1,0.25
In a scenario where the following behavior is required — A scheduling method that partitions the ready queue into several separate queues based on process type or priority. — which concept is appropriate?,जिस scenario में यह behavior चाहिए — एक शेड्यूलिंग विधि जो रेडी क्यू को प्रोसेस के प्रकार या प्राथमिकता के आधार पर कई अलग-अलग क्यू में विभाजित करती है. — वहाँ कौन-सा concept उपयुक्त है?,A scheduling algorithm where each process is assigned a fixed time slice (quantum) and processes are executed cyclically.,A scheduling algorithm where each process is assigned a fixed time slice (quantum) and processes are executed cyclically.,A scheduling method that partitions the ready queue into several separate queues based on process type or priority.,A scheduling method that partitions the ready queue into several separate queues based on process type or priority.,"A scheduling algorithm where the process that arrives first is executed first, in the order of arrival.","A scheduling algorithm where the process that arrives first is executed first, in the order of arrival.",A scheduling algorithm that selects the process with the smallest execution (burst) time to run next.,A scheduling algorithm that selects the process with the smallest execution (burst) time to run next.,B,Multilevel Queue Scheduling: A scheduling method that partitions the ready queue into several separate queues based on process type or priority.,मल्टीलेवल क्यू शेड्यूलिंग: एक शेड्यूलिंग विधि जो रेडी क्यू को प्रोसेस के प्रकार या प्राथमिकता के आधार पर कई अलग-अलग क्यू में विभाजित करती है.,Operating Systems & Compiler Design,ऑपरेटिंग सिस्टम एवं कंपाइलर डिज़ाइन,CPU Scheduling,CPU शेड्यूलिंग,Hard,1,0.25
"An exam asks which concept would be selected when the requirement is: A page replacement algorithm that removes the oldest page loaded into memory first, regardless of usage.. Which concept fits best?",एक परीक्षा में आवश्यकता दी गई है: एक पेज रिप्लेसमेंट एल्गोरिथ्म जो मेमोरी में सबसे पहले लोड किए गए पेज को उपयोग की परवाह किए बिना सबसे पहले हटाता है.। इसके लिए सबसे उपयुक्त concept कौन-सा है?,"A page replacement algorithm that removes the oldest page loaded into memory first, regardless of usage.","A page replacement algorithm that removes the oldest page loaded into memory first, regardless of usage.",A page replacement algorithm that removes the page that has not been used for the longest period of time.,A page replacement algorithm that removes the page that has not been used for the longest period of time.,A theoretical page replacement algorithm that replaces the page which will not be used for the longest time in the future.,A theoretical page replacement algorithm that replaces the page which will not be used for the longest time in the future.,A page replacement algorithm that removes the page with the smallest count of usage/references.,A page replacement algorithm that removes the page with the smallest count of usage/references.,A,"FIFO Page Replacement: A page replacement algorithm that removes the oldest page loaded into memory first, regardless of usage.",FIFO पेज रिप्लेसमेंट: एक पेज रिप्लेसमेंट एल्गोरिथ्म जो मेमोरी में सबसे पहले लोड किए गए पेज को उपयोग की परवाह किए बिना सबसे पहले हटाता है.,Operating Systems & Compiler Design,ऑपरेटिंग सिस्टम एवं कंपाइलर डिज़ाइन,Memory Management,मेमोरी मैनेजमेंट,Medium,1,0.25
"A system designer needs the property described as: A page replacement algorithm that removes the oldest page loaded into memory first, regardless of usage.. Which concept is being used?",एक system designer को यह property चाहिए: एक पेज रिप्लेसमेंट एल्गोरिथ्म जो मेमोरी में सबसे पहले लोड किए गए पेज को उपयोग की परवाह किए बिना सबसे पहले हटाता है.। कौन-सा concept उपयोग हो रहा है?,A page replacement algorithm that removes the page that has not been used for the longest period of time.,A page replacement algorithm that removes the page that has not been used for the longest period of time.,A theoretical page replacement algorithm that replaces the page which will not be used for the longest time in the future.,A theoretical page replacement algorithm that replaces the page which will not be used for the longest time in the future.,A page replacement algorithm that removes the page with the smallest count of usage/references.,A page replacement algorithm that removes the page with the smallest count of usage/references.,"A page replacement algorithm that removes the oldest page loaded into memory first, regardless of usage.","A page replacement algorithm that removes the oldest page loaded into memory first, regardless of usage.",D,"FIFO Page Replacement: A page replacement algorithm that removes the oldest page loaded into memory first, regardless of usage.",FIFO पेज रिप्लेसमेंट: एक पेज रिप्लेसमेंट एल्गोरिथ्म जो मेमोरी में सबसे पहले लोड किए गए पेज को उपयोग की परवाह किए बिना सबसे पहले हटाता है.,Operating Systems & Compiler Design,ऑपरेटिंग सिस्टम एवं कंपाइलर डिज़ाइन,Memory Management,मेमोरी मैनेजमेंट,Hard,1,0.25
"Which concept should an engineer identify from this technical description: A page replacement algorithm that removes the oldest page loaded into memory first, regardless of usage.?",इस technical description से engineer को कौन-सा concept पहचानना चाहिए: एक पेज रिप्लेसमेंट एल्गोरिथ्म जो मेमोरी में सबसे पहले लोड किए गए पेज को उपयोग की परवाह किए बिना सबसे पहले हटाता है.?,A theoretical page replacement algorithm that replaces the page which will not be used for the longest time in the future.,A theoretical page replacement algorithm that replaces the page which will not be used for the longest time in the future.,A page replacement algorithm that removes the page with the smallest count of usage/references.,A page replacement algorithm that removes the page with the smallest count of usage/references.,"A page replacement algorithm that removes the oldest page loaded into memory first, regardless of usage.","A page replacement algorithm that removes the oldest page loaded into memory first, regardless of usage.",A page replacement algorithm that removes the page that has not been used for the longest period of time.,A page replacement algorithm that removes the page that has not been used for the longest period of time.,C,"FIFO Page Replacement: A page replacement algorithm that removes the oldest page loaded into memory first, regardless of usage.",FIFO पेज रिप्लेसमेंट: एक पेज रिप्लेसमेंट एल्गोरिथ्म जो मेमोरी में सबसे पहले लोड किए गए पेज को उपयोग की परवाह किए बिना सबसे पहले हटाता है.,Operating Systems & Compiler Design,ऑपरेटिंग सिस्टम एवं कंपाइलर डिज़ाइन,Memory Management,मेमोरी मैनेजमेंट,Hard,1,0.25
"In a scenario where the following behavior is required — A page replacement algorithm that removes the oldest page loaded into memory first, regardless of usage. — which concept is appropriate?",जिस scenario में यह behavior चाहिए — एक पेज रिप्लेसमेंट एल्गोरिथ्म जो मेमोरी में सबसे पहले लोड किए गए पेज को उपयोग की परवाह किए बिना सबसे पहले हटाता है. — वहाँ कौन-सा concept उपयुक्त है?,A page replacement algorithm that removes the page with the smallest count of usage/references.,A page replacement algorithm that removes the page with the smallest count of usage/references.,"A page replacement algorithm that removes the oldest page loaded into memory first, regardless of usage.","A page replacement algorithm that removes the oldest page loaded into memory first, regardless of usage.",A page replacement algorithm that removes the page that has not been used for the longest period of time.,A page replacement algorithm that removes the page that has not been used for the longest period of time.,A theoretical page replacement algorithm that replaces the page which will not be used for the longest time in the future.,A theoretical page replacement algorithm that replaces the page which will not be used for the longest time in the future.,B,"FIFO Page Replacement: A page replacement algorithm that removes the oldest page loaded into memory first, regardless of usage.",FIFO पेज रिप्लेसमेंट: एक पेज रिप्लेसमेंट एल्गोरिथ्म जो मेमोरी में सबसे पहले लोड किए गए पेज को उपयोग की परवाह किए बिना सबसे पहले हटाता है.,Operating Systems & Compiler Design,ऑपरेटिंग सिस्टम एवं कंपाइलर डिज़ाइन,Memory Management,मेमोरी मैनेजमेंट,Medium,1,0.25
An exam asks which concept would be selected when the requirement is: A page replacement algorithm that removes the page that has not been used for the longest period of time.. Which concept fits best?,एक परीक्षा में आवश्यकता दी गई है: एक पेज रिप्लेसमेंट एल्गोरिथ्म जो उस पेज को हटाता है जिसे सबसे लंबे समय से उपयोग नहीं किया गया है.। इसके लिए सबसे उपयुक्त concept कौन-सा है?,A page replacement algorithm that removes the page that has not been used for the longest period of time.,A page replacement algorithm that removes the page that has not been used for the longest period of time.,A theoretical page replacement algorithm that replaces the page which will not be used for the longest time in the future.,A theoretical page replacement algorithm that replaces the page which will not be used for the longest time in the future.,A page replacement algorithm that removes the page with the smallest count of usage/references.,A page replacement algorithm that removes the page with the smallest count of usage/references.,"A page replacement algorithm that removes the oldest page loaded into memory first, regardless of usage.","A page replacement algorithm that removes the oldest page loaded into memory first, regardless of usage.",A,LRU (Least Recently Used): A page replacement algorithm that removes the page that has not been used for the longest period of time.,LRU (सबसे कम हाल में उपयोग किया गया): एक पेज रिप्लेसमेंट एल्गोरिथ्म जो उस पेज को हटाता है जिसे सबसे लंबे समय से उपयोग नहीं किया गया है.,Operating Systems & Compiler Design,ऑपरेटिंग सिस्टम एवं कंपाइलर डिज़ाइन,Memory Management,मेमोरी मैनेजमेंट,Hard,1,0.25
A system designer needs the property described as: A page replacement algorithm that removes the page that has not been used for the longest period of time.. Which concept is being used?,एक system designer को यह property चाहिए: एक पेज रिप्लेसमेंट एल्गोरिथ्म जो उस पेज को हटाता है जिसे सबसे लंबे समय से उपयोग नहीं किया गया है.। कौन-सा concept उपयोग हो रहा है?,A theoretical page replacement algorithm that replaces the page which will not be used for the longest time in the future.,A theoretical page replacement algorithm that replaces the page which will not be used for the longest time in the future.,A page replacement algorithm that removes the page with the smallest count of usage/references.,A page replacement algorithm that removes the page with the smallest count of usage/references.,"A page replacement algorithm that removes the oldest page loaded into memory first, regardless of usage.","A page replacement algorithm that removes the oldest page loaded into memory first, regardless of usage.",A page replacement algorithm that removes the page that has not been used for the longest period of time.,A page replacement algorithm that removes the page that has not been used for the longest period of time.,D,LRU (Least Recently Used): A page replacement algorithm that removes the page that has not been used for the longest period of time.,LRU (सबसे कम हाल में उपयोग किया गया): एक पेज रिप्लेसमेंट एल्गोरिथ्म जो उस पेज को हटाता है जिसे सबसे लंबे समय से उपयोग नहीं किया गया है.,Operating Systems & Compiler Design,ऑपरेटिंग सिस्टम एवं कंपाइलर डिज़ाइन,Memory Management,मेमोरी मैनेजमेंट,Hard,1,0.25
Which concept should an engineer identify from this technical description: A page replacement algorithm that removes the page that has not been used for the longest period of time.?,इस technical description से engineer को कौन-सा concept पहचानना चाहिए: एक पेज रिप्लेसमेंट एल्गोरिथ्म जो उस पेज को हटाता है जिसे सबसे लंबे समय से उपयोग नहीं किया गया है.?,A page replacement algorithm that removes the page with the smallest count of usage/references.,A page replacement algorithm that removes the page with the smallest count of usage/references.,"A page replacement algorithm that removes the oldest page loaded into memory first, regardless of usage.","A page replacement algorithm that removes the oldest page loaded into memory first, regardless of usage.",A page replacement algorithm that removes the page that has not been used for the longest period of time.,A page replacement algorithm that removes the page that has not been used for the longest period of time.,A theoretical page replacement algorithm that replaces the page which will not be used for the longest time in the future.,A theoretical page replacement algorithm that replaces the page which will not be used for the longest time in the future.,C,LRU (Least Recently Used): A page replacement algorithm that removes the page that has not been used for the longest period of time.,LRU (सबसे कम हाल में उपयोग किया गया): एक पेज रिप्लेसमेंट एल्गोरिथ्म जो उस पेज को हटाता है जिसे सबसे लंबे समय से उपयोग नहीं किया गया है.,Operating Systems & Compiler Design,ऑपरेटिंग सिस्टम एवं कंपाइलर डिज़ाइन,Memory Management,मेमोरी मैनेजमेंट,Medium,1,0.25
In a scenario where the following behavior is required — A page replacement algorithm that removes the page that has not been used for the longest period of time. — which concept is appropriate?,जिस scenario में यह behavior चाहिए — एक पेज रिप्लेसमेंट एल्गोरिथ्म जो उस पेज को हटाता है जिसे सबसे लंबे समय से उपयोग नहीं किया गया है. — वहाँ कौन-सा concept उपयुक्त है?,"A page replacement algorithm that removes the oldest page loaded into memory first, regardless of usage.","A page replacement algorithm that removes the oldest page loaded into memory first, regardless of usage.",A page replacement algorithm that removes the page that has not been used for the longest period of time.,A page replacement algorithm that removes the page that has not been used for the longest period of time.,A theoretical page replacement algorithm that replaces the page which will not be used for the longest time in the future.,A theoretical page replacement algorithm that replaces the page which will not be used for the longest time in the future.,A page replacement algorithm that removes the page with the smallest count of usage/references.,A page replacement algorithm that removes the page with the smallest count of usage/references.,B,LRU (Least Recently Used): A page replacement algorithm that removes the page that has not been used for the longest period of time.,LRU (सबसे कम हाल में उपयोग किया गया): एक पेज रिप्लेसमेंट एल्गोरिथ्म जो उस पेज को हटाता है जिसे सबसे लंबे समय से उपयोग नहीं किया गया है.,Operating Systems & Compiler Design,ऑपरेटिंग सिस्टम एवं कंपाइलर डिज़ाइन,Memory Management,मेमोरी मैनेजमेंट,Hard,1,0.25
An exam asks which concept would be selected when the requirement is: A theoretical page replacement algorithm that replaces the page which will not be used for the longest time in the future.. Which concept fits best?,एक परीक्षा में आवश्यकता दी गई है: एक सैद्धांतिक पेज रिप्लेसमेंट एल्गोरिथ्म जो उस पेज को बदलता है जिसे भविष्य में सबसे लंबे समय तक उपयोग नहीं किया जाएगा.। इसके लिए सबसे उपयुक्त concept कौन-सा है?,A theoretical page replacement algorithm that replaces the page which will not be used for the longest time in the future.,A theoretical page replacement algorithm that replaces the page which will not be used for the longest time in the future.,A page replacement algorithm that removes the page with the smallest count of usage/references.,A page replacement algorithm that removes the page with the smallest count of usage/references.,"A page replacement algorithm that removes the oldest page loaded into memory first, regardless of usage.","A page replacement algorithm that removes the oldest page loaded into memory first, regardless of usage.",A page replacement algorithm that removes the page that has not been used for the longest period of time.,A page replacement algorithm that removes the page that has not been used for the longest period of time.,A,Optimal Page Replacement: A theoretical page replacement algorithm that replaces the page which will not be used for the longest time in the future.,ऑप्टिमल पेज रिप्लेसमेंट: एक सैद्धांतिक पेज रिप्लेसमेंट एल्गोरिथ्म जो उस पेज को बदलता है जिसे भविष्य में सबसे लंबे समय तक उपयोग नहीं किया जाएगा.,Operating Systems & Compiler Design,ऑपरेटिंग सिस्टम एवं कंपाइलर डिज़ाइन,Memory Management,मेमोरी मैनेजमेंट,Hard,1,0.25
A system designer needs the property described as: A theoretical page replacement algorithm that replaces the page which will not be used for the longest time in the future.. Which concept is being used?,एक system designer को यह property चाहिए: एक सैद्धांतिक पेज रिप्लेसमेंट एल्गोरिथ्म जो उस पेज को बदलता है जिसे भविष्य में सबसे लंबे समय तक उपयोग नहीं किया जाएगा.। कौन-सा concept उपयोग हो रहा है?,A page replacement algorithm that removes the page with the smallest count of usage/references.,A page replacement algorithm that removes the page with the smallest count of usage/references.,"A page replacement algorithm that removes the oldest page loaded into memory first, regardless of usage.","A page replacement algorithm that removes the oldest page loaded into memory first, regardless of usage.",A page replacement algorithm that removes the page that has not been used for the longest period of time.,A page replacement algorithm that removes the page that has not been used for the longest period of time.,A theoretical page replacement algorithm that replaces the page which will not be used for the longest time in the future.,A theoretical page replacement algorithm that replaces the page which will not be used for the longest time in the future.,D,Optimal Page Replacement: A theoretical page replacement algorithm that replaces the page which will not be used for the longest time in the future.,ऑप्टिमल पेज रिप्लेसमेंट: एक सैद्धांतिक पेज रिप्लेसमेंट एल्गोरिथ्म जो उस पेज को बदलता है जिसे भविष्य में सबसे लंबे समय तक उपयोग नहीं किया जाएगा.,Operating Systems & Compiler Design,ऑपरेटिंग सिस्टम एवं कंपाइलर डिज़ाइन,Memory Management,मेमोरी मैनेजमेंट,Medium,1,0.25
Which concept should an engineer identify from this technical description: A theoretical page replacement algorithm that replaces the page which will not be used for the longest time in the future.?,इस technical description से engineer को कौन-सा concept पहचानना चाहिए: एक सैद्धांतिक पेज रिप्लेसमेंट एल्गोरिथ्म जो उस पेज को बदलता है जिसे भविष्य में सबसे लंबे समय तक उपयोग नहीं किया जाएगा.?,"A page replacement algorithm that removes the oldest page loaded into memory first, regardless of usage.","A page replacement algorithm that removes the oldest page loaded into memory first, regardless of usage.",A page replacement algorithm that removes the page that has not been used for the longest period of time.,A page replacement algorithm that removes the page that has not been used for the longest period of time.,A theoretical page replacement algorithm that replaces the page which will not be used for the longest time in the future.,A theoretical page replacement algorithm that replaces the page which will not be used for the longest time in the future.,A page replacement algorithm that removes the page with the smallest count of usage/references.,A page replacement algorithm that removes the page with the smallest count of usage/references.,C,Optimal Page Replacement: A theoretical page replacement algorithm that replaces the page which will not be used for the longest time in the future.,ऑप्टिमल पेज रिप्लेसमेंट: एक सैद्धांतिक पेज रिप्लेसमेंट एल्गोरिथ्म जो उस पेज को बदलता है जिसे भविष्य में सबसे लंबे समय तक उपयोग नहीं किया जाएगा.,Operating Systems & Compiler Design,ऑपरेटिंग सिस्टम एवं कंपाइलर डिज़ाइन,Memory Management,मेमोरी मैनेजमेंट,Hard,1,0.25
In a scenario where the following behavior is required — A theoretical page replacement algorithm that replaces the page which will not be used for the longest time in the future. — which concept is appropriate?,जिस scenario में यह behavior चाहिए — एक सैद्धांतिक पेज रिप्लेसमेंट एल्गोरिथ्म जो उस पेज को बदलता है जिसे भविष्य में सबसे लंबे समय तक उपयोग नहीं किया जाएगा. — वहाँ कौन-सा concept उपयुक्त है?,A page replacement algorithm that removes the page that has not been used for the longest period of time.,A page replacement algorithm that removes the page that has not been used for the longest period of time.,A theoretical page replacement algorithm that replaces the page which will not be used for the longest time in the future.,A theoretical page replacement algorithm that replaces the page which will not be used for the longest time in the future.,A page replacement algorithm that removes the page with the smallest count of usage/references.,A page replacement algorithm that removes the page with the smallest count of usage/references.,"A page replacement algorithm that removes the oldest page loaded into memory first, regardless of usage.","A page replacement algorithm that removes the oldest page loaded into memory first, regardless of usage.",B,Optimal Page Replacement: A theoretical page replacement algorithm that replaces the page which will not be used for the longest time in the future.,ऑप्टिमल पेज रिप्लेसमेंट: एक सैद्धांतिक पेज रिप्लेसमेंट एल्गोरिथ्म जो उस पेज को बदलता है जिसे भविष्य में सबसे लंबे समय तक उपयोग नहीं किया जाएगा.,Operating Systems & Compiler Design,ऑपरेटिंग सिस्टम एवं कंपाइलर डिज़ाइन,Memory Management,मेमोरी मैनेजमेंट,Hard,1,0.25
An exam asks which concept would be selected when the requirement is: A page replacement algorithm that removes the page with the smallest count of usage/references.. Which concept fits best?,एक परीक्षा में आवश्यकता दी गई है: एक पेज रिप्लेसमेंट एल्गोरिथ्म जो सबसे कम उपयोग/संदर्भ संख्या वाले पेज को हटाता है.। इसके लिए सबसे उपयुक्त concept कौन-सा है?,A page replacement algorithm that removes the page with the smallest count of usage/references.,A page replacement algorithm that removes the page with the smallest count of usage/references.,"A page replacement algorithm that removes the oldest page loaded into memory first, regardless of usage.","A page replacement algorithm that removes the oldest page loaded into memory first, regardless of usage.",A page replacement algorithm that removes the page that has not been used for the longest period of time.,A page replacement algorithm that removes the page that has not been used for the longest period of time.,A theoretical page replacement algorithm that replaces the page which will not be used for the longest time in the future.,A theoretical page replacement algorithm that replaces the page which will not be used for the longest time in the future.,A,LFU (Least Frequently Used): A page replacement algorithm that removes the page with the smallest count of usage/references.,LFU (सबसे कम बार उपयोग किया गया): एक पेज रिप्लेसमेंट एल्गोरिथ्म जो सबसे कम उपयोग/संदर्भ संख्या वाले पेज को हटाता है.,Operating Systems & Compiler Design,ऑपरेटिंग सिस्टम एवं कंपाइलर डिज़ाइन,Memory Management,मेमोरी मैनेजमेंट,Medium,1,0.25
A system designer needs the property described as: A page replacement algorithm that removes the page with the smallest count of usage/references.. Which concept is being used?,एक system designer को यह property चाहिए: एक पेज रिप्लेसमेंट एल्गोरिथ्म जो सबसे कम उपयोग/संदर्भ संख्या वाले पेज को हटाता है.। कौन-सा concept उपयोग हो रहा है?,"A page replacement algorithm that removes the oldest page loaded into memory first, regardless of usage.","A page replacement algorithm that removes the oldest page loaded into memory first, regardless of usage.",A page replacement algorithm that removes the page that has not been used for the longest period of time.,A page replacement algorithm that removes the page that has not been used for the longest period of time.,A theoretical page replacement algorithm that replaces the page which will not be used for the longest time in the future.,A theoretical page replacement algorithm that replaces the page which will not be used for the longest time in the future.,A page replacement algorithm that removes the page with the smallest count of usage/references.,A page replacement algorithm that removes the page with the smallest count of usage/references.,D,LFU (Least Frequently Used): A page replacement algorithm that removes the page with the smallest count of usage/references.,LFU (सबसे कम बार उपयोग किया गया): एक पेज रिप्लेसमेंट एल्गोरिथ्म जो सबसे कम उपयोग/संदर्भ संख्या वाले पेज को हटाता है.,Operating Systems & Compiler Design,ऑपरेटिंग सिस्टम एवं कंपाइलर डिज़ाइन,Memory Management,मेमोरी मैनेजमेंट,Hard,1,0.25
Which concept should an engineer identify from this technical description: A page replacement algorithm that removes the page with the smallest count of usage/references.?,इस technical description से engineer को कौन-सा concept पहचानना चाहिए: एक पेज रिप्लेसमेंट एल्गोरिथ्म जो सबसे कम उपयोग/संदर्भ संख्या वाले पेज को हटाता है.?,A page replacement algorithm that removes the page that has not been used for the longest period of time.,A page replacement algorithm that removes the page that has not been used for the longest period of time.,A theoretical page replacement algorithm that replaces the page which will not be used for the longest time in the future.,A theoretical page replacement algorithm that replaces the page which will not be used for the longest time in the future.,A page replacement algorithm that removes the page with the smallest count of usage/references.,A page replacement algorithm that removes the page with the smallest count of usage/references.,"A page replacement algorithm that removes the oldest page loaded into memory first, regardless of usage.","A page replacement algorithm that removes the oldest page loaded into memory first, regardless of usage.",C,LFU (Least Frequently Used): A page replacement algorithm that removes the page with the smallest count of usage/references.,LFU (सबसे कम बार उपयोग किया गया): एक पेज रिप्लेसमेंट एल्गोरिथ्म जो सबसे कम उपयोग/संदर्भ संख्या वाले पेज को हटाता है.,Operating Systems & Compiler Design,ऑपरेटिंग सिस्टम एवं कंपाइलर डिज़ाइन,Memory Management,मेमोरी मैनेजमेंट,Hard,1,0.25
In a scenario where the following behavior is required — A page replacement algorithm that removes the page with the smallest count of usage/references. — which concept is appropriate?,जिस scenario में यह behavior चाहिए — एक पेज रिप्लेसमेंट एल्गोरिथ्म जो सबसे कम उपयोग/संदर्भ संख्या वाले पेज को हटाता है. — वहाँ कौन-सा concept उपयुक्त है?,A theoretical page replacement algorithm that replaces the page which will not be used for the longest time in the future.,A theoretical page replacement algorithm that replaces the page which will not be used for the longest time in the future.,A page replacement algorithm that removes the page with the smallest count of usage/references.,A page replacement algorithm that removes the page with the smallest count of usage/references.,"A page replacement algorithm that removes the oldest page loaded into memory first, regardless of usage.","A page replacement algorithm that removes the oldest page loaded into memory first, regardless of usage.",A page replacement algorithm that removes the page that has not been used for the longest period of time.,A page replacement algorithm that removes the page that has not been used for the longest period of time.,B,LFU (Least Frequently Used): A page replacement algorithm that removes the page with the smallest count of usage/references.,LFU (सबसे कम बार उपयोग किया गया): एक पेज रिप्लेसमेंट एल्गोरिथ्म जो सबसे कम उपयोग/संदर्भ संख्या वाले पेज को हटाता है.,Operating Systems & Compiler Design,ऑपरेटिंग सिस्टम एवं कंपाइलर डिज़ाइन,Memory Management,मेमोरी मैनेजमेंट,Medium,1,0.25
An exam asks which concept would be selected when the requirement is: A deadlock condition where at least one resource must be held in a non-shareable mode by a process at a time.. Which concept fits best?,एक परीक्षा में आवश्यकता दी गई है: एक डेडलॉक शर्त जिसमें कम से कम एक संसाधन को एक समय में एक प्रोसेस द्वारा गैर-साझा मोड में रखा जाना चाहिए.। इसके लिए सबसे उपयुक्त concept कौन-सा है?,A deadlock condition where at least one resource must be held in a non-shareable mode by a process at a time.,A deadlock condition where at least one resource must be held in a non-shareable mode by a process at a time.,A deadlock condition where a process holding at least one resource is waiting to acquire additional resources held by others.,A deadlock condition where a process holding at least one resource is waiting to acquire additional resources held by others.,"A deadlock condition where a resource can only be released voluntarily by the process holding it, not forcibly taken away.","A deadlock condition where a resource can only be released voluntarily by the process holding it, not forcibly taken away.",A deadlock condition where a set of processes are waiting for each other's resources in a circular chain.,A deadlock condition where a set of processes are waiting for each other's resources in a circular chain.,A,Mutual Exclusion: A deadlock condition where at least one resource must be held in a non-shareable mode by a process at a time.,पारस्परिक बहिष्करण (Mutual Exclusion): एक डेडलॉक शर्त जिसमें कम से कम एक संसाधन को एक समय में एक प्रोसेस द्वारा गैर-साझा मोड में रखा जाना चाहिए.,Operating Systems & Compiler Design,ऑपरेटिंग सिस्टम एवं कंपाइलर डिज़ाइन,Deadlocks,डेडलॉक्स,Medium,1,0.25
A system designer needs the property described as: A deadlock condition where at least one resource must be held in a non-shareable mode by a process at a time.. Which concept is being used?,एक system designer को यह property चाहिए: एक डेडलॉक शर्त जिसमें कम से कम एक संसाधन को एक समय में एक प्रोसेस द्वारा गैर-साझा मोड में रखा जाना चाहिए.। कौन-सा concept उपयोग हो रहा है?,A deadlock condition where a process holding at least one resource is waiting to acquire additional resources held by others.,A deadlock condition where a process holding at least one resource is waiting to acquire additional resources held by others.,"A deadlock condition where a resource can only be released voluntarily by the process holding it, not forcibly taken away.","A deadlock condition where a resource can only be released voluntarily by the process holding it, not forcibly taken away.",A deadlock condition where a set of processes are waiting for each other's resources in a circular chain.,A deadlock condition where a set of processes are waiting for each other's resources in a circular chain.,A deadlock condition where at least one resource must be held in a non-shareable mode by a process at a time.,A deadlock condition where at least one resource must be held in a non-shareable mode by a process at a time.,D,Mutual Exclusion: A deadlock condition where at least one resource must be held in a non-shareable mode by a process at a time.,पारस्परिक बहिष्करण (Mutual Exclusion): एक डेडलॉक शर्त जिसमें कम से कम एक संसाधन को एक समय में एक प्रोसेस द्वारा गैर-साझा मोड में रखा जाना चाहिए.,Operating Systems & Compiler Design,ऑपरेटिंग सिस्टम एवं कंपाइलर डिज़ाइन,Deadlocks,डेडलॉक्स,Hard,1,0.25
Which concept should an engineer identify from this technical description: A deadlock condition where at least one resource must be held in a non-shareable mode by a process at a time.?,इस technical description से engineer को कौन-सा concept पहचानना चाहिए: एक डेडलॉक शर्त जिसमें कम से कम एक संसाधन को एक समय में एक प्रोसेस द्वारा गैर-साझा मोड में रखा जाना चाहिए.?,"A deadlock condition where a resource can only be released voluntarily by the process holding it, not forcibly taken away.","A deadlock condition where a resource can only be released voluntarily by the process holding it, not forcibly taken away.",A deadlock condition where a set of processes are waiting for each other's resources in a circular chain.,A deadlock condition where a set of processes are waiting for each other's resources in a circular chain.,A deadlock condition where at least one resource must be held in a non-shareable mode by a process at a time.,A deadlock condition where at least one resource must be held in a non-shareable mode by a process at a time.,A deadlock condition where a process holding at least one resource is waiting to acquire additional resources held by others.,A deadlock condition where a process holding at least one resource is waiting to acquire additional resources held by others.,C,Mutual Exclusion: A deadlock condition where at least one resource must be held in a non-shareable mode by a process at a time.,पारस्परिक बहिष्करण (Mutual Exclusion): एक डेडलॉक शर्त जिसमें कम से कम एक संसाधन को एक समय में एक प्रोसेस द्वारा गैर-साझा मोड में रखा जाना चाहिए.,Operating Systems & Compiler Design,ऑपरेटिंग सिस्टम एवं कंपाइलर डिज़ाइन,Deadlocks,डेडलॉक्स,Hard,1,0.25
In a scenario where the following behavior is required — A deadlock condition where at least one resource must be held in a non-shareable mode by a process at a time. — which concept is appropriate?,जिस scenario में यह behavior चाहिए — एक डेडलॉक शर्त जिसमें कम से कम एक संसाधन को एक समय में एक प्रोसेस द्वारा गैर-साझा मोड में रखा जाना चाहिए. — वहाँ कौन-सा concept उपयुक्त है?,A deadlock condition where a set of processes are waiting for each other's resources in a circular chain.,A deadlock condition where a set of processes are waiting for each other's resources in a circular chain.,A deadlock condition where at least one resource must be held in a non-shareable mode by a process at a time.,A deadlock condition where at least one resource must be held in a non-shareable mode by a process at a time.,A deadlock condition where a process holding at least one resource is waiting to acquire additional resources held by others.,A deadlock condition where a process holding at least one resource is waiting to acquire additional resources held by others.,"A deadlock condition where a resource can only be released voluntarily by the process holding it, not forcibly taken away.","A deadlock condition where a resource can only be released voluntarily by the process holding it, not forcibly taken away.",B,Mutual Exclusion: A deadlock condition where at least one resource must be held in a non-shareable mode by a process at a time.,पारस्परिक बहिष्करण (Mutual Exclusion): एक डेडलॉक शर्त जिसमें कम से कम एक संसाधन को एक समय में एक प्रोसेस द्वारा गैर-साझा मोड में रखा जाना चाहिए.,Operating Systems & Compiler Design,ऑपरेटिंग सिस्टम एवं कंपाइलर डिज़ाइन,Deadlocks,डेडलॉक्स,Medium,1,0.25
An exam asks which concept would be selected when the requirement is: A deadlock condition where a process holding at least one resource is waiting to acquire additional resources held by others.. Which concept fits best?,एक परीक्षा में आवश्यकता दी गई है: एक डेडलॉक शर्त जिसमें कम से कम एक संसाधन रखने वाली प्रोसेस अन्य द्वारा रखे गए अतिरिक्त संसाधनों को प्राप्त करने की प्रतीक्षा कर रही है.। इसके लिए सबसे उपयुक्त concept कौन-सा है?,A deadlock condition where a process holding at least one resource is waiting to acquire additional resources held by others.,A deadlock condition where a process holding at least one resource is waiting to acquire additional resources held by others.,"A deadlock condition where a resource can only be released voluntarily by the process holding it, not forcibly taken away.","A deadlock condition where a resource can only be released voluntarily by the process holding it, not forcibly taken away.",A deadlock condition where a set of processes are waiting for each other's resources in a circular chain.,A deadlock condition where a set of processes are waiting for each other's resources in a circular chain.,A deadlock condition where at least one resource must be held in a non-shareable mode by a process at a time.,A deadlock condition where at least one resource must be held in a non-shareable mode by a process at a time.,A,Hold and Wait: A deadlock condition where a process holding at least one resource is waiting to acquire additional resources held by others.,होल्ड एंड वेट (Hold and Wait): एक डेडलॉक शर्त जिसमें कम से कम एक संसाधन रखने वाली प्रोसेस अन्य द्वारा रखे गए अतिरिक्त संसाधनों को प्राप्त करने की प्रतीक्षा कर रही है.,Operating Systems & Compiler Design,ऑपरेटिंग सिस्टम एवं कंपाइलर डिज़ाइन,Deadlocks,डेडलॉक्स,Hard,1,0.25
A system designer needs the property described as: A deadlock condition where a process holding at least one resource is waiting to acquire additional resources held by others.. Which concept is being used?,एक system designer को यह property चाहिए: एक डेडलॉक शर्त जिसमें कम से कम एक संसाधन रखने वाली प्रोसेस अन्य द्वारा रखे गए अतिरिक्त संसाधनों को प्राप्त करने की प्रतीक्षा कर रही है.। कौन-सा concept उपयोग हो रहा है?,"A deadlock condition where a resource can only be released voluntarily by the process holding it, not forcibly taken away.","A deadlock condition where a resource can only be released voluntarily by the process holding it, not forcibly taken away.",A deadlock condition where a set of processes are waiting for each other's resources in a circular chain.,A deadlock condition where a set of processes are waiting for each other's resources in a circular chain.,A deadlock condition where at least one resource must be held in a non-shareable mode by a process at a time.,A deadlock condition where at least one resource must be held in a non-shareable mode by a process at a time.,A deadlock condition where a process holding at least one resource is waiting to acquire additional resources held by others.,A deadlock condition where a process holding at least one resource is waiting to acquire additional resources held by others.,D,Hold and Wait: A deadlock condition where a process holding at least one resource is waiting to acquire additional resources held by others.,होल्ड एंड वेट (Hold and Wait): एक डेडलॉक शर्त जिसमें कम से कम एक संसाधन रखने वाली प्रोसेस अन्य द्वारा रखे गए अतिरिक्त संसाधनों को प्राप्त करने की प्रतीक्षा कर रही है.,Operating Systems & Compiler Design,ऑपरेटिंग सिस्टम एवं कंपाइलर डिज़ाइन,Deadlocks,डेडलॉक्स,Hard,1,0.25
Which concept should an engineer identify from this technical description: A deadlock condition where a process holding at least one resource is waiting to acquire additional resources held by others.?,इस technical description से engineer को कौन-सा concept पहचानना चाहिए: एक डेडलॉक शर्त जिसमें कम से कम एक संसाधन रखने वाली प्रोसेस अन्य द्वारा रखे गए अतिरिक्त संसाधनों को प्राप्त करने की प्रतीक्षा कर रही है.?,A deadlock condition where a set of processes are waiting for each other's resources in a circular chain.,A deadlock condition where a set of processes are waiting for each other's resources in a circular chain.,A deadlock condition where at least one resource must be held in a non-shareable mode by a process at a time.,A deadlock condition where at least one resource must be held in a non-shareable mode by a process at a time.,A deadlock condition where a process holding at least one resource is waiting to acquire additional resources held by others.,A deadlock condition where a process holding at least one resource is waiting to acquire additional resources held by others.,"A deadlock condition where a resource can only be released voluntarily by the process holding it, not forcibly taken away.","A deadlock condition where a resource can only be released voluntarily by the process holding it, not forcibly taken away.",C,Hold and Wait: A deadlock condition where a process holding at least one resource is waiting to acquire additional resources held by others.,होल्ड एंड वेट (Hold and Wait): एक डेडलॉक शर्त जिसमें कम से कम एक संसाधन रखने वाली प्रोसेस अन्य द्वारा रखे गए अतिरिक्त संसाधनों को प्राप्त करने की प्रतीक्षा कर रही है.,Operating Systems & Compiler Design,ऑपरेटिंग सिस्टम एवं कंपाइलर डिज़ाइन,Deadlocks,डेडलॉक्स,Medium,1,0.25
In a scenario where the following behavior is required — A deadlock condition where a process holding at least one resource is waiting to acquire additional resources held by others. — which concept is appropriate?,जिस scenario में यह behavior चाहिए — एक डेडलॉक शर्त जिसमें कम से कम एक संसाधन रखने वाली प्रोसेस अन्य द्वारा रखे गए अतिरिक्त संसाधनों को प्राप्त करने की प्रतीक्षा कर रही है. — वहाँ कौन-सा concept उपयुक्त है?,A deadlock condition where at least one resource must be held in a non-shareable mode by a process at a time.,A deadlock condition where at least one resource must be held in a non-shareable mode by a process at a time.,A deadlock condition where a process holding at least one resource is waiting to acquire additional resources held by others.,A deadlock condition where a process holding at least one resource is waiting to acquire additional resources held by others.,"A deadlock condition where a resource can only be released voluntarily by the process holding it, not forcibly taken away.","A deadlock condition where a resource can only be released voluntarily by the process holding it, not forcibly taken away.",A deadlock condition where a set of processes are waiting for each other's resources in a circular chain.,A deadlock condition where a set of processes are waiting for each other's resources in a circular chain.,B,Hold and Wait: A deadlock condition where a process holding at least one resource is waiting to acquire additional resources held by others.,होल्ड एंड वेट (Hold and Wait): एक डेडलॉक शर्त जिसमें कम से कम एक संसाधन रखने वाली प्रोसेस अन्य द्वारा रखे गए अतिरिक्त संसाधनों को प्राप्त करने की प्रतीक्षा कर रही है.,Operating Systems & Compiler Design,ऑपरेटिंग सिस्टम एवं कंपाइलर डिज़ाइन,Deadlocks,डेडलॉक्स,Hard,1,0.25
"An exam asks which concept would be selected when the requirement is: A deadlock condition where a resource can only be released voluntarily by the process holding it, not forcibly taken away.. Which concept fits best?","एक परीक्षा में आवश्यकता दी गई है: एक डेडलॉक शर्त जिसमें किसी संसाधन को केवल उसे रखने वाली प्रोसेस द्वारा स्वेच्छा से जारी किया जा सकता है, जबरन नहीं छीना जा सकता.। इसके लिए सबसे उपयुक्त concept कौन-सा है?","A deadlock condition where a resource can only be released voluntarily by the process holding it, not forcibly taken away.","A deadlock condition where a resource can only be released voluntarily by the process holding it, not forcibly taken away.",A deadlock condition where a set of processes are waiting for each other's resources in a circular chain.,A deadlock condition where a set of processes are waiting for each other's resources in a circular chain.,A deadlock condition where at least one resource must be held in a non-shareable mode by a process at a time.,A deadlock condition where at least one resource must be held in a non-shareable mode by a process at a time.,A deadlock condition where a process holding at least one resource is waiting to acquire additional resources held by others.,A deadlock condition where a process holding at least one resource is waiting to acquire additional resources held by others.,A,"No Preemption: A deadlock condition where a resource can only be released voluntarily by the process holding it, not forcibly taken away.","नो प्रीएम्पशन (No Preemption): एक डेडलॉक शर्त जिसमें किसी संसाधन को केवल उसे रखने वाली प्रोसेस द्वारा स्वेच्छा से जारी किया जा सकता है, जबरन नहीं छीना जा सकता.",Operating Systems & Compiler Design,ऑपरेटिंग सिस्टम एवं कंपाइलर डिज़ाइन,Deadlocks,डेडलॉक्स,Hard,1,0.25
"A system designer needs the property described as: A deadlock condition where a resource can only be released voluntarily by the process holding it, not forcibly taken away.. Which concept is being used?","एक system designer को यह property चाहिए: एक डेडलॉक शर्त जिसमें किसी संसाधन को केवल उसे रखने वाली प्रोसेस द्वारा स्वेच्छा से जारी किया जा सकता है, जबरन नहीं छीना जा सकता.। कौन-सा concept उपयोग हो रहा है?",A deadlock condition where a set of processes are waiting for each other's resources in a circular chain.,A deadlock condition where a set of processes are waiting for each other's resources in a circular chain.,A deadlock condition where at least one resource must be held in a non-shareable mode by a process at a time.,A deadlock condition where at least one resource must be held in a non-shareable mode by a process at a time.,A deadlock condition where a process holding at least one resource is waiting to acquire additional resources held by others.,A deadlock condition where a process holding at least one resource is waiting to acquire additional resources held by others.,"A deadlock condition where a resource can only be released voluntarily by the process holding it, not forcibly taken away.","A deadlock condition where a resource can only be released voluntarily by the process holding it, not forcibly taken away.",D,"No Preemption: A deadlock condition where a resource can only be released voluntarily by the process holding it, not forcibly taken away.","नो प्रीएम्पशन (No Preemption): एक डेडलॉक शर्त जिसमें किसी संसाधन को केवल उसे रखने वाली प्रोसेस द्वारा स्वेच्छा से जारी किया जा सकता है, जबरन नहीं छीना जा सकता.",Operating Systems & Compiler Design,ऑपरेटिंग सिस्टम एवं कंपाइलर डिज़ाइन,Deadlocks,डेडलॉक्स,Medium,1,0.25
"Which concept should an engineer identify from this technical description: A deadlock condition where a resource can only be released voluntarily by the process holding it, not forcibly taken away.?","इस technical description से engineer को कौन-सा concept पहचानना चाहिए: एक डेडलॉक शर्त जिसमें किसी संसाधन को केवल उसे रखने वाली प्रोसेस द्वारा स्वेच्छा से जारी किया जा सकता है, जबरन नहीं छीना जा सकता.?",A deadlock condition where at least one resource must be held in a non-shareable mode by a process at a time.,A deadlock condition where at least one resource must be held in a non-shareable mode by a process at a time.,A deadlock condition where a process holding at least one resource is waiting to acquire additional resources held by others.,A deadlock condition where a process holding at least one resource is waiting to acquire additional resources held by others.,"A deadlock condition where a resource can only be released voluntarily by the process holding it, not forcibly taken away.","A deadlock condition where a resource can only be released voluntarily by the process holding it, not forcibly taken away.",A deadlock condition where a set of processes are waiting for each other's resources in a circular chain.,A deadlock condition where a set of processes are waiting for each other's resources in a circular chain.,C,"No Preemption: A deadlock condition where a resource can only be released voluntarily by the process holding it, not forcibly taken away.","नो प्रीएम्पशन (No Preemption): एक डेडलॉक शर्त जिसमें किसी संसाधन को केवल उसे रखने वाली प्रोसेस द्वारा स्वेच्छा से जारी किया जा सकता है, जबरन नहीं छीना जा सकता.",Operating Systems & Compiler Design,ऑपरेटिंग सिस्टम एवं कंपाइलर डिज़ाइन,Deadlocks,डेडलॉक्स,Hard,1,0.25
"In a scenario where the following behavior is required — A deadlock condition where a resource can only be released voluntarily by the process holding it, not forcibly taken away. — which concept is appropriate?","जिस scenario में यह behavior चाहिए — एक डेडलॉक शर्त जिसमें किसी संसाधन को केवल उसे रखने वाली प्रोसेस द्वारा स्वेच्छा से जारी किया जा सकता है, जबरन नहीं छीना जा सकता. — वहाँ कौन-सा concept उपयुक्त है?",A deadlock condition where a process holding at least one resource is waiting to acquire additional resources held by others.,A deadlock condition where a process holding at least one resource is waiting to acquire additional resources held by others.,"A deadlock condition where a resource can only be released voluntarily by the process holding it, not forcibly taken away.","A deadlock condition where a resource can only be released voluntarily by the process holding it, not forcibly taken away.",A deadlock condition where a set of processes are waiting for each other's resources in a circular chain.,A deadlock condition where a set of processes are waiting for each other's resources in a circular chain.,A deadlock condition where at least one resource must be held in a non-shareable mode by a process at a time.,A deadlock condition where at least one resource must be held in a non-shareable mode by a process at a time.,B,"No Preemption: A deadlock condition where a resource can only be released voluntarily by the process holding it, not forcibly taken away.","नो प्रीएम्पशन (No Preemption): एक डेडलॉक शर्त जिसमें किसी संसाधन को केवल उसे रखने वाली प्रोसेस द्वारा स्वेच्छा से जारी किया जा सकता है, जबरन नहीं छीना जा सकता.",Operating Systems & Compiler Design,ऑपरेटिंग सिस्टम एवं कंपाइलर डिज़ाइन,Deadlocks,डेडलॉक्स,Hard,1,0.25
An exam asks which concept would be selected when the requirement is: A deadlock condition where a set of processes are waiting for each other's resources in a circular chain.. Which concept fits best?,एक परीक्षा में आवश्यकता दी गई है: एक डेडलॉक शर्त जिसमें प्रोसेस का एक समूह एक चक्रीय श्रृंखला में एक-दूसरे के संसाधनों की प्रतीक्षा कर रहा हो.। इसके लिए सबसे उपयुक्त concept कौन-सा है?,A deadlock condition where a set of processes are waiting for each other's resources in a circular chain.,A deadlock condition where a set of processes are waiting for each other's resources in a circular chain.,A deadlock condition where at least one resource must be held in a non-shareable mode by a process at a time.,A deadlock condition where at least one resource must be held in a non-shareable mode by a process at a time.,A deadlock condition where a process holding at least one resource is waiting to acquire additional resources held by others.,A deadlock condition where a process holding at least one resource is waiting to acquire additional resources held by others.,"A deadlock condition where a resource can only be released voluntarily by the process holding it, not forcibly taken away.","A deadlock condition where a resource can only be released voluntarily by the process holding it, not forcibly taken away.",A,Circular Wait: A deadlock condition where a set of processes are waiting for each other's resources in a circular chain.,सर्कुलर वेट (Circular Wait): एक डेडलॉक शर्त जिसमें प्रोसेस का एक समूह एक चक्रीय श्रृंखला में एक-दूसरे के संसाधनों की प्रतीक्षा कर रहा हो.,Operating Systems & Compiler Design,ऑपरेटिंग सिस्टम एवं कंपाइलर डिज़ाइन,Deadlocks,डेडलॉक्स,Medium,1,0.25
A system designer needs the property described as: A deadlock condition where a set of processes are waiting for each other's resources in a circular chain.. Which concept is being used?,एक system designer को यह property चाहिए: एक डेडलॉक शर्त जिसमें प्रोसेस का एक समूह एक चक्रीय श्रृंखला में एक-दूसरे के संसाधनों की प्रतीक्षा कर रहा हो.। कौन-सा concept उपयोग हो रहा है?,A deadlock condition where at least one resource must be held in a non-shareable mode by a process at a time.,A deadlock condition where at least one resource must be held in a non-shareable mode by a process at a time.,A deadlock condition where a process holding at least one resource is waiting to acquire additional resources held by others.,A deadlock condition where a process holding at least one resource is waiting to acquire additional resources held by others.,"A deadlock condition where a resource can only be released voluntarily by the process holding it, not forcibly taken away.","A deadlock condition where a resource can only be released voluntarily by the process holding it, not forcibly taken away.",A deadlock condition where a set of processes are waiting for each other's resources in a circular chain.,A deadlock condition where a set of processes are waiting for each other's resources in a circular chain.,D,Circular Wait: A deadlock condition where a set of processes are waiting for each other's resources in a circular chain.,सर्कुलर वेट (Circular Wait): एक डेडलॉक शर्त जिसमें प्रोसेस का एक समूह एक चक्रीय श्रृंखला में एक-दूसरे के संसाधनों की प्रतीक्षा कर रहा हो.,Operating Systems & Compiler Design,ऑपरेटिंग सिस्टम एवं कंपाइलर डिज़ाइन,Deadlocks,डेडलॉक्स,Hard,1,0.25
Which concept should an engineer identify from this technical description: A deadlock condition where a set of processes are waiting for each other's resources in a circular chain.?,इस technical description से engineer को कौन-सा concept पहचानना चाहिए: एक डेडलॉक शर्त जिसमें प्रोसेस का एक समूह एक चक्रीय श्रृंखला में एक-दूसरे के संसाधनों की प्रतीक्षा कर रहा हो.?,A deadlock condition where a process holding at least one resource is waiting to acquire additional resources held by others.,A deadlock condition where a process holding at least one resource is waiting to acquire additional resources held by others.,"A deadlock condition where a resource can only be released voluntarily by the process holding it, not forcibly taken away.","A deadlock condition where a resource can only be released voluntarily by the process holding it, not forcibly taken away.",A deadlock condition where a set of processes are waiting for each other's resources in a circular chain.,A deadlock condition where a set of processes are waiting for each other's resources in a circular chain.,A deadlock condition where at least one resource must be held in a non-shareable mode by a process at a time.,A deadlock condition where at least one resource must be held in a non-shareable mode by a process at a time.,C,Circular Wait: A deadlock condition where a set of processes are waiting for each other's resources in a circular chain.,सर्कुलर वेट (Circular Wait): एक डेडलॉक शर्त जिसमें प्रोसेस का एक समूह एक चक्रीय श्रृंखला में एक-दूसरे के संसाधनों की प्रतीक्षा कर रहा हो.,Operating Systems & Compiler Design,ऑपरेटिंग सिस्टम एवं कंपाइलर डिज़ाइन,Deadlocks,डेडलॉक्स,Hard,1,0.25
In a scenario where the following behavior is required — A deadlock condition where a set of processes are waiting for each other's resources in a circular chain. — which concept is appropriate?,जिस scenario में यह behavior चाहिए — एक डेडलॉक शर्त जिसमें प्रोसेस का एक समूह एक चक्रीय श्रृंखला में एक-दूसरे के संसाधनों की प्रतीक्षा कर रहा हो. — वहाँ कौन-सा concept उपयुक्त है?,"A deadlock condition where a resource can only be released voluntarily by the process holding it, not forcibly taken away.","A deadlock condition where a resource can only be released voluntarily by the process holding it, not forcibly taken away.",A deadlock condition where a set of processes are waiting for each other's resources in a circular chain.,A deadlock condition where a set of processes are waiting for each other's resources in a circular chain.,A deadlock condition where at least one resource must be held in a non-shareable mode by a process at a time.,A deadlock condition where at least one resource must be held in a non-shareable mode by a process at a time.,A deadlock condition where a process holding at least one resource is waiting to acquire additional resources held by others.,A deadlock condition where a process holding at least one resource is waiting to acquire additional resources held by others.,B,Circular Wait: A deadlock condition where a set of processes are waiting for each other's resources in a circular chain.,सर्कुलर वेट (Circular Wait): एक डेडलॉक शर्त जिसमें प्रोसेस का एक समूह एक चक्रीय श्रृंखला में एक-दूसरे के संसाधनों की प्रतीक्षा कर रहा हो.,Operating Systems & Compiler Design,ऑपरेटिंग सिस्टम एवं कंपाइलर डिज़ाइन,Deadlocks,डेडलॉक्स,Medium,1,0.25
An exam asks which concept would be selected when the requirement is: The state where a process is being created but has not yet been admitted to the ready queue.. Which concept fits best?,एक परीक्षा में आवश्यकता दी गई है: वह स्थिति जिसमें एक प्रोसेस बनाई जा रही है लेकिन अभी तक रेडी क्यू में स्वीकार नहीं की गई है.। इसके लिए सबसे उपयुक्त concept कौन-सा है?,The state where a process is being created but has not yet been admitted to the ready queue.,The state where a process is being created but has not yet been admitted to the ready queue.,The state where a process is waiting to be assigned to the CPU by the scheduler.,The state where a process is waiting to be assigned to the CPU by the scheduler.,The state where the process instructions are being executed by the CPU.,The state where the process instructions are being executed by the CPU.,"The state where a process is waiting for some event, such as I/O completion, to occur.","The state where a process is waiting for some event, such as I/O completion, to occur.",A,New State: The state where a process is being created but has not yet been admitted to the ready queue.,न्यू स्टेट (New): वह स्थिति जिसमें एक प्रोसेस बनाई जा रही है लेकिन अभी तक रेडी क्यू में स्वीकार नहीं की गई है.,Operating Systems & Compiler Design,ऑपरेटिंग सिस्टम एवं कंपाइलर डिज़ाइन,Process Management,प्रोसेस मैनेजमेंट,Medium,1,0.25
A system designer needs the property described as: The state where a process is being created but has not yet been admitted to the ready queue.. Which concept is being used?,एक system designer को यह property चाहिए: वह स्थिति जिसमें एक प्रोसेस बनाई जा रही है लेकिन अभी तक रेडी क्यू में स्वीकार नहीं की गई है.। कौन-सा concept उपयोग हो रहा है?,The state where a process is waiting to be assigned to the CPU by the scheduler.,The state where a process is waiting to be assigned to the CPU by the scheduler.,The state where the process instructions are being executed by the CPU.,The state where the process instructions are being executed by the CPU.,"The state where a process is waiting for some event, such as I/O completion, to occur.","The state where a process is waiting for some event, such as I/O completion, to occur.",The state where a process is being created but has not yet been admitted to the ready queue.,The state where a process is being created but has not yet been admitted to the ready queue.,D,New State: The state where a process is being created but has not yet been admitted to the ready queue.,न्यू स्टेट (New): वह स्थिति जिसमें एक प्रोसेस बनाई जा रही है लेकिन अभी तक रेडी क्यू में स्वीकार नहीं की गई है.,Operating Systems & Compiler Design,ऑपरेटिंग सिस्टम एवं कंपाइलर डिज़ाइन,Process Management,प्रोसेस मैनेजमेंट,Hard,1,0.25
Which concept should an engineer identify from this technical description: The state where a process is being created but has not yet been admitted to the ready queue.?,इस technical description से engineer को कौन-सा concept पहचानना चाहिए: वह स्थिति जिसमें एक प्रोसेस बनाई जा रही है लेकिन अभी तक रेडी क्यू में स्वीकार नहीं की गई है.?,The state where the process instructions are being executed by the CPU.,The state where the process instructions are being executed by the CPU.,"The state where a process is waiting for some event, such as I/O completion, to occur.","The state where a process is waiting for some event, such as I/O completion, to occur.",The state where a process is being created but has not yet been admitted to the ready queue.,The state where a process is being created but has not yet been admitted to the ready queue.,The state where a process is waiting to be assigned to the CPU by the scheduler.,The state where a process is waiting to be assigned to the CPU by the scheduler.,C,New State: The state where a process is being created but has not yet been admitted to the ready queue.,न्यू स्टेट (New): वह स्थिति जिसमें एक प्रोसेस बनाई जा रही है लेकिन अभी तक रेडी क्यू में स्वीकार नहीं की गई है.,Operating Systems & Compiler Design,ऑपरेटिंग सिस्टम एवं कंपाइलर डिज़ाइन,Process Management,प्रोसेस मैनेजमेंट,Hard,1,0.25
In a scenario where the following behavior is required — The state where a process is being created but has not yet been admitted to the ready queue. — which concept is appropriate?,जिस scenario में यह behavior चाहिए — वह स्थिति जिसमें एक प्रोसेस बनाई जा रही है लेकिन अभी तक रेडी क्यू में स्वीकार नहीं की गई है. — वहाँ कौन-सा concept उपयुक्त है?,"The state where a process is waiting for some event, such as I/O completion, to occur.","The state where a process is waiting for some event, such as I/O completion, to occur.",The state where a process is being created but has not yet been admitted to the ready queue.,The state where a process is being created but has not yet been admitted to the ready queue.,The state where a process is waiting to be assigned to the CPU by the scheduler.,The state where a process is waiting to be assigned to the CPU by the scheduler.,The state where the process instructions are being executed by the CPU.,The state where the process instructions are being executed by the CPU.,B,New State: The state where a process is being created but has not yet been admitted to the ready queue.,न्यू स्टेट (New): वह स्थिति जिसमें एक प्रोसेस बनाई जा रही है लेकिन अभी तक रेडी क्यू में स्वीकार नहीं की गई है.,Operating Systems & Compiler Design,ऑपरेटिंग सिस्टम एवं कंपाइलर डिज़ाइन,Process Management,प्रोसेस मैनेजमेंट,Medium,1,0.25
An exam asks which concept would be selected when the requirement is: The state where a process is waiting to be assigned to the CPU by the scheduler.. Which concept fits best?,एक परीक्षा में आवश्यकता दी गई है: वह स्थिति जिसमें एक प्रोसेस शेड्यूलर द्वारा CPU को सौंपे जाने की प्रतीक्षा कर रही है.। इसके लिए सबसे उपयुक्त concept कौन-सा है?,The state where a process is waiting to be assigned to the CPU by the scheduler.,The state where a process is waiting to be assigned to the CPU by the scheduler.,The state where the process instructions are being executed by the CPU.,The state where the process instructions are being executed by the CPU.,"The state where a process is waiting for some event, such as I/O completion, to occur.","The state where a process is waiting for some event, such as I/O completion, to occur.",The state where a process has finished execution and is removed from main memory.,The state where a process has finished execution and is removed from main memory.,A,Ready State: The state where a process is waiting to be assigned to the CPU by the scheduler.,रेडी स्टेट (Ready): वह स्थिति जिसमें एक प्रोसेस शेड्यूलर द्वारा CPU को सौंपे जाने की प्रतीक्षा कर रही है.,Operating Systems & Compiler Design,ऑपरेटिंग सिस्टम एवं कंपाइलर डिज़ाइन,Process Management,प्रोसेस मैनेजमेंट,Hard,1,0.25
A system designer needs the property described as: The state where a process is waiting to be assigned to the CPU by the scheduler.. Which concept is being used?,एक system designer को यह property चाहिए: वह स्थिति जिसमें एक प्रोसेस शेड्यूलर द्वारा CPU को सौंपे जाने की प्रतीक्षा कर रही है.। कौन-सा concept उपयोग हो रहा है?,The state where the process instructions are being executed by the CPU.,The state where the process instructions are being executed by the CPU.,"The state where a process is waiting for some event, such as I/O completion, to occur.","The state where a process is waiting for some event, such as I/O completion, to occur.",The state where a process has finished execution and is removed from main memory.,The state where a process has finished execution and is removed from main memory.,The state where a process is waiting to be assigned to the CPU by the scheduler.,The state where a process is waiting to be assigned to the CPU by the scheduler.,D,Ready State: The state where a process is waiting to be assigned to the CPU by the scheduler.,रेडी स्टेट (Ready): वह स्थिति जिसमें एक प्रोसेस शेड्यूलर द्वारा CPU को सौंपे जाने की प्रतीक्षा कर रही है.,Operating Systems & Compiler Design,ऑपरेटिंग सिस्टम एवं कंपाइलर डिज़ाइन,Process Management,प्रोसेस मैनेजमेंट,Hard,1,0.25
Which concept should an engineer identify from this technical description: The state where a process is waiting to be assigned to the CPU by the scheduler.?,इस technical description से engineer को कौन-सा concept पहचानना चाहिए: वह स्थिति जिसमें एक प्रोसेस शेड्यूलर द्वारा CPU को सौंपे जाने की प्रतीक्षा कर रही है.?,"The state where a process is waiting for some event, such as I/O completion, to occur.","The state where a process is waiting for some event, such as I/O completion, to occur.",The state where a process has finished execution and is removed from main memory.,The state where a process has finished execution and is removed from main memory.,The state where a process is waiting to be assigned to the CPU by the scheduler.,The state where a process is waiting to be assigned to the CPU by the scheduler.,The state where the process instructions are being executed by the CPU.,The state where the process instructions are being executed by the CPU.,C,Ready State: The state where a process is waiting to be assigned to the CPU by the scheduler.,रेडी स्टेट (Ready): वह स्थिति जिसमें एक प्रोसेस शेड्यूलर द्वारा CPU को सौंपे जाने की प्रतीक्षा कर रही है.,Operating Systems & Compiler Design,ऑपरेटिंग सिस्टम एवं कंपाइलर डिज़ाइन,Process Management,प्रोसेस मैनेजमेंट,Medium,1,0.25
In a scenario where the following behavior is required — The state where a process is waiting to be assigned to the CPU by the scheduler. — which concept is appropriate?,जिस scenario में यह behavior चाहिए — वह स्थिति जिसमें एक प्रोसेस शेड्यूलर द्वारा CPU को सौंपे जाने की प्रतीक्षा कर रही है. — वहाँ कौन-सा concept उपयुक्त है?,The state where a process has finished execution and is removed from main memory.,The state where a process has finished execution and is removed from main memory.,The state where a process is waiting to be assigned to the CPU by the scheduler.,The state where a process is waiting to be assigned to the CPU by the scheduler.,The state where the process instructions are being executed by the CPU.,The state where the process instructions are being executed by the CPU.,"The state where a process is waiting for some event, such as I/O completion, to occur.","The state where a process is waiting for some event, such as I/O completion, to occur.",B,Ready State: The state where a process is waiting to be assigned to the CPU by the scheduler.,रेडी स्टेट (Ready): वह स्थिति जिसमें एक प्रोसेस शेड्यूलर द्वारा CPU को सौंपे जाने की प्रतीक्षा कर रही है.,Operating Systems & Compiler Design,ऑपरेटिंग सिस्टम एवं कंपाइलर डिज़ाइन,Process Management,प्रोसेस मैनेजमेंट,Hard,1,0.25
An exam asks which concept would be selected when the requirement is: The state where the process instructions are being executed by the CPU.. Which concept fits best?,एक परीक्षा में आवश्यकता दी गई है: वह स्थिति जिसमें प्रोसेस के निर्देश CPU द्वारा निष्पादित किए जा रहे हैं.। इसके लिए सबसे उपयुक्त concept कौन-सा है?,The state where the process instructions are being executed by the CPU.,The state where the process instructions are being executed by the CPU.,"The state where a process is waiting for some event, such as I/O completion, to occur.","The state where a process is waiting for some event, such as I/O completion, to occur.",The state where a process has finished execution and is removed from main memory.,The state where a process has finished execution and is removed from main memory.,The state where a process is being created but has not yet been admitted to the ready queue.,The state where a process is being created but has not yet been admitted to the ready queue.,A,Running State: The state where the process instructions are being executed by the CPU.,रनिंग स्टेट (Running): वह स्थिति जिसमें प्रोसेस के निर्देश CPU द्वारा निष्पादित किए जा रहे हैं.,Operating Systems & Compiler Design,ऑपरेटिंग सिस्टम एवं कंपाइलर डिज़ाइन,Process Management,प्रोसेस मैनेजमेंट,Hard,1,0.25
A system designer needs the property described as: The state where the process instructions are being executed by the CPU.. Which concept is being used?,एक system designer को यह property चाहिए: वह स्थिति जिसमें प्रोसेस के निर्देश CPU द्वारा निष्पादित किए जा रहे हैं.। कौन-सा concept उपयोग हो रहा है?,"The state where a process is waiting for some event, such as I/O completion, to occur.","The state where a process is waiting for some event, such as I/O completion, to occur.",The state where a process has finished execution and is removed from main memory.,The state where a process has finished execution and is removed from main memory.,The state where a process is being created but has not yet been admitted to the ready queue.,The state where a process is being created but has not yet been admitted to the ready queue.,The state where the process instructions are being executed by the CPU.,The state where the process instructions are being executed by the CPU.,D,Running State: The state where the process instructions are being executed by the CPU.,रनिंग स्टेट (Running): वह स्थिति जिसमें प्रोसेस के निर्देश CPU द्वारा निष्पादित किए जा रहे हैं.,Operating Systems & Compiler Design,ऑपरेटिंग सिस्टम एवं कंपाइलर डिज़ाइन,Process Management,प्रोसेस मैनेजमेंट,Medium,1,0.25
Which concept should an engineer identify from this technical description: The state where the process instructions are being executed by the CPU.?,इस technical description से engineer को कौन-सा concept पहचानना चाहिए: वह स्थिति जिसमें प्रोसेस के निर्देश CPU द्वारा निष्पादित किए जा रहे हैं.?,The state where a process has finished execution and is removed from main memory.,The state where a process has finished execution and is removed from main memory.,The state where a process is being created but has not yet been admitted to the ready queue.,The state where a process is being created but has not yet been admitted to the ready queue.,The state where the process instructions are being executed by the CPU.,The state where the process instructions are being executed by the CPU.,"The state where a process is waiting for some event, such as I/O completion, to occur.","The state where a process is waiting for some event, such as I/O completion, to occur.",C,Running State: The state where the process instructions are being executed by the CPU.,रनिंग स्टेट (Running): वह स्थिति जिसमें प्रोसेस के निर्देश CPU द्वारा निष्पादित किए जा रहे हैं.,Operating Systems & Compiler Design,ऑपरेटिंग सिस्टम एवं कंपाइलर डिज़ाइन,Process Management,प्रोसेस मैनेजमेंट,Hard,1,0.25
In a scenario where the following behavior is required — The state where the process instructions are being executed by the CPU. — which concept is appropriate?,जिस scenario में यह behavior चाहिए — वह स्थिति जिसमें प्रोसेस के निर्देश CPU द्वारा निष्पादित किए जा रहे हैं. — वहाँ कौन-सा concept उपयुक्त है?,The state where a process is being created but has not yet been admitted to the ready queue.,The state where a process is being created but has not yet been admitted to the ready queue.,The state where the process instructions are being executed by the CPU.,The state where the process instructions are being executed by the CPU.,"The state where a process is waiting for some event, such as I/O completion, to occur.","The state where a process is waiting for some event, such as I/O completion, to occur.",The state where a process has finished execution and is removed from main memory.,The state where a process has finished execution and is removed from main memory.,B,Running State: The state where the process instructions are being executed by the CPU.,रनिंग स्टेट (Running): वह स्थिति जिसमें प्रोसेस के निर्देश CPU द्वारा निष्पादित किए जा रहे हैं.,Operating Systems & Compiler Design,ऑपरेटिंग सिस्टम एवं कंपाइलर डिज़ाइन,Process Management,प्रोसेस मैनेजमेंट,Hard,1,0.25
"An exam asks which concept would be selected when the requirement is: The state where a process is waiting for some event, such as I/O completion, to occur.. Which concept fits best?","एक परीक्षा में आवश्यकता दी गई है: वह स्थिति जिसमें एक प्रोसेस किसी घटना, जैसे I/O पूर्णता, के होने की प्रतीक्षा कर रही है.। इसके लिए सबसे उपयुक्त concept कौन-सा है?","The state where a process is waiting for some event, such as I/O completion, to occur.","The state where a process is waiting for some event, such as I/O completion, to occur.",The state where a process has finished execution and is removed from main memory.,The state where a process has finished execution and is removed from main memory.,The state where a process is being created but has not yet been admitted to the ready queue.,The state where a process is being created but has not yet been admitted to the ready queue.,The state where a process is waiting to be assigned to the CPU by the scheduler.,The state where a process is waiting to be assigned to the CPU by the scheduler.,A,"Waiting/Blocked State: The state where a process is waiting for some event, such as I/O completion, to occur.","वेटिंग/ब्लॉक्ड स्टेट (Waiting): वह स्थिति जिसमें एक प्रोसेस किसी घटना, जैसे I/O पूर्णता, के होने की प्रतीक्षा कर रही है.",Operating Systems & Compiler Design,ऑपरेटिंग सिस्टम एवं कंपाइलर डिज़ाइन,Process Management,प्रोसेस मैनेजमेंट,Medium,1,0.25
"A system designer needs the property described as: The state where a process is waiting for some event, such as I/O completion, to occur.. Which concept is being used?","एक system designer को यह property चाहिए: वह स्थिति जिसमें एक प्रोसेस किसी घटना, जैसे I/O पूर्णता, के होने की प्रतीक्षा कर रही है.। कौन-सा concept उपयोग हो रहा है?",The state where a process has finished execution and is removed from main memory.,The state where a process has finished execution and is removed from main memory.,The state where a process is being created but has not yet been admitted to the ready queue.,The state where a process is being created but has not yet been admitted to the ready queue.,The state where a process is waiting to be assigned to the CPU by the scheduler.,The state where a process is waiting to be assigned to the CPU by the scheduler.,"The state where a process is waiting for some event, such as I/O completion, to occur.","The state where a process is waiting for some event, such as I/O completion, to occur.",D,"Waiting/Blocked State: The state where a process is waiting for some event, such as I/O completion, to occur.","वेटिंग/ब्लॉक्ड स्टेट (Waiting): वह स्थिति जिसमें एक प्रोसेस किसी घटना, जैसे I/O पूर्णता, के होने की प्रतीक्षा कर रही है.",Operating Systems & Compiler Design,ऑपरेटिंग सिस्टम एवं कंपाइलर डिज़ाइन,Process Management,प्रोसेस मैनेजमेंट,Hard,1,0.25
"Which concept should an engineer identify from this technical description: The state where a process is waiting for some event, such as I/O completion, to occur.?","इस technical description से engineer को कौन-सा concept पहचानना चाहिए: वह स्थिति जिसमें एक प्रोसेस किसी घटना, जैसे I/O पूर्णता, के होने की प्रतीक्षा कर रही है.?",The state where a process is being created but has not yet been admitted to the ready queue.,The state where a process is being created but has not yet been admitted to the ready queue.,The state where a process is waiting to be assigned to the CPU by the scheduler.,The state where a process is waiting to be assigned to the CPU by the scheduler.,"The state where a process is waiting for some event, such as I/O completion, to occur.","The state where a process is waiting for some event, such as I/O completion, to occur.",The state where a process has finished execution and is removed from main memory.,The state where a process has finished execution and is removed from main memory.,C,"Waiting/Blocked State: The state where a process is waiting for some event, such as I/O completion, to occur.","वेटिंग/ब्लॉक्ड स्टेट (Waiting): वह स्थिति जिसमें एक प्रोसेस किसी घटना, जैसे I/O पूर्णता, के होने की प्रतीक्षा कर रही है.",Operating Systems & Compiler Design,ऑपरेटिंग सिस्टम एवं कंपाइलर डिज़ाइन,Process Management,प्रोसेस मैनेजमेंट,Hard,1,0.25
"In a scenario where the following behavior is required — The state where a process is waiting for some event, such as I/O completion, to occur. — which concept is appropriate?","जिस scenario में यह behavior चाहिए — वह स्थिति जिसमें एक प्रोसेस किसी घटना, जैसे I/O पूर्णता, के होने की प्रतीक्षा कर रही है. — वहाँ कौन-सा concept उपयुक्त है?",The state where a process is waiting to be assigned to the CPU by the scheduler.,The state where a process is waiting to be assigned to the CPU by the scheduler.,"The state where a process is waiting for some event, such as I/O completion, to occur.","The state where a process is waiting for some event, such as I/O completion, to occur.",The state where a process has finished execution and is removed from main memory.,The state where a process has finished execution and is removed from main memory.,The state where a process is being created but has not yet been admitted to the ready queue.,The state where a process is being created but has not yet been admitted to the ready queue.,B,"Waiting/Blocked State: The state where a process is waiting for some event, such as I/O completion, to occur.","वेटिंग/ब्लॉक्ड स्टेट (Waiting): वह स्थिति जिसमें एक प्रोसेस किसी घटना, जैसे I/O पूर्णता, के होने की प्रतीक्षा कर रही है.",Operating Systems & Compiler Design,ऑपरेटिंग सिस्टम एवं कंपाइलर डिज़ाइन,Process Management,प्रोसेस मैनेजमेंट,Medium,1,0.25
An exam asks which concept would be selected when the requirement is: The state where a process has finished execution and is removed from main memory.. Which concept fits best?,एक परीक्षा में आवश्यकता दी गई है: वह स्थिति जिसमें एक प्रोसेस का निष्पादन समाप्त हो गया है और उसे मुख्य मेमोरी से हटा दिया गया है.। इसके लिए सबसे उपयुक्त concept कौन-सा है?,The state where a process has finished execution and is removed from main memory.,The state where a process has finished execution and is removed from main memory.,The state where a process is being created but has not yet been admitted to the ready queue.,The state where a process is being created but has not yet been admitted to the ready queue.,The state where a process is waiting to be assigned to the CPU by the scheduler.,The state where a process is waiting to be assigned to the CPU by the scheduler.,The state where the process instructions are being executed by the CPU.,The state where the process instructions are being executed by the CPU.,A,Terminated State: The state where a process has finished execution and is removed from main memory.,टर्मिनेटेड स्टेट (Terminated): वह स्थिति जिसमें एक प्रोसेस का निष्पादन समाप्त हो गया है और उसे मुख्य मेमोरी से हटा दिया गया है.,Operating Systems & Compiler Design,ऑपरेटिंग सिस्टम एवं कंपाइलर डिज़ाइन,Process Management,प्रोसेस मैनेजमेंट,Hard,1,0.25
A system designer needs the property described as: The state where a process has finished execution and is removed from main memory.. Which concept is being used?,एक system designer को यह property चाहिए: वह स्थिति जिसमें एक प्रोसेस का निष्पादन समाप्त हो गया है और उसे मुख्य मेमोरी से हटा दिया गया है.। कौन-सा concept उपयोग हो रहा है?,The state where a process is being created but has not yet been admitted to the ready queue.,The state where a process is being created but has not yet been admitted to the ready queue.,The state where a process is waiting to be assigned to the CPU by the scheduler.,The state where a process is waiting to be assigned to the CPU by the scheduler.,The state where the process instructions are being executed by the CPU.,The state where the process instructions are being executed by the CPU.,The state where a process has finished execution and is removed from main memory.,The state where a process has finished execution and is removed from main memory.,D,Terminated State: The state where a process has finished execution and is removed from main memory.,टर्मिनेटेड स्टेट (Terminated): वह स्थिति जिसमें एक प्रोसेस का निष्पादन समाप्त हो गया है और उसे मुख्य मेमोरी से हटा दिया गया है.,Operating Systems & Compiler Design,ऑपरेटिंग सिस्टम एवं कंपाइलर डिज़ाइन,Process Management,प्रोसेस मैनेजमेंट,Hard,1,0.25
Which concept should an engineer identify from this technical description: The state where a process has finished execution and is removed from main memory.?,इस technical description से engineer को कौन-सा concept पहचानना चाहिए: वह स्थिति जिसमें एक प्रोसेस का निष्पादन समाप्त हो गया है और उसे मुख्य मेमोरी से हटा दिया गया है.?,The state where a process is waiting to be assigned to the CPU by the scheduler.,The state where a process is waiting to be assigned to the CPU by the scheduler.,The state where the process instructions are being executed by the CPU.,The state where the process instructions are being executed by the CPU.,The state where a process has finished execution and is removed from main memory.,The state where a process has finished execution and is removed from main memory.,The state where a process is being created but has not yet been admitted to the ready queue.,The state where a process is being created but has not yet been admitted to the ready queue.,C,Terminated State: The state where a process has finished execution and is removed from main memory.,टर्मिनेटेड स्टेट (Terminated): वह स्थिति जिसमें एक प्रोसेस का निष्पादन समाप्त हो गया है और उसे मुख्य मेमोरी से हटा दिया गया है.,Operating Systems & Compiler Design,ऑपरेटिंग सिस्टम एवं कंपाइलर डिज़ाइन,Process Management,प्रोसेस मैनेजमेंट,Medium,1,0.25
In a scenario where the following behavior is required — The state where a process has finished execution and is removed from main memory. — which concept is appropriate?,जिस scenario में यह behavior चाहिए — वह स्थिति जिसमें एक प्रोसेस का निष्पादन समाप्त हो गया है और उसे मुख्य मेमोरी से हटा दिया गया है. — वहाँ कौन-सा concept उपयुक्त है?,The state where the process instructions are being executed by the CPU.,The state where the process instructions are being executed by the CPU.,The state where a process has finished execution and is removed from main memory.,The state where a process has finished execution and is removed from main memory.,The state where a process is being created but has not yet been admitted to the ready queue.,The state where a process is being created but has not yet been admitted to the ready queue.,The state where a process is waiting to be assigned to the CPU by the scheduler.,The state where a process is waiting to be assigned to the CPU by the scheduler.,B,Terminated State: The state where a process has finished execution and is removed from main memory.,टर्मिनेटेड स्टेट (Terminated): वह स्थिति जिसमें एक प्रोसेस का निष्पादन समाप्त हो गया है और उसे मुख्य मेमोरी से हटा दिया गया है.,Operating Systems & Compiler Design,ऑपरेटिंग सिस्टम एवं कंपाइलर डिज़ाइन,Process Management,प्रोसेस मैनेजमेंट,Hard,1,0.25
An exam asks which concept would be selected when the requirement is: An OS that groups similar jobs together and executes them as a batch without user interaction during execution.. Which concept fits best?,एक परीक्षा में आवश्यकता दी गई है: एक OS जो समान कार्यों को एक साथ समूहित करता है और निष्पादन के दौरान उपयोगकर्ता की बातचीत के बिना उन्हें बैच के रूप में निष्पादित करता है.। इसके लिए सबसे उपयुक्त concept कौन-सा है?,An OS that groups similar jobs together and executes them as a batch without user interaction during execution.,An OS that groups similar jobs together and executes them as a batch without user interaction during execution.,An OS that allows multiple users to share computer resources simultaneously by allocating small time slices to each.,An OS that allows multiple users to share computer resources simultaneously by allocating small time slices to each.,"An OS designed to process data and respond within a strict, guaranteed time constraint.","An OS designed to process data and respond within a strict, guaranteed time constraint.",An OS that manages a group of independent computers and makes them appear as a single coherent system to users.,An OS that manages a group of independent computers and makes them appear as a single coherent system to users.,A,Batch Operating System: An OS that groups similar jobs together and executes them as a batch without user interaction during execution.,बैच ऑपरेटिंग सिस्टम: एक OS जो समान कार्यों को एक साथ समूहित करता है और निष्पादन के दौरान उपयोगकर्ता की बातचीत के बिना उन्हें बैच के रूप में निष्पादित करता है.,Operating Systems & Compiler Design,ऑपरेटिंग सिस्टम एवं कंपाइलर डिज़ाइन,Operating System Types,ऑपरेटिंग सिस्टम के प्रकार,Medium,1,0.25
A system designer needs the property described as: An OS that groups similar jobs together and executes them as a batch without user interaction during execution.. Which concept is being used?,एक system designer को यह property चाहिए: एक OS जो समान कार्यों को एक साथ समूहित करता है और निष्पादन के दौरान उपयोगकर्ता की बातचीत के बिना उन्हें बैच के रूप में निष्पादित करता है.। कौन-सा concept उपयोग हो रहा है?,An OS that allows multiple users to share computer resources simultaneously by allocating small time slices to each.,An OS that allows multiple users to share computer resources simultaneously by allocating small time slices to each.,"An OS designed to process data and respond within a strict, guaranteed time constraint.","An OS designed to process data and respond within a strict, guaranteed time constraint.",An OS that manages a group of independent computers and makes them appear as a single coherent system to users.,An OS that manages a group of independent computers and makes them appear as a single coherent system to users.,An OS that groups similar jobs together and executes them as a batch without user interaction during execution.,An OS that groups similar jobs together and executes them as a batch without user interaction during execution.,D,Batch Operating System: An OS that groups similar jobs together and executes them as a batch without user interaction during execution.,बैच ऑपरेटिंग सिस्टम: एक OS जो समान कार्यों को एक साथ समूहित करता है और निष्पादन के दौरान उपयोगकर्ता की बातचीत के बिना उन्हें बैच के रूप में निष्पादित करता है.,Operating Systems & Compiler Design,ऑपरेटिंग सिस्टम एवं कंपाइलर डिज़ाइन,Operating System Types,ऑपरेटिंग सिस्टम के प्रकार,Hard,1,0.25
Which concept should an engineer identify from this technical description: An OS that groups similar jobs together and executes them as a batch without user interaction during execution.?,इस technical description से engineer को कौन-सा concept पहचानना चाहिए: एक OS जो समान कार्यों को एक साथ समूहित करता है और निष्पादन के दौरान उपयोगकर्ता की बातचीत के बिना उन्हें बैच के रूप में निष्पादित करता है.?,"An OS designed to process data and respond within a strict, guaranteed time constraint.","An OS designed to process data and respond within a strict, guaranteed time constraint.",An OS that manages a group of independent computers and makes them appear as a single coherent system to users.,An OS that manages a group of independent computers and makes them appear as a single coherent system to users.,An OS that groups similar jobs together and executes them as a batch without user interaction during execution.,An OS that groups similar jobs together and executes them as a batch without user interaction during execution.,An OS that allows multiple users to share computer resources simultaneously by allocating small time slices to each.,An OS that allows multiple users to share computer resources simultaneously by allocating small time slices to each.,C,Batch Operating System: An OS that groups similar jobs together and executes them as a batch without user interaction during execution.,बैच ऑपरेटिंग सिस्टम: एक OS जो समान कार्यों को एक साथ समूहित करता है और निष्पादन के दौरान उपयोगकर्ता की बातचीत के बिना उन्हें बैच के रूप में निष्पादित करता है.,Operating Systems & Compiler Design,ऑपरेटिंग सिस्टम एवं कंपाइलर डिज़ाइन,Operating System Types,ऑपरेटिंग सिस्टम के प्रकार,Hard,1,0.25
In a scenario where the following behavior is required — An OS that groups similar jobs together and executes them as a batch without user interaction during execution. — which concept is appropriate?,जिस scenario में यह behavior चाहिए — एक OS जो समान कार्यों को एक साथ समूहित करता है और निष्पादन के दौरान उपयोगकर्ता की बातचीत के बिना उन्हें बैच के रूप में निष्पादित करता है. — वहाँ कौन-सा concept उपयुक्त है?,An OS that manages a group of independent computers and makes them appear as a single coherent system to users.,An OS that manages a group of independent computers and makes them appear as a single coherent system to users.,An OS that groups similar jobs together and executes them as a batch without user interaction during execution.,An OS that groups similar jobs together and executes them as a batch without user interaction during execution.,An OS that allows multiple users to share computer resources simultaneously by allocating small time slices to each.,An OS that allows multiple users to share computer resources simultaneously by allocating small time slices to each.,"An OS designed to process data and respond within a strict, guaranteed time constraint.","An OS designed to process data and respond within a strict, guaranteed time constraint.",B,Batch Operating System: An OS that groups similar jobs together and executes them as a batch without user interaction during execution.,बैच ऑपरेटिंग सिस्टम: एक OS जो समान कार्यों को एक साथ समूहित करता है और निष्पादन के दौरान उपयोगकर्ता की बातचीत के बिना उन्हें बैच के रूप में निष्पादित करता है.,Operating Systems & Compiler Design,ऑपरेटिंग सिस्टम एवं कंपाइलर डिज़ाइन,Operating System Types,ऑपरेटिंग सिस्टम के प्रकार,Medium,1,0.25
An exam asks which concept would be selected when the requirement is: An OS that allows multiple users to share computer resources simultaneously by allocating small time slices to each.. Which concept fits best?,एक परीक्षा में आवश्यकता दी गई है: एक OS जो प्रत्येक को छोटे समय स्लाइस आवंटित करके कई उपयोगकर्ताओं को एक साथ कंप्यूटर संसाधन साझा करने की अनुमति देता है.। इसके लिए सबसे उपयुक्त concept कौन-सा है?,An OS that allows multiple users to share computer resources simultaneously by allocating small time slices to each.,An OS that allows multiple users to share computer resources simultaneously by allocating small time slices to each.,"An OS designed to process data and respond within a strict, guaranteed time constraint.","An OS designed to process data and respond within a strict, guaranteed time constraint.",An OS that manages a group of independent computers and makes them appear as a single coherent system to users.,An OS that manages a group of independent computers and makes them appear as a single coherent system to users.,An OS that groups similar jobs together and executes them as a batch without user interaction during execution.,An OS that groups similar jobs together and executes them as a batch without user interaction during execution.,A,Time-Sharing Operating System: An OS that allows multiple users to share computer resources simultaneously by allocating small time slices to each.,टाइम-शेयरिंग ऑपरेटिंग सिस्टम: एक OS जो प्रत्येक को छोटे समय स्लाइस आवंटित करके कई उपयोगकर्ताओं को एक साथ कंप्यूटर संसाधन साझा करने की अनुमति देता है.,Operating Systems & Compiler Design,ऑपरेटिंग सिस्टम एवं कंपाइलर डिज़ाइन,Operating System Types,ऑपरेटिंग सिस्टम के प्रकार,Hard,1,0.25
A system designer needs the property described as: An OS that allows multiple users to share computer resources simultaneously by allocating small time slices to each.. Which concept is being used?,एक system designer को यह property चाहिए: एक OS जो प्रत्येक को छोटे समय स्लाइस आवंटित करके कई उपयोगकर्ताओं को एक साथ कंप्यूटर संसाधन साझा करने की अनुमति देता है.। कौन-सा concept उपयोग हो रहा है?,"An OS designed to process data and respond within a strict, guaranteed time constraint.","An OS designed to process data and respond within a strict, guaranteed time constraint.",An OS that manages a group of independent computers and makes them appear as a single coherent system to users.,An OS that manages a group of independent computers and makes them appear as a single coherent system to users.,An OS that groups similar jobs together and executes them as a batch without user interaction during execution.,An OS that groups similar jobs together and executes them as a batch without user interaction during execution.,An OS that allows multiple users to share computer resources simultaneously by allocating small time slices to each.,An OS that allows multiple users to share computer resources simultaneously by allocating small time slices to each.,D,Time-Sharing Operating System: An OS that allows multiple users to share computer resources simultaneously by allocating small time slices to each.,टाइम-शेयरिंग ऑपरेटिंग सिस्टम: एक OS जो प्रत्येक को छोटे समय स्लाइस आवंटित करके कई उपयोगकर्ताओं को एक साथ कंप्यूटर संसाधन साझा करने की अनुमति देता है.,Operating Systems & Compiler Design,ऑपरेटिंग सिस्टम एवं कंपाइलर डिज़ाइन,Operating System Types,ऑपरेटिंग सिस्टम के प्रकार,Hard,1,0.25
Which concept should an engineer identify from this technical description: An OS that allows multiple users to share computer resources simultaneously by allocating small time slices to each.?,इस technical description से engineer को कौन-सा concept पहचानना चाहिए: एक OS जो प्रत्येक को छोटे समय स्लाइस आवंटित करके कई उपयोगकर्ताओं को एक साथ कंप्यूटर संसाधन साझा करने की अनुमति देता है.?,An OS that manages a group of independent computers and makes them appear as a single coherent system to users.,An OS that manages a group of independent computers and makes them appear as a single coherent system to users.,An OS that groups similar jobs together and executes them as a batch without user interaction during execution.,An OS that groups similar jobs together and executes them as a batch without user interaction during execution.,An OS that allows multiple users to share computer resources simultaneously by allocating small time slices to each.,An OS that allows multiple users to share computer resources simultaneously by allocating small time slices to each.,"An OS designed to process data and respond within a strict, guaranteed time constraint.","An OS designed to process data and respond within a strict, guaranteed time constraint.",C,Time-Sharing Operating System: An OS that allows multiple users to share computer resources simultaneously by allocating small time slices to each.,टाइम-शेयरिंग ऑपरेटिंग सिस्टम: एक OS जो प्रत्येक को छोटे समय स्लाइस आवंटित करके कई उपयोगकर्ताओं को एक साथ कंप्यूटर संसाधन साझा करने की अनुमति देता है.,Operating Systems & Compiler Design,ऑपरेटिंग सिस्टम एवं कंपाइलर डिज़ाइन,Operating System Types,ऑपरेटिंग सिस्टम के प्रकार,Medium,1,0.25
In a scenario where the following behavior is required — An OS that allows multiple users to share computer resources simultaneously by allocating small time slices to each. — which concept is appropriate?,जिस scenario में यह behavior चाहिए — एक OS जो प्रत्येक को छोटे समय स्लाइस आवंटित करके कई उपयोगकर्ताओं को एक साथ कंप्यूटर संसाधन साझा करने की अनुमति देता है. — वहाँ कौन-सा concept उपयुक्त है?,An OS that groups similar jobs together and executes them as a batch without user interaction during execution.,An OS that groups similar jobs together and executes them as a batch without user interaction during execution.,An OS that allows multiple users to share computer resources simultaneously by allocating small time slices to each.,An OS that allows multiple users to share computer resources simultaneously by allocating small time slices to each.,"An OS designed to process data and respond within a strict, guaranteed time constraint.","An OS designed to process data and respond within a strict, guaranteed time constraint.",An OS that manages a group of independent computers and makes them appear as a single coherent system to users.,An OS that manages a group of independent computers and makes them appear as a single coherent system to users.,B,Time-Sharing Operating System: An OS that allows multiple users to share computer resources simultaneously by allocating small time slices to each.,टाइम-शेयरिंग ऑपरेटिंग सिस्टम: एक OS जो प्रत्येक को छोटे समय स्लाइस आवंटित करके कई उपयोगकर्ताओं को एक साथ कंप्यूटर संसाधन साझा करने की अनुमति देता है.,Operating Systems & Compiler Design,ऑपरेटिंग सिस्टम एवं कंपाइलर डिज़ाइन,Operating System Types,ऑपरेटिंग सिस्टम के प्रकार,Hard,1,0.25
"An exam asks which concept would be selected when the requirement is: An OS designed to process data and respond within a strict, guaranteed time constraint.. Which concept fits best?","एक परीक्षा में आवश्यकता दी गई है: एक OS जो डेटा को संसाधित करने और एक सख्त, गारंटीकृत समय सीमा के भीतर प्रतिक्रिया देने के लिए डिज़ाइन किया गया है.। इसके लिए सबसे उपयुक्त concept कौन-सा है?","An OS designed to process data and respond within a strict, guaranteed time constraint.","An OS designed to process data and respond within a strict, guaranteed time constraint.",An OS that manages a group of independent computers and makes them appear as a single coherent system to users.,An OS that manages a group of independent computers and makes them appear as a single coherent system to users.,An OS that groups similar jobs together and executes them as a batch without user interaction during execution.,An OS that groups similar jobs together and executes them as a batch without user interaction during execution.,An OS that allows multiple users to share computer resources simultaneously by allocating small time slices to each.,An OS that allows multiple users to share computer resources simultaneously by allocating small time slices to each.,A,"Real-Time Operating System: An OS designed to process data and respond within a strict, guaranteed time constraint.","रीयल-टाइम ऑपरेटिंग सिस्टम: एक OS जो डेटा को संसाधित करने और एक सख्त, गारंटीकृत समय सीमा के भीतर प्रतिक्रिया देने के लिए डिज़ाइन किया गया है.",Operating Systems & Compiler Design,ऑपरेटिंग सिस्टम एवं कंपाइलर डिज़ाइन,Operating System Types,ऑपरेटिंग सिस्टम के प्रकार,Hard,1,0.25
"A system designer needs the property described as: An OS designed to process data and respond within a strict, guaranteed time constraint.. Which concept is being used?","एक system designer को यह property चाहिए: एक OS जो डेटा को संसाधित करने और एक सख्त, गारंटीकृत समय सीमा के भीतर प्रतिक्रिया देने के लिए डिज़ाइन किया गया है.। कौन-सा concept उपयोग हो रहा है?",An OS that manages a group of independent computers and makes them appear as a single coherent system to users.,An OS that manages a group of independent computers and makes them appear as a single coherent system to users.,An OS that groups similar jobs together and executes them as a batch without user interaction during execution.,An OS that groups similar jobs together and executes them as a batch without user interaction during execution.,An OS that allows multiple users to share computer resources simultaneously by allocating small time slices to each.,An OS that allows multiple users to share computer resources simultaneously by allocating small time slices to each.,"An OS designed to process data and respond within a strict, guaranteed time constraint.","An OS designed to process data and respond within a strict, guaranteed time constraint.",D,"Real-Time Operating System: An OS designed to process data and respond within a strict, guaranteed time constraint.","रीयल-टाइम ऑपरेटिंग सिस्टम: एक OS जो डेटा को संसाधित करने और एक सख्त, गारंटीकृत समय सीमा के भीतर प्रतिक्रिया देने के लिए डिज़ाइन किया गया है.",Operating Systems & Compiler Design,ऑपरेटिंग सिस्टम एवं कंपाइलर डिज़ाइन,Operating System Types,ऑपरेटिंग सिस्टम के प्रकार,Medium,1,0.25
"Which concept should an engineer identify from this technical description: An OS designed to process data and respond within a strict, guaranteed time constraint.?","इस technical description से engineer को कौन-सा concept पहचानना चाहिए: एक OS जो डेटा को संसाधित करने और एक सख्त, गारंटीकृत समय सीमा के भीतर प्रतिक्रिया देने के लिए डिज़ाइन किया गया है.?",An OS that groups similar jobs together and executes them as a batch without user interaction during execution.,An OS that groups similar jobs together and executes them as a batch without user interaction during execution.,An OS that allows multiple users to share computer resources simultaneously by allocating small time slices to each.,An OS that allows multiple users to share computer resources simultaneously by allocating small time slices to each.,"An OS designed to process data and respond within a strict, guaranteed time constraint.","An OS designed to process data and respond within a strict, guaranteed time constraint.",An OS that manages a group of independent computers and makes them appear as a single coherent system to users.,An OS that manages a group of independent computers and makes them appear as a single coherent system to users.,C,"Real-Time Operating System: An OS designed to process data and respond within a strict, guaranteed time constraint.","रीयल-टाइम ऑपरेटिंग सिस्टम: एक OS जो डेटा को संसाधित करने और एक सख्त, गारंटीकृत समय सीमा के भीतर प्रतिक्रिया देने के लिए डिज़ाइन किया गया है.",Operating Systems & Compiler Design,ऑपरेटिंग सिस्टम एवं कंपाइलर डिज़ाइन,Operating System Types,ऑपरेटिंग सिस्टम के प्रकार,Hard,1,0.25
"In a scenario where the following behavior is required — An OS designed to process data and respond within a strict, guaranteed time constraint. — which concept is appropriate?","जिस scenario में यह behavior चाहिए — एक OS जो डेटा को संसाधित करने और एक सख्त, गारंटीकृत समय सीमा के भीतर प्रतिक्रिया देने के लिए डिज़ाइन किया गया है. — वहाँ कौन-सा concept उपयुक्त है?",An OS that allows multiple users to share computer resources simultaneously by allocating small time slices to each.,An OS that allows multiple users to share computer resources simultaneously by allocating small time slices to each.,"An OS designed to process data and respond within a strict, guaranteed time constraint.","An OS designed to process data and respond within a strict, guaranteed time constraint.",An OS that manages a group of independent computers and makes them appear as a single coherent system to users.,An OS that manages a group of independent computers and makes them appear as a single coherent system to users.,An OS that groups similar jobs together and executes them as a batch without user interaction during execution.,An OS that groups similar jobs together and executes them as a batch without user interaction during execution.,B,"Real-Time Operating System: An OS designed to process data and respond within a strict, guaranteed time constraint.","रीयल-टाइम ऑपरेटिंग सिस्टम: एक OS जो डेटा को संसाधित करने और एक सख्त, गारंटीकृत समय सीमा के भीतर प्रतिक्रिया देने के लिए डिज़ाइन किया गया है.",Operating Systems & Compiler Design,ऑपरेटिंग सिस्टम एवं कंपाइलर डिज़ाइन,Operating System Types,ऑपरेटिंग सिस्टम के प्रकार,Hard,1,0.25
An exam asks which concept would be selected when the requirement is: An OS that manages a group of independent computers and makes them appear as a single coherent system to users.. Which concept fits best?,एक परीक्षा में आवश्यकता दी गई है: एक OS जो स्वतंत्र कंप्यूटरों के एक समूह का प्रबंधन करता है और उन्हें उपयोगकर्ताओं के लिए एक एकल सुसंगत प्रणाली के रूप में प्रस्तुत करता है.। इसके लिए सबसे उपयुक्त concept कौन-सा है?,An OS that manages a group of independent computers and makes them appear as a single coherent system to users.,An OS that manages a group of independent computers and makes them appear as a single coherent system to users.,An OS that groups similar jobs together and executes them as a batch without user interaction during execution.,An OS that groups similar jobs together and executes them as a batch without user interaction during execution.,An OS that allows multiple users to share computer resources simultaneously by allocating small time slices to each.,An OS that allows multiple users to share computer resources simultaneously by allocating small time slices to each.,"An OS designed to process data and respond within a strict, guaranteed time constraint.","An OS designed to process data and respond within a strict, guaranteed time constraint.",A,Distributed Operating System: An OS that manages a group of independent computers and makes them appear as a single coherent system to users.,डिस्ट्रिब्यूटेड ऑपरेटिंग सिस्टम: एक OS जो स्वतंत्र कंप्यूटरों के एक समूह का प्रबंधन करता है और उन्हें उपयोगकर्ताओं के लिए एक एकल सुसंगत प्रणाली के रूप में प्रस्तुत करता है.,Operating Systems & Compiler Design,ऑपरेटिंग सिस्टम एवं कंपाइलर डिज़ाइन,Operating System Types,ऑपरेटिंग सिस्टम के प्रकार,Medium,1,0.25
A system designer needs the property described as: An OS that manages a group of independent computers and makes them appear as a single coherent system to users.. Which concept is being used?,एक system designer को यह property चाहिए: एक OS जो स्वतंत्र कंप्यूटरों के एक समूह का प्रबंधन करता है और उन्हें उपयोगकर्ताओं के लिए एक एकल सुसंगत प्रणाली के रूप में प्रस्तुत करता है.। कौन-सा concept उपयोग हो रहा है?,An OS that groups similar jobs together and executes them as a batch without user interaction during execution.,An OS that groups similar jobs together and executes them as a batch without user interaction during execution.,An OS that allows multiple users to share computer resources simultaneously by allocating small time slices to each.,An OS that allows multiple users to share computer resources simultaneously by allocating small time slices to each.,"An OS designed to process data and respond within a strict, guaranteed time constraint.","An OS designed to process data and respond within a strict, guaranteed time constraint.",An OS that manages a group of independent computers and makes them appear as a single coherent system to users.,An OS that manages a group of independent computers and makes them appear as a single coherent system to users.,D,Distributed Operating System: An OS that manages a group of independent computers and makes them appear as a single coherent system to users.,डिस्ट्रिब्यूटेड ऑपरेटिंग सिस्टम: एक OS जो स्वतंत्र कंप्यूटरों के एक समूह का प्रबंधन करता है और उन्हें उपयोगकर्ताओं के लिए एक एकल सुसंगत प्रणाली के रूप में प्रस्तुत करता है.,Operating Systems & Compiler Design,ऑपरेटिंग सिस्टम एवं कंपाइलर डिज़ाइन,Operating System Types,ऑपरेटिंग सिस्टम के प्रकार,Hard,1,0.25
Which concept should an engineer identify from this technical description: An OS that manages a group of independent computers and makes them appear as a single coherent system to users.?,इस technical description से engineer को कौन-सा concept पहचानना चाहिए: एक OS जो स्वतंत्र कंप्यूटरों के एक समूह का प्रबंधन करता है और उन्हें उपयोगकर्ताओं के लिए एक एकल सुसंगत प्रणाली के रूप में प्रस्तुत करता है.?,An OS that allows multiple users to share computer resources simultaneously by allocating small time slices to each.,An OS that allows multiple users to share computer resources simultaneously by allocating small time slices to each.,"An OS designed to process data and respond within a strict, guaranteed time constraint.","An OS designed to process data and respond within a strict, guaranteed time constraint.",An OS that manages a group of independent computers and makes them appear as a single coherent system to users.,An OS that manages a group of independent computers and makes them appear as a single coherent system to users.,An OS that groups similar jobs together and executes them as a batch without user interaction during execution.,An OS that groups similar jobs together and executes them as a batch without user interaction during execution.,C,Distributed Operating System: An OS that manages a group of independent computers and makes them appear as a single coherent system to users.,डिस्ट्रिब्यूटेड ऑपरेटिंग सिस्टम: एक OS जो स्वतंत्र कंप्यूटरों के एक समूह का प्रबंधन करता है और उन्हें उपयोगकर्ताओं के लिए एक एकल सुसंगत प्रणाली के रूप में प्रस्तुत करता है.,Operating Systems & Compiler Design,ऑपरेटिंग सिस्टम एवं कंपाइलर डिज़ाइन,Operating System Types,ऑपरेटिंग सिस्टम के प्रकार,Hard,1,0.25
In a scenario where the following behavior is required — An OS that manages a group of independent computers and makes them appear as a single coherent system to users. — which concept is appropriate?,जिस scenario में यह behavior चाहिए — एक OS जो स्वतंत्र कंप्यूटरों के एक समूह का प्रबंधन करता है और उन्हें उपयोगकर्ताओं के लिए एक एकल सुसंगत प्रणाली के रूप में प्रस्तुत करता है. — वहाँ कौन-सा concept उपयुक्त है?,"An OS designed to process data and respond within a strict, guaranteed time constraint.","An OS designed to process data and respond within a strict, guaranteed time constraint.",An OS that manages a group of independent computers and makes them appear as a single coherent system to users.,An OS that manages a group of independent computers and makes them appear as a single coherent system to users.,An OS that groups similar jobs together and executes them as a batch without user interaction during execution.,An OS that groups similar jobs together and executes them as a batch without user interaction during execution.,An OS that allows multiple users to share computer resources simultaneously by allocating small time slices to each.,An OS that allows multiple users to share computer resources simultaneously by allocating small time slices to each.,B,Distributed Operating System: An OS that manages a group of independent computers and makes them appear as a single coherent system to users.,डिस्ट्रिब्यूटेड ऑपरेटिंग सिस्टम: एक OS जो स्वतंत्र कंप्यूटरों के एक समूह का प्रबंधन करता है और उन्हें उपयोगकर्ताओं के लिए एक एकल सुसंगत प्रणाली के रूप में प्रस्तुत करता है.,Operating Systems & Compiler Design,ऑपरेटिंग सिस्टम एवं कंपाइलर डिज़ाइन,Operating System Types,ऑपरेटिंग सिस्टम के प्रकार,Medium,1,0.25
An exam asks which concept would be selected when the requirement is: Responsible for the transmission of raw bits over a physical communication medium such as cables.. Which concept fits best?,एक परीक्षा में आवश्यकता दी गई है: केबल जैसे भौतिक संचार माध्यम पर कच्चे बिट्स के प्रसारण के लिए जिम्मेदार.। इसके लिए सबसे उपयुक्त concept कौन-सा है?,Responsible for the transmission of raw bits over a physical communication medium such as cables.,Responsible for the transmission of raw bits over a physical communication medium such as cables.,"Responsible for node-to-node data transfer, framing, and error detection/correction between adjacent nodes.","Responsible for node-to-node data transfer, framing, and error detection/correction between adjacent nodes.",Responsible for logical addressing (IP addressing) and routing packets across different networks.,Responsible for logical addressing (IP addressing) and routing packets across different networks.,"Responsible for end-to-end communication, error recovery, and flow control between hosts using protocols like TCP and UDP.","Responsible for end-to-end communication, error recovery, and flow control between hosts using protocols like TCP and UDP.",A,Physical Layer: Responsible for the transmission of raw bits over a physical communication medium such as cables.,फिजिकल लेयर: केबल जैसे भौतिक संचार माध्यम पर कच्चे बिट्स के प्रसारण के लिए जिम्मेदार.,Computer Networks,कंप्यूटर नेटवर्क,OSI Model,OSI मॉडल,Medium,1,0.25
A system designer needs the property described as: Responsible for the transmission of raw bits over a physical communication medium such as cables.. Which concept is being used?,एक system designer को यह property चाहिए: केबल जैसे भौतिक संचार माध्यम पर कच्चे बिट्स के प्रसारण के लिए जिम्मेदार.। कौन-सा concept उपयोग हो रहा है?,"Responsible for node-to-node data transfer, framing, and error detection/correction between adjacent nodes.","Responsible for node-to-node data transfer, framing, and error detection/correction between adjacent nodes.",Responsible for logical addressing (IP addressing) and routing packets across different networks.,Responsible for logical addressing (IP addressing) and routing packets across different networks.,"Responsible for end-to-end communication, error recovery, and flow control between hosts using protocols like TCP and UDP.","Responsible for end-to-end communication, error recovery, and flow control between hosts using protocols like TCP and UDP.",Responsible for the transmission of raw bits over a physical communication medium such as cables.,Responsible for the transmission of raw bits over a physical communication medium such as cables.,D,Physical Layer: Responsible for the transmission of raw bits over a physical communication medium such as cables.,फिजिकल लेयर: केबल जैसे भौतिक संचार माध्यम पर कच्चे बिट्स के प्रसारण के लिए जिम्मेदार.,Computer Networks,कंप्यूटर नेटवर्क,OSI Model,OSI मॉडल,Hard,1,0.25
Which concept should an engineer identify from this technical description: Responsible for the transmission of raw bits over a physical communication medium such as cables.?,इस technical description से engineer को कौन-सा concept पहचानना चाहिए: केबल जैसे भौतिक संचार माध्यम पर कच्चे बिट्स के प्रसारण के लिए जिम्मेदार.?,Responsible for logical addressing (IP addressing) and routing packets across different networks.,Responsible for logical addressing (IP addressing) and routing packets across different networks.,"Responsible for end-to-end communication, error recovery, and flow control between hosts using protocols like TCP and UDP.","Responsible for end-to-end communication, error recovery, and flow control between hosts using protocols like TCP and UDP.",Responsible for the transmission of raw bits over a physical communication medium such as cables.,Responsible for the transmission of raw bits over a physical communication medium such as cables.,"Responsible for node-to-node data transfer, framing, and error detection/correction between adjacent nodes.","Responsible for node-to-node data transfer, framing, and error detection/correction between adjacent nodes.",C,Physical Layer: Responsible for the transmission of raw bits over a physical communication medium such as cables.,फिजिकल लेयर: केबल जैसे भौतिक संचार माध्यम पर कच्चे बिट्स के प्रसारण के लिए जिम्मेदार.,Computer Networks,कंप्यूटर नेटवर्क,OSI Model,OSI मॉडल,Hard,1,0.25
In a scenario where the following behavior is required — Responsible for the transmission of raw bits over a physical communication medium such as cables. — which concept is appropriate?,जिस scenario में यह behavior चाहिए — केबल जैसे भौतिक संचार माध्यम पर कच्चे बिट्स के प्रसारण के लिए जिम्मेदार. — वहाँ कौन-सा concept उपयुक्त है?,"Responsible for end-to-end communication, error recovery, and flow control between hosts using protocols like TCP and UDP.","Responsible for end-to-end communication, error recovery, and flow control between hosts using protocols like TCP and UDP.",Responsible for the transmission of raw bits over a physical communication medium such as cables.,Responsible for the transmission of raw bits over a physical communication medium such as cables.,"Responsible for node-to-node data transfer, framing, and error detection/correction between adjacent nodes.","Responsible for node-to-node data transfer, framing, and error detection/correction between adjacent nodes.",Responsible for logical addressing (IP addressing) and routing packets across different networks.,Responsible for logical addressing (IP addressing) and routing packets across different networks.,B,Physical Layer: Responsible for the transmission of raw bits over a physical communication medium such as cables.,फिजिकल लेयर: केबल जैसे भौतिक संचार माध्यम पर कच्चे बिट्स के प्रसारण के लिए जिम्मेदार.,Computer Networks,कंप्यूटर नेटवर्क,OSI Model,OSI मॉडल,Medium,1,0.25
"An exam asks which concept would be selected when the requirement is: Responsible for node-to-node data transfer, framing, and error detection/correction between adjacent nodes.. Which concept fits best?","एक परीक्षा में आवश्यकता दी गई है: आसन्न नोड्स के बीच नोड-टू-नोड डेटा स्थानांतरण, फ्रेमिंग और त्रुटि पहचान/सुधार के लिए जिम्मेदार.। इसके लिए सबसे उपयुक्त concept कौन-सा है?","Responsible for node-to-node data transfer, framing, and error detection/correction between adjacent nodes.","Responsible for node-to-node data transfer, framing, and error detection/correction between adjacent nodes.",Responsible for logical addressing (IP addressing) and routing packets across different networks.,Responsible for logical addressing (IP addressing) and routing packets across different networks.,"Responsible for end-to-end communication, error recovery, and flow control between hosts using protocols like TCP and UDP.","Responsible for end-to-end communication, error recovery, and flow control between hosts using protocols like TCP and UDP.","Responsible for establishing, managing, and terminating sessions (connections) between applications.","Responsible for establishing, managing, and terminating sessions (connections) between applications.",A,"Data Link Layer: Responsible for node-to-node data transfer, framing, and error detection/correction between adjacent nodes.","डेटा लिंक लेयर: आसन्न नोड्स के बीच नोड-टू-नोड डेटा स्थानांतरण, फ्रेमिंग और त्रुटि पहचान/सुधार के लिए जिम्मेदार.",Computer Networks,कंप्यूटर नेटवर्क,OSI Model,OSI मॉडल,Hard,1,0.25
"A system designer needs the property described as: Responsible for node-to-node data transfer, framing, and error detection/correction between adjacent nodes.. Which concept is being used?","एक system designer को यह property चाहिए: आसन्न नोड्स के बीच नोड-टू-नोड डेटा स्थानांतरण, फ्रेमिंग और त्रुटि पहचान/सुधार के लिए जिम्मेदार.। कौन-सा concept उपयोग हो रहा है?",Responsible for logical addressing (IP addressing) and routing packets across different networks.,Responsible for logical addressing (IP addressing) and routing packets across different networks.,"Responsible for end-to-end communication, error recovery, and flow control between hosts using protocols like TCP and UDP.","Responsible for end-to-end communication, error recovery, and flow control between hosts using protocols like TCP and UDP.","Responsible for establishing, managing, and terminating sessions (connections) between applications.","Responsible for establishing, managing, and terminating sessions (connections) between applications.","Responsible for node-to-node data transfer, framing, and error detection/correction between adjacent nodes.","Responsible for node-to-node data transfer, framing, and error detection/correction between adjacent nodes.",D,"Data Link Layer: Responsible for node-to-node data transfer, framing, and error detection/correction between adjacent nodes.","डेटा लिंक लेयर: आसन्न नोड्स के बीच नोड-टू-नोड डेटा स्थानांतरण, फ्रेमिंग और त्रुटि पहचान/सुधार के लिए जिम्मेदार.",Computer Networks,कंप्यूटर नेटवर्क,OSI Model,OSI मॉडल,Hard,1,0.25
"Which concept should an engineer identify from this technical description: Responsible for node-to-node data transfer, framing, and error detection/correction between adjacent nodes.?","इस technical description से engineer को कौन-सा concept पहचानना चाहिए: आसन्न नोड्स के बीच नोड-टू-नोड डेटा स्थानांतरण, फ्रेमिंग और त्रुटि पहचान/सुधार के लिए जिम्मेदार.?","Responsible for end-to-end communication, error recovery, and flow control between hosts using protocols like TCP and UDP.","Responsible for end-to-end communication, error recovery, and flow control between hosts using protocols like TCP and UDP.","Responsible for establishing, managing, and terminating sessions (connections) between applications.","Responsible for establishing, managing, and terminating sessions (connections) between applications.","Responsible for node-to-node data transfer, framing, and error detection/correction between adjacent nodes.","Responsible for node-to-node data transfer, framing, and error detection/correction between adjacent nodes.",Responsible for logical addressing (IP addressing) and routing packets across different networks.,Responsible for logical addressing (IP addressing) and routing packets across different networks.,C,"Data Link Layer: Responsible for node-to-node data transfer, framing, and error detection/correction between adjacent nodes.","डेटा लिंक लेयर: आसन्न नोड्स के बीच नोड-टू-नोड डेटा स्थानांतरण, फ्रेमिंग और त्रुटि पहचान/सुधार के लिए जिम्मेदार.",Computer Networks,कंप्यूटर नेटवर्क,OSI Model,OSI मॉडल,Medium,1,0.25
"In a scenario where the following behavior is required — Responsible for node-to-node data transfer, framing, and error detection/correction between adjacent nodes. — which concept is appropriate?","जिस scenario में यह behavior चाहिए — आसन्न नोड्स के बीच नोड-टू-नोड डेटा स्थानांतरण, फ्रेमिंग और त्रुटि पहचान/सुधार के लिए जिम्मेदार. — वहाँ कौन-सा concept उपयुक्त है?","Responsible for establishing, managing, and terminating sessions (connections) between applications.","Responsible for establishing, managing, and terminating sessions (connections) between applications.","Responsible for node-to-node data transfer, framing, and error detection/correction between adjacent nodes.","Responsible for node-to-node data transfer, framing, and error detection/correction between adjacent nodes.",Responsible for logical addressing (IP addressing) and routing packets across different networks.,Responsible for logical addressing (IP addressing) and routing packets across different networks.,"Responsible for end-to-end communication, error recovery, and flow control between hosts using protocols like TCP and UDP.","Responsible for end-to-end communication, error recovery, and flow control between hosts using protocols like TCP and UDP.",B,"Data Link Layer: Responsible for node-to-node data transfer, framing, and error detection/correction between adjacent nodes.","डेटा लिंक लेयर: आसन्न नोड्स के बीच नोड-टू-नोड डेटा स्थानांतरण, फ्रेमिंग और त्रुटि पहचान/सुधार के लिए जिम्मेदार.",Computer Networks,कंप्यूटर नेटवर्क,OSI Model,OSI मॉडल,Hard,1,0.25
An exam asks which concept would be selected when the requirement is: Responsible for logical addressing (IP addressing) and routing packets across different networks.. Which concept fits best?,एक परीक्षा में आवश्यकता दी गई है: लॉजिकल एड्रेसिंग (IP एड्रेसिंग) और विभिन्न नेटवर्कों में पैकेट रूटिंग के लिए जिम्मेदार.। इसके लिए सबसे उपयुक्त concept कौन-सा है?,Responsible for logical addressing (IP addressing) and routing packets across different networks.,Responsible for logical addressing (IP addressing) and routing packets across different networks.,"Responsible for end-to-end communication, error recovery, and flow control between hosts using protocols like TCP and UDP.","Responsible for end-to-end communication, error recovery, and flow control between hosts using protocols like TCP and UDP.","Responsible for establishing, managing, and terminating sessions (connections) between applications.","Responsible for establishing, managing, and terminating sessions (connections) between applications.","Responsible for data translation, encryption, and compression so that data is presented in a usable format.","Responsible for data translation, encryption, and compression so that data is presented in a usable format.",A,Network Layer: Responsible for logical addressing (IP addressing) and routing packets across different networks.,नेटवर्क लेयर: लॉजिकल एड्रेसिंग (IP एड्रेसिंग) और विभिन्न नेटवर्कों में पैकेट रूटिंग के लिए जिम्मेदार.,Computer Networks,कंप्यूटर नेटवर्क,OSI Model,OSI मॉडल,Hard,1,0.25
A system designer needs the property described as: Responsible for logical addressing (IP addressing) and routing packets across different networks.. Which concept is being used?,एक system designer को यह property चाहिए: लॉजिकल एड्रेसिंग (IP एड्रेसिंग) और विभिन्न नेटवर्कों में पैकेट रूटिंग के लिए जिम्मेदार.। कौन-सा concept उपयोग हो रहा है?,"Responsible for end-to-end communication, error recovery, and flow control between hosts using protocols like TCP and UDP.","Responsible for end-to-end communication, error recovery, and flow control between hosts using protocols like TCP and UDP.","Responsible for establishing, managing, and terminating sessions (connections) between applications.","Responsible for establishing, managing, and terminating sessions (connections) between applications.","Responsible for data translation, encryption, and compression so that data is presented in a usable format.","Responsible for data translation, encryption, and compression so that data is presented in a usable format.",Responsible for logical addressing (IP addressing) and routing packets across different networks.,Responsible for logical addressing (IP addressing) and routing packets across different networks.,D,Network Layer: Responsible for logical addressing (IP addressing) and routing packets across different networks.,नेटवर्क लेयर: लॉजिकल एड्रेसिंग (IP एड्रेसिंग) और विभिन्न नेटवर्कों में पैकेट रूटिंग के लिए जिम्मेदार.,Computer Networks,कंप्यूटर नेटवर्क,OSI Model,OSI मॉडल,Medium,1,0.25
Which concept should an engineer identify from this technical description: Responsible for logical addressing (IP addressing) and routing packets across different networks.?,इस technical description से engineer को कौन-सा concept पहचानना चाहिए: लॉजिकल एड्रेसिंग (IP एड्रेसिंग) और विभिन्न नेटवर्कों में पैकेट रूटिंग के लिए जिम्मेदार.?,"Responsible for establishing, managing, and terminating sessions (connections) between applications.","Responsible for establishing, managing, and terminating sessions (connections) between applications.","Responsible for data translation, encryption, and compression so that data is presented in a usable format.","Responsible for data translation, encryption, and compression so that data is presented in a usable format.",Responsible for logical addressing (IP addressing) and routing packets across different networks.,Responsible for logical addressing (IP addressing) and routing packets across different networks.,"Responsible for end-to-end communication, error recovery, and flow control between hosts using protocols like TCP and UDP.","Responsible for end-to-end communication, error recovery, and flow control between hosts using protocols like TCP and UDP.",C,Network Layer: Responsible for logical addressing (IP addressing) and routing packets across different networks.,नेटवर्क लेयर: लॉजिकल एड्रेसिंग (IP एड्रेसिंग) और विभिन्न नेटवर्कों में पैकेट रूटिंग के लिए जिम्मेदार.,Computer Networks,कंप्यूटर नेटवर्क,OSI Model,OSI मॉडल,Hard,1,0.25
In a scenario where the following behavior is required — Responsible for logical addressing (IP addressing) and routing packets across different networks. — which concept is appropriate?,जिस scenario में यह behavior चाहिए — लॉजिकल एड्रेसिंग (IP एड्रेसिंग) और विभिन्न नेटवर्कों में पैकेट रूटिंग के लिए जिम्मेदार. — वहाँ कौन-सा concept उपयुक्त है?,"Responsible for data translation, encryption, and compression so that data is presented in a usable format.","Responsible for data translation, encryption, and compression so that data is presented in a usable format.",Responsible for logical addressing (IP addressing) and routing packets across different networks.,Responsible for logical addressing (IP addressing) and routing packets across different networks.,"Responsible for end-to-end communication, error recovery, and flow control between hosts using protocols like TCP and UDP.","Responsible for end-to-end communication, error recovery, and flow control between hosts using protocols like TCP and UDP.","Responsible for establishing, managing, and terminating sessions (connections) between applications.","Responsible for establishing, managing, and terminating sessions (connections) between applications.",B,Network Layer: Responsible for logical addressing (IP addressing) and routing packets across different networks.,नेटवर्क लेयर: लॉजिकल एड्रेसिंग (IP एड्रेसिंग) और विभिन्न नेटवर्कों में पैकेट रूटिंग के लिए जिम्मेदार.,Computer Networks,कंप्यूटर नेटवर्क,OSI Model,OSI मॉडल,Hard,1,0.25
"An exam asks which concept would be selected when the requirement is: Responsible for end-to-end communication, error recovery, and flow control between hosts using protocols like TCP and UDP.. Which concept fits best?","एक परीक्षा में आवश्यकता दी गई है: TCP और UDP जैसे प्रोटोकॉल का उपयोग करके होस्ट के बीच एंड-टू-एंड संचार, त्रुटि पुनर्प्राप्ति और प्रवाह नियंत्रण के लिए जिम्मेदार.। इसके लिए सबसे उपयुक्त concept कौन-सा है?","Responsible for end-to-end communication, error recovery, and flow control between hosts using protocols like TCP and UDP.","Responsible for end-to-end communication, error recovery, and flow control between hosts using protocols like TCP and UDP.","Responsible for establishing, managing, and terminating sessions (connections) between applications.","Responsible for establishing, managing, and terminating sessions (connections) between applications.","Responsible for data translation, encryption, and compression so that data is presented in a usable format.","Responsible for data translation, encryption, and compression so that data is presented in a usable format.","Responsible for providing network services directly to end-user applications, such as HTTP and FTP.","Responsible for providing network services directly to end-user applications, such as HTTP and FTP.",A,"Transport Layer: Responsible for end-to-end communication, error recovery, and flow control between hosts using protocols like TCP and UDP.","ट्रांसपोर्ट लेयर: TCP और UDP जैसे प्रोटोकॉल का उपयोग करके होस्ट के बीच एंड-टू-एंड संचार, त्रुटि पुनर्प्राप्ति और प्रवाह नियंत्रण के लिए जिम्मेदार.",Computer Networks,कंप्यूटर नेटवर्क,OSI Model,OSI मॉडल,Medium,1,0.25
"A system designer needs the property described as: Responsible for end-to-end communication, error recovery, and flow control between hosts using protocols like TCP and UDP.. Which concept is being used?","एक system designer को यह property चाहिए: TCP और UDP जैसे प्रोटोकॉल का उपयोग करके होस्ट के बीच एंड-टू-एंड संचार, त्रुटि पुनर्प्राप्ति और प्रवाह नियंत्रण के लिए जिम्मेदार.। कौन-सा concept उपयोग हो रहा है?","Responsible for establishing, managing, and terminating sessions (connections) between applications.","Responsible for establishing, managing, and terminating sessions (connections) between applications.","Responsible for data translation, encryption, and compression so that data is presented in a usable format.","Responsible for data translation, encryption, and compression so that data is presented in a usable format.","Responsible for providing network services directly to end-user applications, such as HTTP and FTP.","Responsible for providing network services directly to end-user applications, such as HTTP and FTP.","Responsible for end-to-end communication, error recovery, and flow control between hosts using protocols like TCP and UDP.","Responsible for end-to-end communication, error recovery, and flow control between hosts using protocols like TCP and UDP.",D,"Transport Layer: Responsible for end-to-end communication, error recovery, and flow control between hosts using protocols like TCP and UDP.","ट्रांसपोर्ट लेयर: TCP और UDP जैसे प्रोटोकॉल का उपयोग करके होस्ट के बीच एंड-टू-एंड संचार, त्रुटि पुनर्प्राप्ति और प्रवाह नियंत्रण के लिए जिम्मेदार.",Computer Networks,कंप्यूटर नेटवर्क,OSI Model,OSI मॉडल,Hard,1,0.25
"Which concept should an engineer identify from this technical description: Responsible for end-to-end communication, error recovery, and flow control between hosts using protocols like TCP and UDP.?","इस technical description से engineer को कौन-सा concept पहचानना चाहिए: TCP और UDP जैसे प्रोटोकॉल का उपयोग करके होस्ट के बीच एंड-टू-एंड संचार, त्रुटि पुनर्प्राप्ति और प्रवाह नियंत्रण के लिए जिम्मेदार.?","Responsible for data translation, encryption, and compression so that data is presented in a usable format.","Responsible for data translation, encryption, and compression so that data is presented in a usable format.","Responsible for providing network services directly to end-user applications, such as HTTP and FTP.","Responsible for providing network services directly to end-user applications, such as HTTP and FTP.","Responsible for end-to-end communication, error recovery, and flow control between hosts using protocols like TCP and UDP.","Responsible for end-to-end communication, error recovery, and flow control between hosts using protocols like TCP and UDP.","Responsible for establishing, managing, and terminating sessions (connections) between applications.","Responsible for establishing, managing, and terminating sessions (connections) between applications.",C,"Transport Layer: Responsible for end-to-end communication, error recovery, and flow control between hosts using protocols like TCP and UDP.","ट्रांसपोर्ट लेयर: TCP और UDP जैसे प्रोटोकॉल का उपयोग करके होस्ट के बीच एंड-टू-एंड संचार, त्रुटि पुनर्प्राप्ति और प्रवाह नियंत्रण के लिए जिम्मेदार.",Computer Networks,कंप्यूटर नेटवर्क,OSI Model,OSI मॉडल,Hard,1,0.25
"In a scenario where the following behavior is required — Responsible for end-to-end communication, error recovery, and flow control between hosts using protocols like TCP and UDP. — which concept is appropriate?","जिस scenario में यह behavior चाहिए — TCP और UDP जैसे प्रोटोकॉल का उपयोग करके होस्ट के बीच एंड-टू-एंड संचार, त्रुटि पुनर्प्राप्ति और प्रवाह नियंत्रण के लिए जिम्मेदार. — वहाँ कौन-सा concept उपयुक्त है?","Responsible for providing network services directly to end-user applications, such as HTTP and FTP.","Responsible for providing network services directly to end-user applications, such as HTTP and FTP.","Responsible for end-to-end communication, error recovery, and flow control between hosts using protocols like TCP and UDP.","Responsible for end-to-end communication, error recovery, and flow control between hosts using protocols like TCP and UDP.","Responsible for establishing, managing, and terminating sessions (connections) between applications.","Responsible for establishing, managing, and terminating sessions (connections) between applications.","Responsible for data translation, encryption, and compression so that data is presented in a usable format.","Responsible for data translation, encryption, and compression so that data is presented in a usable format.",B,"Transport Layer: Responsible for end-to-end communication, error recovery, and flow control between hosts using protocols like TCP and UDP.","ट्रांसपोर्ट लेयर: TCP और UDP जैसे प्रोटोकॉल का उपयोग करके होस्ट के बीच एंड-टू-एंड संचार, त्रुटि पुनर्प्राप्ति और प्रवाह नियंत्रण के लिए जिम्मेदार.",Computer Networks,कंप्यूटर नेटवर्क,OSI Model,OSI मॉडल,Medium,1,0.25
"An exam asks which concept would be selected when the requirement is: Responsible for establishing, managing, and terminating sessions (connections) between applications.. Which concept fits best?","एक परीक्षा में आवश्यकता दी गई है: अनुप्रयोगों के बीच सेशन (कनेक्शन) स्थापित करने, प्रबंधित करने और समाप्त करने के लिए जिम्मेदार.। इसके लिए सबसे उपयुक्त concept कौन-सा है?","Responsible for establishing, managing, and terminating sessions (connections) between applications.","Responsible for establishing, managing, and terminating sessions (connections) between applications.","Responsible for data translation, encryption, and compression so that data is presented in a usable format.","Responsible for data translation, encryption, and compression so that data is presented in a usable format.","Responsible for providing network services directly to end-user applications, such as HTTP and FTP.","Responsible for providing network services directly to end-user applications, such as HTTP and FTP.",Responsible for the transmission of raw bits over a physical communication medium such as cables.,Responsible for the transmission of raw bits over a physical communication medium such as cables.,A,"Session Layer: Responsible for establishing, managing, and terminating sessions (connections) between applications.","सेशन लेयर: अनुप्रयोगों के बीच सेशन (कनेक्शन) स्थापित करने, प्रबंधित करने और समाप्त करने के लिए जिम्मेदार.",Computer Networks,कंप्यूटर नेटवर्क,OSI Model,OSI मॉडल,Hard,1,0.25
"A system designer needs the property described as: Responsible for establishing, managing, and terminating sessions (connections) between applications.. Which concept is being used?","एक system designer को यह property चाहिए: अनुप्रयोगों के बीच सेशन (कनेक्शन) स्थापित करने, प्रबंधित करने और समाप्त करने के लिए जिम्मेदार.। कौन-सा concept उपयोग हो रहा है?","Responsible for data translation, encryption, and compression so that data is presented in a usable format.","Responsible for data translation, encryption, and compression so that data is presented in a usable format.","Responsible for providing network services directly to end-user applications, such as HTTP and FTP.","Responsible for providing network services directly to end-user applications, such as HTTP and FTP.",Responsible for the transmission of raw bits over a physical communication medium such as cables.,Responsible for the transmission of raw bits over a physical communication medium such as cables.,"Responsible for establishing, managing, and terminating sessions (connections) between applications.","Responsible for establishing, managing, and terminating sessions (connections) between applications.",D,"Session Layer: Responsible for establishing, managing, and terminating sessions (connections) between applications.","सेशन लेयर: अनुप्रयोगों के बीच सेशन (कनेक्शन) स्थापित करने, प्रबंधित करने और समाप्त करने के लिए जिम्मेदार.",Computer Networks,कंप्यूटर नेटवर्क,OSI Model,OSI मॉडल,Hard,1,0.25
"Which concept should an engineer identify from this technical description: Responsible for establishing, managing, and terminating sessions (connections) between applications.?","इस technical description से engineer को कौन-सा concept पहचानना चाहिए: अनुप्रयोगों के बीच सेशन (कनेक्शन) स्थापित करने, प्रबंधित करने और समाप्त करने के लिए जिम्मेदार.?","Responsible for providing network services directly to end-user applications, such as HTTP and FTP.","Responsible for providing network services directly to end-user applications, such as HTTP and FTP.",Responsible for the transmission of raw bits over a physical communication medium such as cables.,Responsible for the transmission of raw bits over a physical communication medium such as cables.,"Responsible for establishing, managing, and terminating sessions (connections) between applications.","Responsible for establishing, managing, and terminating sessions (connections) between applications.","Responsible for data translation, encryption, and compression so that data is presented in a usable format.","Responsible for data translation, encryption, and compression so that data is presented in a usable format.",C,"Session Layer: Responsible for establishing, managing, and terminating sessions (connections) between applications.","सेशन लेयर: अनुप्रयोगों के बीच सेशन (कनेक्शन) स्थापित करने, प्रबंधित करने और समाप्त करने के लिए जिम्मेदार.",Computer Networks,कंप्यूटर नेटवर्क,OSI Model,OSI मॉडल,Medium,1,0.25
"In a scenario where the following behavior is required — Responsible for establishing, managing, and terminating sessions (connections) between applications. — which concept is appropriate?","जिस scenario में यह behavior चाहिए — अनुप्रयोगों के बीच सेशन (कनेक्शन) स्थापित करने, प्रबंधित करने और समाप्त करने के लिए जिम्मेदार. — वहाँ कौन-सा concept उपयुक्त है?",Responsible for the transmission of raw bits over a physical communication medium such as cables.,Responsible for the transmission of raw bits over a physical communication medium such as cables.,"Responsible for establishing, managing, and terminating sessions (connections) between applications.","Responsible for establishing, managing, and terminating sessions (connections) between applications.","Responsible for data translation, encryption, and compression so that data is presented in a usable format.","Responsible for data translation, encryption, and compression so that data is presented in a usable format.","Responsible for providing network services directly to end-user applications, such as HTTP and FTP.","Responsible for providing network services directly to end-user applications, such as HTTP and FTP.",B,"Session Layer: Responsible for establishing, managing, and terminating sessions (connections) between applications.","सेशन लेयर: अनुप्रयोगों के बीच सेशन (कनेक्शन) स्थापित करने, प्रबंधित करने और समाप्त करने के लिए जिम्मेदार.",Computer Networks,कंप्यूटर नेटवर्क,OSI Model,OSI मॉडल,Hard,1,0.25
"An exam asks which concept would be selected when the requirement is: Responsible for data translation, encryption, and compression so that data is presented in a usable format.. Which concept fits best?","एक परीक्षा में आवश्यकता दी गई है: डेटा अनुवाद, एन्क्रिप्शन और संपीड़न के लिए जिम्मेदार ताकि डेटा उपयोगी प्रारूप में प्रस्तुत हो.। इसके लिए सबसे उपयुक्त concept कौन-सा है?","Responsible for data translation, encryption, and compression so that data is presented in a usable format.","Responsible for data translation, encryption, and compression so that data is presented in a usable format.","Responsible for providing network services directly to end-user applications, such as HTTP and FTP.","Responsible for providing network services directly to end-user applications, such as HTTP and FTP.",Responsible for the transmission of raw bits over a physical communication medium such as cables.,Responsible for the transmission of raw bits over a physical communication medium such as cables.,"Responsible for node-to-node data transfer, framing, and error detection/correction between adjacent nodes.","Responsible for node-to-node data transfer, framing, and error detection/correction between adjacent nodes.",A,"Presentation Layer: Responsible for data translation, encryption, and compression so that data is presented in a usable format.","प्रेजेंटेशन लेयर: डेटा अनुवाद, एन्क्रिप्शन और संपीड़न के लिए जिम्मेदार ताकि डेटा उपयोगी प्रारूप में प्रस्तुत हो.",Computer Networks,कंप्यूटर नेटवर्क,OSI Model,OSI मॉडल,Hard,1,0.25
"A system designer needs the property described as: Responsible for data translation, encryption, and compression so that data is presented in a usable format.. Which concept is being used?","एक system designer को यह property चाहिए: डेटा अनुवाद, एन्क्रिप्शन और संपीड़न के लिए जिम्मेदार ताकि डेटा उपयोगी प्रारूप में प्रस्तुत हो.। कौन-सा concept उपयोग हो रहा है?","Responsible for providing network services directly to end-user applications, such as HTTP and FTP.","Responsible for providing network services directly to end-user applications, such as HTTP and FTP.",Responsible for the transmission of raw bits over a physical communication medium such as cables.,Responsible for the transmission of raw bits over a physical communication medium such as cables.,"Responsible for node-to-node data transfer, framing, and error detection/correction between adjacent nodes.","Responsible for node-to-node data transfer, framing, and error detection/correction between adjacent nodes.","Responsible for data translation, encryption, and compression so that data is presented in a usable format.","Responsible for data translation, encryption, and compression so that data is presented in a usable format.",D,"Presentation Layer: Responsible for data translation, encryption, and compression so that data is presented in a usable format.","प्रेजेंटेशन लेयर: डेटा अनुवाद, एन्क्रिप्शन और संपीड़न के लिए जिम्मेदार ताकि डेटा उपयोगी प्रारूप में प्रस्तुत हो.",Computer Networks,कंप्यूटर नेटवर्क,OSI Model,OSI मॉडल,Medium,1,0.25
"Which concept should an engineer identify from this technical description: Responsible for data translation, encryption, and compression so that data is presented in a usable format.?","इस technical description से engineer को कौन-सा concept पहचानना चाहिए: डेटा अनुवाद, एन्क्रिप्शन और संपीड़न के लिए जिम्मेदार ताकि डेटा उपयोगी प्रारूप में प्रस्तुत हो.?",Responsible for the transmission of raw bits over a physical communication medium such as cables.,Responsible for the transmission of raw bits over a physical communication medium such as cables.,"Responsible for node-to-node data transfer, framing, and error detection/correction between adjacent nodes.","Responsible for node-to-node data transfer, framing, and error detection/correction between adjacent nodes.","Responsible for data translation, encryption, and compression so that data is presented in a usable format.","Responsible for data translation, encryption, and compression so that data is presented in a usable format.","Responsible for providing network services directly to end-user applications, such as HTTP and FTP.","Responsible for providing network services directly to end-user applications, such as HTTP and FTP.",C,"Presentation Layer: Responsible for data translation, encryption, and compression so that data is presented in a usable format.","प्रेजेंटेशन लेयर: डेटा अनुवाद, एन्क्रिप्शन और संपीड़न के लिए जिम्मेदार ताकि डेटा उपयोगी प्रारूप में प्रस्तुत हो.",Computer Networks,कंप्यूटर नेटवर्क,OSI Model,OSI मॉडल,Hard,1,0.25
"In a scenario where the following behavior is required — Responsible for data translation, encryption, and compression so that data is presented in a usable format. — which concept is appropriate?","जिस scenario में यह behavior चाहिए — डेटा अनुवाद, एन्क्रिप्शन और संपीड़न के लिए जिम्मेदार ताकि डेटा उपयोगी प्रारूप में प्रस्तुत हो. — वहाँ कौन-सा concept उपयुक्त है?","Responsible for node-to-node data transfer, framing, and error detection/correction between adjacent nodes.","Responsible for node-to-node data transfer, framing, and error detection/correction between adjacent nodes.","Responsible for data translation, encryption, and compression so that data is presented in a usable format.","Responsible for data translation, encryption, and compression so that data is presented in a usable format.","Responsible for providing network services directly to end-user applications, such as HTTP and FTP.","Responsible for providing network services directly to end-user applications, such as HTTP and FTP.",Responsible for the transmission of raw bits over a physical communication medium such as cables.,Responsible for the transmission of raw bits over a physical communication medium such as cables.,B,"Presentation Layer: Responsible for data translation, encryption, and compression so that data is presented in a usable format.","प्रेजेंटेशन लेयर: डेटा अनुवाद, एन्क्रिप्शन और संपीड़न के लिए जिम्मेदार ताकि डेटा उपयोगी प्रारूप में प्रस्तुत हो.",Computer Networks,कंप्यूटर नेटवर्क,OSI Model,OSI मॉडल,Hard,1,0.25
"An exam asks which concept would be selected when the requirement is: Responsible for providing network services directly to end-user applications, such as HTTP and FTP.. Which concept fits best?",एक परीक्षा में आवश्यकता दी गई है: HTTP और FTP जैसे अंतिम-उपयोगकर्ता अनुप्रयोगों को सीधे नेटवर्क सेवाएं प्रदान करने के लिए जिम्मेदार.। इसके लिए सबसे उपयुक्त concept कौन-सा है?,"Responsible for providing network services directly to end-user applications, such as HTTP and FTP.","Responsible for providing network services directly to end-user applications, such as HTTP and FTP.",Responsible for the transmission of raw bits over a physical communication medium such as cables.,Responsible for the transmission of raw bits over a physical communication medium such as cables.,"Responsible for node-to-node data transfer, framing, and error detection/correction between adjacent nodes.","Responsible for node-to-node data transfer, framing, and error detection/correction between adjacent nodes.",Responsible for logical addressing (IP addressing) and routing packets across different networks.,Responsible for logical addressing (IP addressing) and routing packets across different networks.,A,"Application Layer: Responsible for providing network services directly to end-user applications, such as HTTP and FTP.",एप्लिकेशन लेयर: HTTP और FTP जैसे अंतिम-उपयोगकर्ता अनुप्रयोगों को सीधे नेटवर्क सेवाएं प्रदान करने के लिए जिम्मेदार.,Computer Networks,कंप्यूटर नेटवर्क,OSI Model,OSI मॉडल,Medium,1,0.25
"A system designer needs the property described as: Responsible for providing network services directly to end-user applications, such as HTTP and FTP.. Which concept is being used?",एक system designer को यह property चाहिए: HTTP और FTP जैसे अंतिम-उपयोगकर्ता अनुप्रयोगों को सीधे नेटवर्क सेवाएं प्रदान करने के लिए जिम्मेदार.। कौन-सा concept उपयोग हो रहा है?,Responsible for the transmission of raw bits over a physical communication medium such as cables.,Responsible for the transmission of raw bits over a physical communication medium such as cables.,"Responsible for node-to-node data transfer, framing, and error detection/correction between adjacent nodes.","Responsible for node-to-node data transfer, framing, and error detection/correction between adjacent nodes.",Responsible for logical addressing (IP addressing) and routing packets across different networks.,Responsible for logical addressing (IP addressing) and routing packets across different networks.,"Responsible for providing network services directly to end-user applications, such as HTTP and FTP.","Responsible for providing network services directly to end-user applications, such as HTTP and FTP.",D,"Application Layer: Responsible for providing network services directly to end-user applications, such as HTTP and FTP.",एप्लिकेशन लेयर: HTTP और FTP जैसे अंतिम-उपयोगकर्ता अनुप्रयोगों को सीधे नेटवर्क सेवाएं प्रदान करने के लिए जिम्मेदार.,Computer Networks,कंप्यूटर नेटवर्क,OSI Model,OSI मॉडल,Hard,1,0.25
"Which concept should an engineer identify from this technical description: Responsible for providing network services directly to end-user applications, such as HTTP and FTP.?",इस technical description से engineer को कौन-सा concept पहचानना चाहिए: HTTP और FTP जैसे अंतिम-उपयोगकर्ता अनुप्रयोगों को सीधे नेटवर्क सेवाएं प्रदान करने के लिए जिम्मेदार.?,"Responsible for node-to-node data transfer, framing, and error detection/correction between adjacent nodes.","Responsible for node-to-node data transfer, framing, and error detection/correction between adjacent nodes.",Responsible for logical addressing (IP addressing) and routing packets across different networks.,Responsible for logical addressing (IP addressing) and routing packets across different networks.,"Responsible for providing network services directly to end-user applications, such as HTTP and FTP.","Responsible for providing network services directly to end-user applications, such as HTTP and FTP.",Responsible for the transmission of raw bits over a physical communication medium such as cables.,Responsible for the transmission of raw bits over a physical communication medium such as cables.,C,"Application Layer: Responsible for providing network services directly to end-user applications, such as HTTP and FTP.",एप्लिकेशन लेयर: HTTP और FTP जैसे अंतिम-उपयोगकर्ता अनुप्रयोगों को सीधे नेटवर्क सेवाएं प्रदान करने के लिए जिम्मेदार.,Computer Networks,कंप्यूटर नेटवर्क,OSI Model,OSI मॉडल,Hard,1,0.25
"In a scenario where the following behavior is required — Responsible for providing network services directly to end-user applications, such as HTTP and FTP. — which concept is appropriate?",जिस scenario में यह behavior चाहिए — HTTP और FTP जैसे अंतिम-उपयोगकर्ता अनुप्रयोगों को सीधे नेटवर्क सेवाएं प्रदान करने के लिए जिम्मेदार. — वहाँ कौन-सा concept उपयुक्त है?,Responsible for logical addressing (IP addressing) and routing packets across different networks.,Responsible for logical addressing (IP addressing) and routing packets across different networks.,"Responsible for providing network services directly to end-user applications, such as HTTP and FTP.","Responsible for providing network services directly to end-user applications, such as HTTP and FTP.",Responsible for the transmission of raw bits over a physical communication medium such as cables.,Responsible for the transmission of raw bits over a physical communication medium such as cables.,"Responsible for node-to-node data transfer, framing, and error detection/correction between adjacent nodes.","Responsible for node-to-node data transfer, framing, and error detection/correction between adjacent nodes.",B,"Application Layer: Responsible for providing network services directly to end-user applications, such as HTTP and FTP.",एप्लिकेशन लेयर: HTTP और FTP जैसे अंतिम-उपयोगकर्ता अनुप्रयोगों को सीधे नेटवर्क सेवाएं प्रदान करने के लिए जिम्मेदार.,Computer Networks,कंप्यूटर नेटवर्क,OSI Model,OSI मॉडल,Medium,1,0.25
"An exam asks which concept would be selected when the requirement is: An application layer protocol used to transfer hypertext (web pages) between a client and a server, typically over port 80.. Which concept fits best?","एक परीक्षा में आवश्यकता दी गई है: एक एप्लिकेशन लेयर प्रोटोकॉल जिसका उपयोग क्लाइंट और सर्वर के बीच हाइपरटेक्स्ट (वेब पेज) स्थानांतरित करने के लिए किया जाता है, आमतौर पर पोर्ट 80 पर.। इसके लिए सबसे उपयुक्त concept कौन-सा है?","An application layer protocol used to transfer hypertext (web pages) between a client and a server, typically over port 80.","An application layer protocol used to transfer hypertext (web pages) between a client and a server, typically over port 80.","A secure version of HTTP that encrypts data using SSL/TLS, typically operating over port 443.","A secure version of HTTP that encrypts data using SSL/TLS, typically operating over port 443.","A protocol used to transfer files between a client and a server over a network, typically using ports 20 and 21.","A protocol used to transfer files between a client and a server over a network, typically using ports 20 and 21.","A protocol used to send email messages between servers, typically operating over port 25.","A protocol used to send email messages between servers, typically operating over port 25.",A,"HTTP: An application layer protocol used to transfer hypertext (web pages) between a client and a server, typically over port 80.","HTTP: एक एप्लिकेशन लेयर प्रोटोकॉल जिसका उपयोग क्लाइंट और सर्वर के बीच हाइपरटेक्स्ट (वेब पेज) स्थानांतरित करने के लिए किया जाता है, आमतौर पर पोर्ट 80 पर.",Computer Networks,कंप्यूटर नेटवर्क,Protocols,प्रोटोकॉल,Medium,1,0.25
"A system designer needs the property described as: An application layer protocol used to transfer hypertext (web pages) between a client and a server, typically over port 80.. Which concept is being used?","एक system designer को यह property चाहिए: एक एप्लिकेशन लेयर प्रोटोकॉल जिसका उपयोग क्लाइंट और सर्वर के बीच हाइपरटेक्स्ट (वेब पेज) स्थानांतरित करने के लिए किया जाता है, आमतौर पर पोर्ट 80 पर.। कौन-सा concept उपयोग हो रहा है?","A secure version of HTTP that encrypts data using SSL/TLS, typically operating over port 443.","A secure version of HTTP that encrypts data using SSL/TLS, typically operating over port 443.","A protocol used to transfer files between a client and a server over a network, typically using ports 20 and 21.","A protocol used to transfer files between a client and a server over a network, typically using ports 20 and 21.","A protocol used to send email messages between servers, typically operating over port 25.","A protocol used to send email messages between servers, typically operating over port 25.","An application layer protocol used to transfer hypertext (web pages) between a client and a server, typically over port 80.","An application layer protocol used to transfer hypertext (web pages) between a client and a server, typically over port 80.",D,"HTTP: An application layer protocol used to transfer hypertext (web pages) between a client and a server, typically over port 80.","HTTP: एक एप्लिकेशन लेयर प्रोटोकॉल जिसका उपयोग क्लाइंट और सर्वर के बीच हाइपरटेक्स्ट (वेब पेज) स्थानांतरित करने के लिए किया जाता है, आमतौर पर पोर्ट 80 पर.",Computer Networks,कंप्यूटर नेटवर्क,Protocols,प्रोटोकॉल,Hard,1,0.25
"Which concept should an engineer identify from this technical description: An application layer protocol used to transfer hypertext (web pages) between a client and a server, typically over port 80.?","इस technical description से engineer को कौन-सा concept पहचानना चाहिए: एक एप्लिकेशन लेयर प्रोटोकॉल जिसका उपयोग क्लाइंट और सर्वर के बीच हाइपरटेक्स्ट (वेब पेज) स्थानांतरित करने के लिए किया जाता है, आमतौर पर पोर्ट 80 पर.?","A protocol used to transfer files between a client and a server over a network, typically using ports 20 and 21.","A protocol used to transfer files between a client and a server over a network, typically using ports 20 and 21.","A protocol used to send email messages between servers, typically operating over port 25.","A protocol used to send email messages between servers, typically operating over port 25.","An application layer protocol used to transfer hypertext (web pages) between a client and a server, typically over port 80.","An application layer protocol used to transfer hypertext (web pages) between a client and a server, typically over port 80.","A secure version of HTTP that encrypts data using SSL/TLS, typically operating over port 443.","A secure version of HTTP that encrypts data using SSL/TLS, typically operating over port 443.",C,"HTTP: An application layer protocol used to transfer hypertext (web pages) between a client and a server, typically over port 80.","HTTP: एक एप्लिकेशन लेयर प्रोटोकॉल जिसका उपयोग क्लाइंट और सर्वर के बीच हाइपरटेक्स्ट (वेब पेज) स्थानांतरित करने के लिए किया जाता है, आमतौर पर पोर्ट 80 पर.",Computer Networks,कंप्यूटर नेटवर्क,Protocols,प्रोटोकॉल,Hard,1,0.25
"In a scenario where the following behavior is required — An application layer protocol used to transfer hypertext (web pages) between a client and a server, typically over port 80. — which concept is appropriate?","जिस scenario में यह behavior चाहिए — एक एप्लिकेशन लेयर प्रोटोकॉल जिसका उपयोग क्लाइंट और सर्वर के बीच हाइपरटेक्स्ट (वेब पेज) स्थानांतरित करने के लिए किया जाता है, आमतौर पर पोर्ट 80 पर. — वहाँ कौन-सा concept उपयुक्त है?","A protocol used to send email messages between servers, typically operating over port 25.","A protocol used to send email messages between servers, typically operating over port 25.","An application layer protocol used to transfer hypertext (web pages) between a client and a server, typically over port 80.","An application layer protocol used to transfer hypertext (web pages) between a client and a server, typically over port 80.","A secure version of HTTP that encrypts data using SSL/TLS, typically operating over port 443.","A secure version of HTTP that encrypts data using SSL/TLS, typically operating over port 443.","A protocol used to transfer files between a client and a server over a network, typically using ports 20 and 21.","A protocol used to transfer files between a client and a server over a network, typically using ports 20 and 21.",B,"HTTP: An application layer protocol used to transfer hypertext (web pages) between a client and a server, typically over port 80.","HTTP: एक एप्लिकेशन लेयर प्रोटोकॉल जिसका उपयोग क्लाइंट और सर्वर के बीच हाइपरटेक्स्ट (वेब पेज) स्थानांतरित करने के लिए किया जाता है, आमतौर पर पोर्ट 80 पर.",Computer Networks,कंप्यूटर नेटवर्क,Protocols,प्रोटोकॉल,Medium,1,0.25
"An exam asks which concept would be selected when the requirement is: A secure version of HTTP that encrypts data using SSL/TLS, typically operating over port 443.. Which concept fits best?","एक परीक्षा में आवश्यकता दी गई है: HTTP का एक सुरक्षित संस्करण जो SSL/TLS का उपयोग करके डेटा एन्क्रिप्ट करता है, आमतौर पर पोर्ट 443 पर काम करता है.। इसके लिए सबसे उपयुक्त concept कौन-सा है?","A secure version of HTTP that encrypts data using SSL/TLS, typically operating over port 443.","A secure version of HTTP that encrypts data using SSL/TLS, typically operating over port 443.","A protocol used to transfer files between a client and a server over a network, typically using ports 20 and 21.","A protocol used to transfer files between a client and a server over a network, typically using ports 20 and 21.","A protocol used to send email messages between servers, typically operating over port 25.","A protocol used to send email messages between servers, typically operating over port 25.","A protocol/system that translates human-readable domain names into IP addresses, typically using port 53.","A protocol/system that translates human-readable domain names into IP addresses, typically using port 53.",A,"HTTPS: A secure version of HTTP that encrypts data using SSL/TLS, typically operating over port 443.","HTTPS: HTTP का एक सुरक्षित संस्करण जो SSL/TLS का उपयोग करके डेटा एन्क्रिप्ट करता है, आमतौर पर पोर्ट 443 पर काम करता है.",Computer Networks,कंप्यूटर नेटवर्क,Protocols,प्रोटोकॉल,Hard,1,0.25
"A system designer needs the property described as: A secure version of HTTP that encrypts data using SSL/TLS, typically operating over port 443.. Which concept is being used?","एक system designer को यह property चाहिए: HTTP का एक सुरक्षित संस्करण जो SSL/TLS का उपयोग करके डेटा एन्क्रिप्ट करता है, आमतौर पर पोर्ट 443 पर काम करता है.। कौन-सा concept उपयोग हो रहा है?","A protocol used to transfer files between a client and a server over a network, typically using ports 20 and 21.","A protocol used to transfer files between a client and a server over a network, typically using ports 20 and 21.","A protocol used to send email messages between servers, typically operating over port 25.","A protocol used to send email messages between servers, typically operating over port 25.","A protocol/system that translates human-readable domain names into IP addresses, typically using port 53.","A protocol/system that translates human-readable domain names into IP addresses, typically using port 53.","A secure version of HTTP that encrypts data using SSL/TLS, typically operating over port 443.","A secure version of HTTP that encrypts data using SSL/TLS, typically operating over port 443.",D,"HTTPS: A secure version of HTTP that encrypts data using SSL/TLS, typically operating over port 443.","HTTPS: HTTP का एक सुरक्षित संस्करण जो SSL/TLS का उपयोग करके डेटा एन्क्रिप्ट करता है, आमतौर पर पोर्ट 443 पर काम करता है.",Computer Networks,कंप्यूटर नेटवर्क,Protocols,प्रोटोकॉल,Hard,1,0.25
"Which concept should an engineer identify from this technical description: A secure version of HTTP that encrypts data using SSL/TLS, typically operating over port 443.?","इस technical description से engineer को कौन-सा concept पहचानना चाहिए: HTTP का एक सुरक्षित संस्करण जो SSL/TLS का उपयोग करके डेटा एन्क्रिप्ट करता है, आमतौर पर पोर्ट 443 पर काम करता है.?","A protocol used to send email messages between servers, typically operating over port 25.","A protocol used to send email messages between servers, typically operating over port 25.","A protocol/system that translates human-readable domain names into IP addresses, typically using port 53.","A protocol/system that translates human-readable domain names into IP addresses, typically using port 53.","A secure version of HTTP that encrypts data using SSL/TLS, typically operating over port 443.","A secure version of HTTP that encrypts data using SSL/TLS, typically operating over port 443.","A protocol used to transfer files between a client and a server over a network, typically using ports 20 and 21.","A protocol used to transfer files between a client and a server over a network, typically using ports 20 and 21.",C,"HTTPS: A secure version of HTTP that encrypts data using SSL/TLS, typically operating over port 443.","HTTPS: HTTP का एक सुरक्षित संस्करण जो SSL/TLS का उपयोग करके डेटा एन्क्रिप्ट करता है, आमतौर पर पोर्ट 443 पर काम करता है.",Computer Networks,कंप्यूटर नेटवर्क,Protocols,प्रोटोकॉल,Medium,1,0.25
"In a scenario where the following behavior is required — A secure version of HTTP that encrypts data using SSL/TLS, typically operating over port 443. — which concept is appropriate?","जिस scenario में यह behavior चाहिए — HTTP का एक सुरक्षित संस्करण जो SSL/TLS का उपयोग करके डेटा एन्क्रिप्ट करता है, आमतौर पर पोर्ट 443 पर काम करता है. — वहाँ कौन-सा concept उपयुक्त है?","A protocol/system that translates human-readable domain names into IP addresses, typically using port 53.","A protocol/system that translates human-readable domain names into IP addresses, typically using port 53.","A secure version of HTTP that encrypts data using SSL/TLS, typically operating over port 443.","A secure version of HTTP that encrypts data using SSL/TLS, typically operating over port 443.","A protocol used to transfer files between a client and a server over a network, typically using ports 20 and 21.","A protocol used to transfer files between a client and a server over a network, typically using ports 20 and 21.","A protocol used to send email messages between servers, typically operating over port 25.","A protocol used to send email messages between servers, typically operating over port 25.",B,"HTTPS: A secure version of HTTP that encrypts data using SSL/TLS, typically operating over port 443.","HTTPS: HTTP का एक सुरक्षित संस्करण जो SSL/TLS का उपयोग करके डेटा एन्क्रिप्ट करता है, आमतौर पर पोर्ट 443 पर काम करता है.",Computer Networks,कंप्यूटर नेटवर्क,Protocols,प्रोटोकॉल,Hard,1,0.25
"An exam asks which concept would be selected when the requirement is: A protocol used to transfer files between a client and a server over a network, typically using ports 20 and 21.. Which concept fits best?","एक परीक्षा में आवश्यकता दी गई है: एक प्रोटोकॉल जिसका उपयोग नेटवर्क पर क्लाइंट और सर्वर के बीच फ़ाइलें स्थानांतरित करने के लिए किया जाता है, आमतौर पर पोर्ट 20 और 21 का उपयोग करके.। इसके लिए सबसे उपयुक्त concept कौन-सा है?","A protocol used to transfer files between a client and a server over a network, typically using ports 20 and 21.","A protocol used to transfer files between a client and a server over a network, typically using ports 20 and 21.","A protocol used to send email messages between servers, typically operating over port 25.","A protocol used to send email messages between servers, typically operating over port 25.","A protocol/system that translates human-readable domain names into IP addresses, typically using port 53.","A protocol/system that translates human-readable domain names into IP addresses, typically using port 53.",A protocol that automatically assigns IP addresses and other network configuration to devices on a network.,A protocol that automatically assigns IP addresses and other network configuration to devices on a network.,A,"FTP: A protocol used to transfer files between a client and a server over a network, typically using ports 20 and 21.","FTP: एक प्रोटोकॉल जिसका उपयोग नेटवर्क पर क्लाइंट और सर्वर के बीच फ़ाइलें स्थानांतरित करने के लिए किया जाता है, आमतौर पर पोर्ट 20 और 21 का उपयोग करके.",Computer Networks,कंप्यूटर नेटवर्क,Protocols,प्रोटोकॉल,Hard,1,0.25
"A system designer needs the property described as: A protocol used to transfer files between a client and a server over a network, typically using ports 20 and 21.. Which concept is being used?","एक system designer को यह property चाहिए: एक प्रोटोकॉल जिसका उपयोग नेटवर्क पर क्लाइंट और सर्वर के बीच फ़ाइलें स्थानांतरित करने के लिए किया जाता है, आमतौर पर पोर्ट 20 और 21 का उपयोग करके.। कौन-सा concept उपयोग हो रहा है?","A protocol used to send email messages between servers, typically operating over port 25.","A protocol used to send email messages between servers, typically operating over port 25.","A protocol/system that translates human-readable domain names into IP addresses, typically using port 53.","A protocol/system that translates human-readable domain names into IP addresses, typically using port 53.",A protocol that automatically assigns IP addresses and other network configuration to devices on a network.,A protocol that automatically assigns IP addresses and other network configuration to devices on a network.,"A protocol used to transfer files between a client and a server over a network, typically using ports 20 and 21.","A protocol used to transfer files between a client and a server over a network, typically using ports 20 and 21.",D,"FTP: A protocol used to transfer files between a client and a server over a network, typically using ports 20 and 21.","FTP: एक प्रोटोकॉल जिसका उपयोग नेटवर्क पर क्लाइंट और सर्वर के बीच फ़ाइलें स्थानांतरित करने के लिए किया जाता है, आमतौर पर पोर्ट 20 और 21 का उपयोग करके.",Computer Networks,कंप्यूटर नेटवर्क,Protocols,प्रोटोकॉल,Medium,1,0.25
"Which concept should an engineer identify from this technical description: A protocol used to transfer files between a client and a server over a network, typically using ports 20 and 21.?","इस technical description से engineer को कौन-सा concept पहचानना चाहिए: एक प्रोटोकॉल जिसका उपयोग नेटवर्क पर क्लाइंट और सर्वर के बीच फ़ाइलें स्थानांतरित करने के लिए किया जाता है, आमतौर पर पोर्ट 20 और 21 का उपयोग करके.?","A protocol/system that translates human-readable domain names into IP addresses, typically using port 53.","A protocol/system that translates human-readable domain names into IP addresses, typically using port 53.",A protocol that automatically assigns IP addresses and other network configuration to devices on a network.,A protocol that automatically assigns IP addresses and other network configuration to devices on a network.,"A protocol used to transfer files between a client and a server over a network, typically using ports 20 and 21.","A protocol used to transfer files between a client and a server over a network, typically using ports 20 and 21.","A protocol used to send email messages between servers, typically operating over port 25.","A protocol used to send email messages between servers, typically operating over port 25.",C,"FTP: A protocol used to transfer files between a client and a server over a network, typically using ports 20 and 21.","FTP: एक प्रोटोकॉल जिसका उपयोग नेटवर्क पर क्लाइंट और सर्वर के बीच फ़ाइलें स्थानांतरित करने के लिए किया जाता है, आमतौर पर पोर्ट 20 और 21 का उपयोग करके.",Computer Networks,कंप्यूटर नेटवर्क,Protocols,प्रोटोकॉल,Hard,1,0.25
"In a scenario where the following behavior is required — A protocol used to transfer files between a client and a server over a network, typically using ports 20 and 21. — which concept is appropriate?","जिस scenario में यह behavior चाहिए — एक प्रोटोकॉल जिसका उपयोग नेटवर्क पर क्लाइंट और सर्वर के बीच फ़ाइलें स्थानांतरित करने के लिए किया जाता है, आमतौर पर पोर्ट 20 और 21 का उपयोग करके. — वहाँ कौन-सा concept उपयुक्त है?",A protocol that automatically assigns IP addresses and other network configuration to devices on a network.,A protocol that automatically assigns IP addresses and other network configuration to devices on a network.,"A protocol used to transfer files between a client and a server over a network, typically using ports 20 and 21.","A protocol used to transfer files between a client and a server over a network, typically using ports 20 and 21.","A protocol used to send email messages between servers, typically operating over port 25.","A protocol used to send email messages between servers, typically operating over port 25.","A protocol/system that translates human-readable domain names into IP addresses, typically using port 53.","A protocol/system that translates human-readable domain names into IP addresses, typically using port 53.",B,"FTP: A protocol used to transfer files between a client and a server over a network, typically using ports 20 and 21.","FTP: एक प्रोटोकॉल जिसका उपयोग नेटवर्क पर क्लाइंट और सर्वर के बीच फ़ाइलें स्थानांतरित करने के लिए किया जाता है, आमतौर पर पोर्ट 20 और 21 का उपयोग करके.",Computer Networks,कंप्यूटर नेटवर्क,Protocols,प्रोटोकॉल,Hard,1,0.25
"An exam asks which concept would be selected when the requirement is: A protocol used to send email messages between servers, typically operating over port 25.. Which concept fits best?","एक परीक्षा में आवश्यकता दी गई है: एक प्रोटोकॉल जिसका उपयोग सर्वरों के बीच ईमेल संदेश भेजने के लिए किया जाता है, आमतौर पर पोर्ट 25 पर काम करता है.। इसके लिए सबसे उपयुक्त concept कौन-सा है?","A protocol used to send email messages between servers, typically operating over port 25.","A protocol used to send email messages between servers, typically operating over port 25.","A protocol/system that translates human-readable domain names into IP addresses, typically using port 53.","A protocol/system that translates human-readable domain names into IP addresses, typically using port 53.",A protocol that automatically assigns IP addresses and other network configuration to devices on a network.,A protocol that automatically assigns IP addresses and other network configuration to devices on a network.,"A connection-oriented transport layer protocol that guarantees reliable, ordered delivery of data.","A connection-oriented transport layer protocol that guarantees reliable, ordered delivery of data.",A,"SMTP: A protocol used to send email messages between servers, typically operating over port 25.","SMTP: एक प्रोटोकॉल जिसका उपयोग सर्वरों के बीच ईमेल संदेश भेजने के लिए किया जाता है, आमतौर पर पोर्ट 25 पर काम करता है.",Computer Networks,कंप्यूटर नेटवर्क,Protocols,प्रोटोकॉल,Medium,1,0.25
"A system designer needs the property described as: A protocol used to send email messages between servers, typically operating over port 25.. Which concept is being used?","एक system designer को यह property चाहिए: एक प्रोटोकॉल जिसका उपयोग सर्वरों के बीच ईमेल संदेश भेजने के लिए किया जाता है, आमतौर पर पोर्ट 25 पर काम करता है.। कौन-सा concept उपयोग हो रहा है?","A protocol/system that translates human-readable domain names into IP addresses, typically using port 53.","A protocol/system that translates human-readable domain names into IP addresses, typically using port 53.",A protocol that automatically assigns IP addresses and other network configuration to devices on a network.,A protocol that automatically assigns IP addresses and other network configuration to devices on a network.,"A connection-oriented transport layer protocol that guarantees reliable, ordered delivery of data.","A connection-oriented transport layer protocol that guarantees reliable, ordered delivery of data.","A protocol used to send email messages between servers, typically operating over port 25.","A protocol used to send email messages between servers, typically operating over port 25.",D,"SMTP: A protocol used to send email messages between servers, typically operating over port 25.","SMTP: एक प्रोटोकॉल जिसका उपयोग सर्वरों के बीच ईमेल संदेश भेजने के लिए किया जाता है, आमतौर पर पोर्ट 25 पर काम करता है.",Computer Networks,कंप्यूटर नेटवर्क,Protocols,प्रोटोकॉल,Hard,1,0.25
"Which concept should an engineer identify from this technical description: A protocol used to send email messages between servers, typically operating over port 25.?","इस technical description से engineer को कौन-सा concept पहचानना चाहिए: एक प्रोटोकॉल जिसका उपयोग सर्वरों के बीच ईमेल संदेश भेजने के लिए किया जाता है, आमतौर पर पोर्ट 25 पर काम करता है.?",A protocol that automatically assigns IP addresses and other network configuration to devices on a network.,A protocol that automatically assigns IP addresses and other network configuration to devices on a network.,"A connection-oriented transport layer protocol that guarantees reliable, ordered delivery of data.","A connection-oriented transport layer protocol that guarantees reliable, ordered delivery of data.","A protocol used to send email messages between servers, typically operating over port 25.","A protocol used to send email messages between servers, typically operating over port 25.","A protocol/system that translates human-readable domain names into IP addresses, typically using port 53.","A protocol/system that translates human-readable domain names into IP addresses, typically using port 53.",C,"SMTP: A protocol used to send email messages between servers, typically operating over port 25.","SMTP: एक प्रोटोकॉल जिसका उपयोग सर्वरों के बीच ईमेल संदेश भेजने के लिए किया जाता है, आमतौर पर पोर्ट 25 पर काम करता है.",Computer Networks,कंप्यूटर नेटवर्क,Protocols,प्रोटोकॉल,Hard,1,0.25
"In a scenario where the following behavior is required — A protocol used to send email messages between servers, typically operating over port 25. — which concept is appropriate?","जिस scenario में यह behavior चाहिए — एक प्रोटोकॉल जिसका उपयोग सर्वरों के बीच ईमेल संदेश भेजने के लिए किया जाता है, आमतौर पर पोर्ट 25 पर काम करता है. — वहाँ कौन-सा concept उपयुक्त है?","A connection-oriented transport layer protocol that guarantees reliable, ordered delivery of data.","A connection-oriented transport layer protocol that guarantees reliable, ordered delivery of data.","A protocol used to send email messages between servers, typically operating over port 25.","A protocol used to send email messages between servers, typically operating over port 25.","A protocol/system that translates human-readable domain names into IP addresses, typically using port 53.","A protocol/system that translates human-readable domain names into IP addresses, typically using port 53.",A protocol that automatically assigns IP addresses and other network configuration to devices on a network.,A protocol that automatically assigns IP addresses and other network configuration to devices on a network.,B,"SMTP: A protocol used to send email messages between servers, typically operating over port 25.","SMTP: एक प्रोटोकॉल जिसका उपयोग सर्वरों के बीच ईमेल संदेश भेजने के लिए किया जाता है, आमतौर पर पोर्ट 25 पर काम करता है.",Computer Networks,कंप्यूटर नेटवर्क,Protocols,प्रोटोकॉल,Medium,1,0.25
"An exam asks which concept would be selected when the requirement is: A protocol/system that translates human-readable domain names into IP addresses, typically using port 53.. Which concept fits best?","एक परीक्षा में आवश्यकता दी गई है: एक प्रोटोकॉल/प्रणाली जो मानव-पठनीय डोमेन नामों को IP पतों में अनुवादित करती है, आमतौर पर पोर्ट 53 का उपयोग करके.। इसके लिए सबसे उपयुक्त concept कौन-सा है?","A protocol/system that translates human-readable domain names into IP addresses, typically using port 53.","A protocol/system that translates human-readable domain names into IP addresses, typically using port 53.",A protocol that automatically assigns IP addresses and other network configuration to devices on a network.,A protocol that automatically assigns IP addresses and other network configuration to devices on a network.,"A connection-oriented transport layer protocol that guarantees reliable, ordered delivery of data.","A connection-oriented transport layer protocol that guarantees reliable, ordered delivery of data.","A connectionless transport layer protocol that sends data without guaranteeing delivery or order, favoring speed.","A connectionless transport layer protocol that sends data without guaranteeing delivery or order, favoring speed.",A,"DNS: A protocol/system that translates human-readable domain names into IP addresses, typically using port 53.","DNS: एक प्रोटोकॉल/प्रणाली जो मानव-पठनीय डोमेन नामों को IP पतों में अनुवादित करती है, आमतौर पर पोर्ट 53 का उपयोग करके.",Computer Networks,कंप्यूटर नेटवर्क,Protocols,प्रोटोकॉल,Hard,1,0.25
"A system designer needs the property described as: A protocol/system that translates human-readable domain names into IP addresses, typically using port 53.. Which concept is being used?","एक system designer को यह property चाहिए: एक प्रोटोकॉल/प्रणाली जो मानव-पठनीय डोमेन नामों को IP पतों में अनुवादित करती है, आमतौर पर पोर्ट 53 का उपयोग करके.। कौन-सा concept उपयोग हो रहा है?",A protocol that automatically assigns IP addresses and other network configuration to devices on a network.,A protocol that automatically assigns IP addresses and other network configuration to devices on a network.,"A connection-oriented transport layer protocol that guarantees reliable, ordered delivery of data.","A connection-oriented transport layer protocol that guarantees reliable, ordered delivery of data.","A connectionless transport layer protocol that sends data without guaranteeing delivery or order, favoring speed.","A connectionless transport layer protocol that sends data without guaranteeing delivery or order, favoring speed.","A protocol/system that translates human-readable domain names into IP addresses, typically using port 53.","A protocol/system that translates human-readable domain names into IP addresses, typically using port 53.",D,"DNS: A protocol/system that translates human-readable domain names into IP addresses, typically using port 53.","DNS: एक प्रोटोकॉल/प्रणाली जो मानव-पठनीय डोमेन नामों को IP पतों में अनुवादित करती है, आमतौर पर पोर्ट 53 का उपयोग करके.",Computer Networks,कंप्यूटर नेटवर्क,Protocols,प्रोटोकॉल,Hard,1,0.25
"Which concept should an engineer identify from this technical description: A protocol/system that translates human-readable domain names into IP addresses, typically using port 53.?","इस technical description से engineer को कौन-सा concept पहचानना चाहिए: एक प्रोटोकॉल/प्रणाली जो मानव-पठनीय डोमेन नामों को IP पतों में अनुवादित करती है, आमतौर पर पोर्ट 53 का उपयोग करके.?","A connection-oriented transport layer protocol that guarantees reliable, ordered delivery of data.","A connection-oriented transport layer protocol that guarantees reliable, ordered delivery of data.","A connectionless transport layer protocol that sends data without guaranteeing delivery or order, favoring speed.","A connectionless transport layer protocol that sends data without guaranteeing delivery or order, favoring speed.","A protocol/system that translates human-readable domain names into IP addresses, typically using port 53.","A protocol/system that translates human-readable domain names into IP addresses, typically using port 53.",A protocol that automatically assigns IP addresses and other network configuration to devices on a network.,A protocol that automatically assigns IP addresses and other network configuration to devices on a network.,C,"DNS: A protocol/system that translates human-readable domain names into IP addresses, typically using port 53.","DNS: एक प्रोटोकॉल/प्रणाली जो मानव-पठनीय डोमेन नामों को IP पतों में अनुवादित करती है, आमतौर पर पोर्ट 53 का उपयोग करके.",Computer Networks,कंप्यूटर नेटवर्क,Protocols,प्रोटोकॉल,Medium,1,0.25
"In a scenario where the following behavior is required — A protocol/system that translates human-readable domain names into IP addresses, typically using port 53. — which concept is appropriate?","जिस scenario में यह behavior चाहिए — एक प्रोटोकॉल/प्रणाली जो मानव-पठनीय डोमेन नामों को IP पतों में अनुवादित करती है, आमतौर पर पोर्ट 53 का उपयोग करके. — वहाँ कौन-सा concept उपयुक्त है?","A connectionless transport layer protocol that sends data without guaranteeing delivery or order, favoring speed.","A connectionless transport layer protocol that sends data without guaranteeing delivery or order, favoring speed.","A protocol/system that translates human-readable domain names into IP addresses, typically using port 53.","A protocol/system that translates human-readable domain names into IP addresses, typically using port 53.",A protocol that automatically assigns IP addresses and other network configuration to devices on a network.,A protocol that automatically assigns IP addresses and other network configuration to devices on a network.,"A connection-oriented transport layer protocol that guarantees reliable, ordered delivery of data.","A connection-oriented transport layer protocol that guarantees reliable, ordered delivery of data.",B,"DNS: A protocol/system that translates human-readable domain names into IP addresses, typically using port 53.","DNS: एक प्रोटोकॉल/प्रणाली जो मानव-पठनीय डोमेन नामों को IP पतों में अनुवादित करती है, आमतौर पर पोर्ट 53 का उपयोग करके.",Computer Networks,कंप्यूटर नेटवर्क,Protocols,प्रोटोकॉल,Hard,1,0.25
An exam asks which concept would be selected when the requirement is: A protocol that automatically assigns IP addresses and other network configuration to devices on a network.. Which concept fits best?,एक परीक्षा में आवश्यकता दी गई है: एक प्रोटोकॉल जो नेटवर्क पर उपकरणों को स्वचालित रूप से IP पते और अन्य नेटवर्क कॉन्फ़िगरेशन प्रदान करता है.। इसके लिए सबसे उपयुक्त concept कौन-सा है?,A protocol that automatically assigns IP addresses and other network configuration to devices on a network.,A protocol that automatically assigns IP addresses and other network configuration to devices on a network.,"A connection-oriented transport layer protocol that guarantees reliable, ordered delivery of data.","A connection-oriented transport layer protocol that guarantees reliable, ordered delivery of data.","A connectionless transport layer protocol that sends data without guaranteeing delivery or order, favoring speed.","A connectionless transport layer protocol that sends data without guaranteeing delivery or order, favoring speed.",A protocol used to map an IP address to a physical MAC address on a local network.,A protocol used to map an IP address to a physical MAC address on a local network.,A,DHCP: A protocol that automatically assigns IP addresses and other network configuration to devices on a network.,DHCP: एक प्रोटोकॉल जो नेटवर्क पर उपकरणों को स्वचालित रूप से IP पते और अन्य नेटवर्क कॉन्फ़िगरेशन प्रदान करता है.,Computer Networks,कंप्यूटर नेटवर्क,Protocols,प्रोटोकॉल,Hard,1,0.25
A system designer needs the property described as: A protocol that automatically assigns IP addresses and other network configuration to devices on a network.. Which concept is being used?,एक system designer को यह property चाहिए: एक प्रोटोकॉल जो नेटवर्क पर उपकरणों को स्वचालित रूप से IP पते और अन्य नेटवर्क कॉन्फ़िगरेशन प्रदान करता है.। कौन-सा concept उपयोग हो रहा है?,"A connection-oriented transport layer protocol that guarantees reliable, ordered delivery of data.","A connection-oriented transport layer protocol that guarantees reliable, ordered delivery of data.","A connectionless transport layer protocol that sends data without guaranteeing delivery or order, favoring speed.","A connectionless transport layer protocol that sends data without guaranteeing delivery or order, favoring speed.",A protocol used to map an IP address to a physical MAC address on a local network.,A protocol used to map an IP address to a physical MAC address on a local network.,A protocol that automatically assigns IP addresses and other network configuration to devices on a network.,A protocol that automatically assigns IP addresses and other network configuration to devices on a network.,D,DHCP: A protocol that automatically assigns IP addresses and other network configuration to devices on a network.,DHCP: एक प्रोटोकॉल जो नेटवर्क पर उपकरणों को स्वचालित रूप से IP पते और अन्य नेटवर्क कॉन्फ़िगरेशन प्रदान करता है.,Computer Networks,कंप्यूटर नेटवर्क,Protocols,प्रोटोकॉल,Medium,1,0.25
Which concept should an engineer identify from this technical description: A protocol that automatically assigns IP addresses and other network configuration to devices on a network.?,इस technical description से engineer को कौन-सा concept पहचानना चाहिए: एक प्रोटोकॉल जो नेटवर्क पर उपकरणों को स्वचालित रूप से IP पते और अन्य नेटवर्क कॉन्फ़िगरेशन प्रदान करता है.?,"A connectionless transport layer protocol that sends data without guaranteeing delivery or order, favoring speed.","A connectionless transport layer protocol that sends data without guaranteeing delivery or order, favoring speed.",A protocol used to map an IP address to a physical MAC address on a local network.,A protocol used to map an IP address to a physical MAC address on a local network.,A protocol that automatically assigns IP addresses and other network configuration to devices on a network.,A protocol that automatically assigns IP addresses and other network configuration to devices on a network.,"A connection-oriented transport layer protocol that guarantees reliable, ordered delivery of data.","A connection-oriented transport layer protocol that guarantees reliable, ordered delivery of data.",C,DHCP: A protocol that automatically assigns IP addresses and other network configuration to devices on a network.,DHCP: एक प्रोटोकॉल जो नेटवर्क पर उपकरणों को स्वचालित रूप से IP पते और अन्य नेटवर्क कॉन्फ़िगरेशन प्रदान करता है.,Computer Networks,कंप्यूटर नेटवर्क,Protocols,प्रोटोकॉल,Hard,1,0.25
In a scenario where the following behavior is required — A protocol that automatically assigns IP addresses and other network configuration to devices on a network. — which concept is appropriate?,जिस scenario में यह behavior चाहिए — एक प्रोटोकॉल जो नेटवर्क पर उपकरणों को स्वचालित रूप से IP पते और अन्य नेटवर्क कॉन्फ़िगरेशन प्रदान करता है. — वहाँ कौन-सा concept उपयुक्त है?,A protocol used to map an IP address to a physical MAC address on a local network.,A protocol used to map an IP address to a physical MAC address on a local network.,A protocol that automatically assigns IP addresses and other network configuration to devices on a network.,A protocol that automatically assigns IP addresses and other network configuration to devices on a network.,"A connection-oriented transport layer protocol that guarantees reliable, ordered delivery of data.","A connection-oriented transport layer protocol that guarantees reliable, ordered delivery of data.","A connectionless transport layer protocol that sends data without guaranteeing delivery or order, favoring speed.","A connectionless transport layer protocol that sends data without guaranteeing delivery or order, favoring speed.",B,DHCP: A protocol that automatically assigns IP addresses and other network configuration to devices on a network.,DHCP: एक प्रोटोकॉल जो नेटवर्क पर उपकरणों को स्वचालित रूप से IP पते और अन्य नेटवर्क कॉन्फ़िगरेशन प्रदान करता है.,Computer Networks,कंप्यूटर नेटवर्क,Protocols,प्रोटोकॉल,Hard,1,0.25
"An exam asks which concept would be selected when the requirement is: A connection-oriented transport layer protocol that guarantees reliable, ordered delivery of data.. Which concept fits best?","एक परीक्षा में आवश्यकता दी गई है: एक कनेक्शन-उन्मुख ट्रांसपोर्ट लेयर प्रोटोकॉल जो डेटा की विश्वसनीय, क्रमबद्ध डिलीवरी की गारंटी देता है.। इसके लिए सबसे उपयुक्त concept कौन-सा है?","A connection-oriented transport layer protocol that guarantees reliable, ordered delivery of data.","A connection-oriented transport layer protocol that guarantees reliable, ordered delivery of data.","A connectionless transport layer protocol that sends data without guaranteeing delivery or order, favoring speed.","A connectionless transport layer protocol that sends data without guaranteeing delivery or order, favoring speed.",A protocol used to map an IP address to a physical MAC address on a local network.,A protocol used to map an IP address to a physical MAC address on a local network.,"A protocol used for diagnostic and error-reporting purposes, such as in the 'ping' command.","A protocol used for diagnostic and error-reporting purposes, such as in the 'ping' command.",A,"TCP: A connection-oriented transport layer protocol that guarantees reliable, ordered delivery of data.","TCP: एक कनेक्शन-उन्मुख ट्रांसपोर्ट लेयर प्रोटोकॉल जो डेटा की विश्वसनीय, क्रमबद्ध डिलीवरी की गारंटी देता है.",Computer Networks,कंप्यूटर नेटवर्क,Protocols,प्रोटोकॉल,Medium,1,0.25
"A system designer needs the property described as: A connection-oriented transport layer protocol that guarantees reliable, ordered delivery of data.. Which concept is being used?","एक system designer को यह property चाहिए: एक कनेक्शन-उन्मुख ट्रांसपोर्ट लेयर प्रोटोकॉल जो डेटा की विश्वसनीय, क्रमबद्ध डिलीवरी की गारंटी देता है.। कौन-सा concept उपयोग हो रहा है?","A connectionless transport layer protocol that sends data without guaranteeing delivery or order, favoring speed.","A connectionless transport layer protocol that sends data without guaranteeing delivery or order, favoring speed.",A protocol used to map an IP address to a physical MAC address on a local network.,A protocol used to map an IP address to a physical MAC address on a local network.,"A protocol used for diagnostic and error-reporting purposes, such as in the 'ping' command.","A protocol used for diagnostic and error-reporting purposes, such as in the 'ping' command.","A connection-oriented transport layer protocol that guarantees reliable, ordered delivery of data.","A connection-oriented transport layer protocol that guarantees reliable, ordered delivery of data.",D,"TCP: A connection-oriented transport layer protocol that guarantees reliable, ordered delivery of data.","TCP: एक कनेक्शन-उन्मुख ट्रांसपोर्ट लेयर प्रोटोकॉल जो डेटा की विश्वसनीय, क्रमबद्ध डिलीवरी की गारंटी देता है.",Computer Networks,कंप्यूटर नेटवर्क,Protocols,प्रोटोकॉल,Hard,1,0.25
"Which concept should an engineer identify from this technical description: A connection-oriented transport layer protocol that guarantees reliable, ordered delivery of data.?","इस technical description से engineer को कौन-सा concept पहचानना चाहिए: एक कनेक्शन-उन्मुख ट्रांसपोर्ट लेयर प्रोटोकॉल जो डेटा की विश्वसनीय, क्रमबद्ध डिलीवरी की गारंटी देता है.?",A protocol used to map an IP address to a physical MAC address on a local network.,A protocol used to map an IP address to a physical MAC address on a local network.,"A protocol used for diagnostic and error-reporting purposes, such as in the 'ping' command.","A protocol used for diagnostic and error-reporting purposes, such as in the 'ping' command.","A connection-oriented transport layer protocol that guarantees reliable, ordered delivery of data.","A connection-oriented transport layer protocol that guarantees reliable, ordered delivery of data.","A connectionless transport layer protocol that sends data without guaranteeing delivery or order, favoring speed.","A connectionless transport layer protocol that sends data without guaranteeing delivery or order, favoring speed.",C,"TCP: A connection-oriented transport layer protocol that guarantees reliable, ordered delivery of data.","TCP: एक कनेक्शन-उन्मुख ट्रांसपोर्ट लेयर प्रोटोकॉल जो डेटा की विश्वसनीय, क्रमबद्ध डिलीवरी की गारंटी देता है.",Computer Networks,कंप्यूटर नेटवर्क,Protocols,प्रोटोकॉल,Hard,1,0.25
"In a scenario where the following behavior is required — A connection-oriented transport layer protocol that guarantees reliable, ordered delivery of data. — which concept is appropriate?","जिस scenario में यह behavior चाहिए — एक कनेक्शन-उन्मुख ट्रांसपोर्ट लेयर प्रोटोकॉल जो डेटा की विश्वसनीय, क्रमबद्ध डिलीवरी की गारंटी देता है. — वहाँ कौन-सा concept उपयुक्त है?","A protocol used for diagnostic and error-reporting purposes, such as in the 'ping' command.","A protocol used for diagnostic and error-reporting purposes, such as in the 'ping' command.","A connection-oriented transport layer protocol that guarantees reliable, ordered delivery of data.","A connection-oriented transport layer protocol that guarantees reliable, ordered delivery of data.","A connectionless transport layer protocol that sends data without guaranteeing delivery or order, favoring speed.","A connectionless transport layer protocol that sends data without guaranteeing delivery or order, favoring speed.",A protocol used to map an IP address to a physical MAC address on a local network.,A protocol used to map an IP address to a physical MAC address on a local network.,B,"TCP: A connection-oriented transport layer protocol that guarantees reliable, ordered delivery of data.","TCP: एक कनेक्शन-उन्मुख ट्रांसपोर्ट लेयर प्रोटोकॉल जो डेटा की विश्वसनीय, क्रमबद्ध डिलीवरी की गारंटी देता है.",Computer Networks,कंप्यूटर नेटवर्क,Protocols,प्रोटोकॉल,Medium,1,0.25
"An exam asks which concept would be selected when the requirement is: A connectionless transport layer protocol that sends data without guaranteeing delivery or order, favoring speed.. Which concept fits best?","एक परीक्षा में आवश्यकता दी गई है: एक कनेक्शन रहित ट्रांसपोर्ट लेयर प्रोटोकॉल जो डिलीवरी या क्रम की गारंटी दिए बिना डेटा भेजता है, गति को प्राथमिकता देते हुए.। इसके लिए सबसे उपयुक्त concept कौन-सा है?","A connectionless transport layer protocol that sends data without guaranteeing delivery or order, favoring speed.","A connectionless transport layer protocol that sends data without guaranteeing delivery or order, favoring speed.",A protocol used to map an IP address to a physical MAC address on a local network.,A protocol used to map an IP address to a physical MAC address on a local network.,"A protocol used for diagnostic and error-reporting purposes, such as in the 'ping' command.","A protocol used for diagnostic and error-reporting purposes, such as in the 'ping' command.",A protocol used for collecting and organizing information about managed devices on IP networks.,A protocol used for collecting and organizing information about managed devices on IP networks.,A,"UDP: A connectionless transport layer protocol that sends data without guaranteeing delivery or order, favoring speed.","UDP: एक कनेक्शन रहित ट्रांसपोर्ट लेयर प्रोटोकॉल जो डिलीवरी या क्रम की गारंटी दिए बिना डेटा भेजता है, गति को प्राथमिकता देते हुए.",Computer Networks,कंप्यूटर नेटवर्क,Protocols,प्रोटोकॉल,Hard,1,0.25
"A system designer needs the property described as: A connectionless transport layer protocol that sends data without guaranteeing delivery or order, favoring speed.. Which concept is being used?","एक system designer को यह property चाहिए: एक कनेक्शन रहित ट्रांसपोर्ट लेयर प्रोटोकॉल जो डिलीवरी या क्रम की गारंटी दिए बिना डेटा भेजता है, गति को प्राथमिकता देते हुए.। कौन-सा concept उपयोग हो रहा है?",A protocol used to map an IP address to a physical MAC address on a local network.,A protocol used to map an IP address to a physical MAC address on a local network.,"A protocol used for diagnostic and error-reporting purposes, such as in the 'ping' command.","A protocol used for diagnostic and error-reporting purposes, such as in the 'ping' command.",A protocol used for collecting and organizing information about managed devices on IP networks.,A protocol used for collecting and organizing information about managed devices on IP networks.,"A connectionless transport layer protocol that sends data without guaranteeing delivery or order, favoring speed.","A connectionless transport layer protocol that sends data without guaranteeing delivery or order, favoring speed.",D,"UDP: A connectionless transport layer protocol that sends data without guaranteeing delivery or order, favoring speed.","UDP: एक कनेक्शन रहित ट्रांसपोर्ट लेयर प्रोटोकॉल जो डिलीवरी या क्रम की गारंटी दिए बिना डेटा भेजता है, गति को प्राथमिकता देते हुए.",Computer Networks,कंप्यूटर नेटवर्क,Protocols,प्रोटोकॉल,Hard,1,0.25
"Which concept should an engineer identify from this technical description: A connectionless transport layer protocol that sends data without guaranteeing delivery or order, favoring speed.?","इस technical description से engineer को कौन-सा concept पहचानना चाहिए: एक कनेक्शन रहित ट्रांसपोर्ट लेयर प्रोटोकॉल जो डिलीवरी या क्रम की गारंटी दिए बिना डेटा भेजता है, गति को प्राथमिकता देते हुए.?","A protocol used for diagnostic and error-reporting purposes, such as in the 'ping' command.","A protocol used for diagnostic and error-reporting purposes, such as in the 'ping' command.",A protocol used for collecting and organizing information about managed devices on IP networks.,A protocol used for collecting and organizing information about managed devices on IP networks.,"A connectionless transport layer protocol that sends data without guaranteeing delivery or order, favoring speed.","A connectionless transport layer protocol that sends data without guaranteeing delivery or order, favoring speed.",A protocol used to map an IP address to a physical MAC address on a local network.,A protocol used to map an IP address to a physical MAC address on a local network.,C,"UDP: A connectionless transport layer protocol that sends data without guaranteeing delivery or order, favoring speed.","UDP: एक कनेक्शन रहित ट्रांसपोर्ट लेयर प्रोटोकॉल जो डिलीवरी या क्रम की गारंटी दिए बिना डेटा भेजता है, गति को प्राथमिकता देते हुए.",Computer Networks,कंप्यूटर नेटवर्क,Protocols,प्रोटोकॉल,Medium,1,0.25
"In a scenario where the following behavior is required — A connectionless transport layer protocol that sends data without guaranteeing delivery or order, favoring speed. — which concept is appropriate?","जिस scenario में यह behavior चाहिए — एक कनेक्शन रहित ट्रांसपोर्ट लेयर प्रोटोकॉल जो डिलीवरी या क्रम की गारंटी दिए बिना डेटा भेजता है, गति को प्राथमिकता देते हुए. — वहाँ कौन-सा concept उपयुक्त है?",A protocol used for collecting and organizing information about managed devices on IP networks.,A protocol used for collecting and organizing information about managed devices on IP networks.,"A connectionless transport layer protocol that sends data without guaranteeing delivery or order, favoring speed.","A connectionless transport layer protocol that sends data without guaranteeing delivery or order, favoring speed.",A protocol used to map an IP address to a physical MAC address on a local network.,A protocol used to map an IP address to a physical MAC address on a local network.,"A protocol used for diagnostic and error-reporting purposes, such as in the 'ping' command.","A protocol used for diagnostic and error-reporting purposes, such as in the 'ping' command.",B,"UDP: A connectionless transport layer protocol that sends data without guaranteeing delivery or order, favoring speed.","UDP: एक कनेक्शन रहित ट्रांसपोर्ट लेयर प्रोटोकॉल जो डिलीवरी या क्रम की गारंटी दिए बिना डेटा भेजता है, गति को प्राथमिकता देते हुए.",Computer Networks,कंप्यूटर नेटवर्क,Protocols,प्रोटोकॉल,Hard,1,0.25
An exam asks which concept would be selected when the requirement is: A protocol used to map an IP address to a physical MAC address on a local network.. Which concept fits best?,एक परीक्षा में आवश्यकता दी गई है: एक प्रोटोकॉल जिसका उपयोग स्थानीय नेटवर्क पर एक IP पते को भौतिक MAC पते से मैप करने के लिए किया जाता है.। इसके लिए सबसे उपयुक्त concept कौन-सा है?,A protocol used to map an IP address to a physical MAC address on a local network.,A protocol used to map an IP address to a physical MAC address on a local network.,"A protocol used for diagnostic and error-reporting purposes, such as in the 'ping' command.","A protocol used for diagnostic and error-reporting purposes, such as in the 'ping' command.",A protocol used for collecting and organizing information about managed devices on IP networks.,A protocol used for collecting and organizing information about managed devices on IP networks.,"An application layer protocol used to transfer hypertext (web pages) between a client and a server, typically over port 80.","An application layer protocol used to transfer hypertext (web pages) between a client and a server, typically over port 80.",A,ARP: A protocol used to map an IP address to a physical MAC address on a local network.,ARP: एक प्रोटोकॉल जिसका उपयोग स्थानीय नेटवर्क पर एक IP पते को भौतिक MAC पते से मैप करने के लिए किया जाता है.,Computer Networks,कंप्यूटर नेटवर्क,Protocols,प्रोटोकॉल,Hard,1,0.25
A system designer needs the property described as: A protocol used to map an IP address to a physical MAC address on a local network.. Which concept is being used?,एक system designer को यह property चाहिए: एक प्रोटोकॉल जिसका उपयोग स्थानीय नेटवर्क पर एक IP पते को भौतिक MAC पते से मैप करने के लिए किया जाता है.। कौन-सा concept उपयोग हो रहा है?,"A protocol used for diagnostic and error-reporting purposes, such as in the 'ping' command.","A protocol used for diagnostic and error-reporting purposes, such as in the 'ping' command.",A protocol used for collecting and organizing information about managed devices on IP networks.,A protocol used for collecting and organizing information about managed devices on IP networks.,"An application layer protocol used to transfer hypertext (web pages) between a client and a server, typically over port 80.","An application layer protocol used to transfer hypertext (web pages) between a client and a server, typically over port 80.",A protocol used to map an IP address to a physical MAC address on a local network.,A protocol used to map an IP address to a physical MAC address on a local network.,D,ARP: A protocol used to map an IP address to a physical MAC address on a local network.,ARP: एक प्रोटोकॉल जिसका उपयोग स्थानीय नेटवर्क पर एक IP पते को भौतिक MAC पते से मैप करने के लिए किया जाता है.,Computer Networks,कंप्यूटर नेटवर्क,Protocols,प्रोटोकॉल,Medium,1,0.25
Which concept should an engineer identify from this technical description: A protocol used to map an IP address to a physical MAC address on a local network.?,इस technical description से engineer को कौन-सा concept पहचानना चाहिए: एक प्रोटोकॉल जिसका उपयोग स्थानीय नेटवर्क पर एक IP पते को भौतिक MAC पते से मैप करने के लिए किया जाता है.?,A protocol used for collecting and organizing information about managed devices on IP networks.,A protocol used for collecting and organizing information about managed devices on IP networks.,"An application layer protocol used to transfer hypertext (web pages) between a client and a server, typically over port 80.","An application layer protocol used to transfer hypertext (web pages) between a client and a server, typically over port 80.",A protocol used to map an IP address to a physical MAC address on a local network.,A protocol used to map an IP address to a physical MAC address on a local network.,"A protocol used for diagnostic and error-reporting purposes, such as in the 'ping' command.","A protocol used for diagnostic and error-reporting purposes, such as in the 'ping' command.",C,ARP: A protocol used to map an IP address to a physical MAC address on a local network.,ARP: एक प्रोटोकॉल जिसका उपयोग स्थानीय नेटवर्क पर एक IP पते को भौतिक MAC पते से मैप करने के लिए किया जाता है.,Computer Networks,कंप्यूटर नेटवर्क,Protocols,प्रोटोकॉल,Hard,1,0.25
In a scenario where the following behavior is required — A protocol used to map an IP address to a physical MAC address on a local network. — which concept is appropriate?,जिस scenario में यह behavior चाहिए — एक प्रोटोकॉल जिसका उपयोग स्थानीय नेटवर्क पर एक IP पते को भौतिक MAC पते से मैप करने के लिए किया जाता है. — वहाँ कौन-सा concept उपयुक्त है?,"An application layer protocol used to transfer hypertext (web pages) between a client and a server, typically over port 80.","An application layer protocol used to transfer hypertext (web pages) between a client and a server, typically over port 80.",A protocol used to map an IP address to a physical MAC address on a local network.,A protocol used to map an IP address to a physical MAC address on a local network.,"A protocol used for diagnostic and error-reporting purposes, such as in the 'ping' command.","A protocol used for diagnostic and error-reporting purposes, such as in the 'ping' command.",A protocol used for collecting and organizing information about managed devices on IP networks.,A protocol used for collecting and organizing information about managed devices on IP networks.,B,ARP: A protocol used to map an IP address to a physical MAC address on a local network.,ARP: एक प्रोटोकॉल जिसका उपयोग स्थानीय नेटवर्क पर एक IP पते को भौतिक MAC पते से मैप करने के लिए किया जाता है.,Computer Networks,कंप्यूटर नेटवर्क,Protocols,प्रोटोकॉल,Hard,1,0.25
"An exam asks which concept would be selected when the requirement is: A protocol used for diagnostic and error-reporting purposes, such as in the 'ping' command.. Which concept fits best?","एक परीक्षा में आवश्यकता दी गई है: एक प्रोटोकॉल जिसका उपयोग निदान और त्रुटि-रिपोर्टिंग उद्देश्यों के लिए किया जाता है, जैसे 'ping' कमांड में.। इसके लिए सबसे उपयुक्त concept कौन-सा है?","A protocol used for diagnostic and error-reporting purposes, such as in the 'ping' command.","A protocol used for diagnostic and error-reporting purposes, such as in the 'ping' command.",A protocol used for collecting and organizing information about managed devices on IP networks.,A protocol used for collecting and organizing information about managed devices on IP networks.,"An application layer protocol used to transfer hypertext (web pages) between a client and a server, typically over port 80.","An application layer protocol used to transfer hypertext (web pages) between a client and a server, typically over port 80.","A secure version of HTTP that encrypts data using SSL/TLS, typically operating over port 443.","A secure version of HTTP that encrypts data using SSL/TLS, typically operating over port 443.",A,"ICMP: A protocol used for diagnostic and error-reporting purposes, such as in the 'ping' command.","ICMP: एक प्रोटोकॉल जिसका उपयोग निदान और त्रुटि-रिपोर्टिंग उद्देश्यों के लिए किया जाता है, जैसे 'ping' कमांड में.",Computer Networks,कंप्यूटर नेटवर्क,Protocols,प्रोटोकॉल,Medium,1,0.25
"A system designer needs the property described as: A protocol used for diagnostic and error-reporting purposes, such as in the 'ping' command.. Which concept is being used?","एक system designer को यह property चाहिए: एक प्रोटोकॉल जिसका उपयोग निदान और त्रुटि-रिपोर्टिंग उद्देश्यों के लिए किया जाता है, जैसे 'ping' कमांड में.। कौन-सा concept उपयोग हो रहा है?",A protocol used for collecting and organizing information about managed devices on IP networks.,A protocol used for collecting and organizing information about managed devices on IP networks.,"An application layer protocol used to transfer hypertext (web pages) between a client and a server, typically over port 80.","An application layer protocol used to transfer hypertext (web pages) between a client and a server, typically over port 80.","A secure version of HTTP that encrypts data using SSL/TLS, typically operating over port 443.","A secure version of HTTP that encrypts data using SSL/TLS, typically operating over port 443.","A protocol used for diagnostic and error-reporting purposes, such as in the 'ping' command.","A protocol used for diagnostic and error-reporting purposes, such as in the 'ping' command.",D,"ICMP: A protocol used for diagnostic and error-reporting purposes, such as in the 'ping' command.","ICMP: एक प्रोटोकॉल जिसका उपयोग निदान और त्रुटि-रिपोर्टिंग उद्देश्यों के लिए किया जाता है, जैसे 'ping' कमांड में.",Computer Networks,कंप्यूटर नेटवर्क,Protocols,प्रोटोकॉल,Hard,1,0.25
"Which concept should an engineer identify from this technical description: A protocol used for diagnostic and error-reporting purposes, such as in the 'ping' command.?","इस technical description से engineer को कौन-सा concept पहचानना चाहिए: एक प्रोटोकॉल जिसका उपयोग निदान और त्रुटि-रिपोर्टिंग उद्देश्यों के लिए किया जाता है, जैसे 'ping' कमांड में.?","An application layer protocol used to transfer hypertext (web pages) between a client and a server, typically over port 80.","An application layer protocol used to transfer hypertext (web pages) between a client and a server, typically over port 80.","A secure version of HTTP that encrypts data using SSL/TLS, typically operating over port 443.","A secure version of HTTP that encrypts data using SSL/TLS, typically operating over port 443.","A protocol used for diagnostic and error-reporting purposes, such as in the 'ping' command.","A protocol used for diagnostic and error-reporting purposes, such as in the 'ping' command.",A protocol used for collecting and organizing information about managed devices on IP networks.,A protocol used for collecting and organizing information about managed devices on IP networks.,C,"ICMP: A protocol used for diagnostic and error-reporting purposes, such as in the 'ping' command.","ICMP: एक प्रोटोकॉल जिसका उपयोग निदान और त्रुटि-रिपोर्टिंग उद्देश्यों के लिए किया जाता है, जैसे 'ping' कमांड में.",Computer Networks,कंप्यूटर नेटवर्क,Protocols,प्रोटोकॉल,Hard,1,0.25
"In a scenario where the following behavior is required — A protocol used for diagnostic and error-reporting purposes, such as in the 'ping' command. — which concept is appropriate?","जिस scenario में यह behavior चाहिए — एक प्रोटोकॉल जिसका उपयोग निदान और त्रुटि-रिपोर्टिंग उद्देश्यों के लिए किया जाता है, जैसे 'ping' कमांड में. — वहाँ कौन-सा concept उपयुक्त है?","A secure version of HTTP that encrypts data using SSL/TLS, typically operating over port 443.","A secure version of HTTP that encrypts data using SSL/TLS, typically operating over port 443.","A protocol used for diagnostic and error-reporting purposes, such as in the 'ping' command.","A protocol used for diagnostic and error-reporting purposes, such as in the 'ping' command.",A protocol used for collecting and organizing information about managed devices on IP networks.,A protocol used for collecting and organizing information about managed devices on IP networks.,"An application layer protocol used to transfer hypertext (web pages) between a client and a server, typically over port 80.","An application layer protocol used to transfer hypertext (web pages) between a client and a server, typically over port 80.",B,"ICMP: A protocol used for diagnostic and error-reporting purposes, such as in the 'ping' command.","ICMP: एक प्रोटोकॉल जिसका उपयोग निदान और त्रुटि-रिपोर्टिंग उद्देश्यों के लिए किया जाता है, जैसे 'ping' कमांड में.",Computer Networks,कंप्यूटर नेटवर्क,Protocols,प्रोटोकॉल,Medium,1,0.25
An exam asks which concept would be selected when the requirement is: A protocol used for collecting and organizing information about managed devices on IP networks.. Which concept fits best?,एक परीक्षा में आवश्यकता दी गई है: एक प्रोटोकॉल जिसका उपयोग IP नेटवर्क पर प्रबंधित उपकरणों के बारे में जानकारी एकत्र करने और व्यवस्थित करने के लिए किया जाता है.। इसके लिए सबसे उपयुक्त concept कौन-सा है?,A protocol used for collecting and organizing information about managed devices on IP networks.,A protocol used for collecting and organizing information about managed devices on IP networks.,"An application layer protocol used to transfer hypertext (web pages) between a client and a server, typically over port 80.","An application layer protocol used to transfer hypertext (web pages) between a client and a server, typically over port 80.","A secure version of HTTP that encrypts data using SSL/TLS, typically operating over port 443.","A secure version of HTTP that encrypts data using SSL/TLS, typically operating over port 443.","A protocol used to transfer files between a client and a server over a network, typically using ports 20 and 21.","A protocol used to transfer files between a client and a server over a network, typically using ports 20 and 21.",A,SNMP: A protocol used for collecting and organizing information about managed devices on IP networks.,SNMP: एक प्रोटोकॉल जिसका उपयोग IP नेटवर्क पर प्रबंधित उपकरणों के बारे में जानकारी एकत्र करने और व्यवस्थित करने के लिए किया जाता है.,Computer Networks,कंप्यूटर नेटवर्क,Protocols,प्रोटोकॉल,Hard,1,0.25
A system designer needs the property described as: A protocol used for collecting and organizing information about managed devices on IP networks.. Which concept is being used?,एक system designer को यह property चाहिए: एक प्रोटोकॉल जिसका उपयोग IP नेटवर्क पर प्रबंधित उपकरणों के बारे में जानकारी एकत्र करने और व्यवस्थित करने के लिए किया जाता है.। कौन-सा concept उपयोग हो रहा है?,"An application layer protocol used to transfer hypertext (web pages) between a client and a server, typically over port 80.","An application layer protocol used to transfer hypertext (web pages) between a client and a server, typically over port 80.","A secure version of HTTP that encrypts data using SSL/TLS, typically operating over port 443.","A secure version of HTTP that encrypts data using SSL/TLS, typically operating over port 443.","A protocol used to transfer files between a client and a server over a network, typically using ports 20 and 21.","A protocol used to transfer files between a client and a server over a network, typically using ports 20 and 21.",A protocol used for collecting and organizing information about managed devices on IP networks.,A protocol used for collecting and organizing information about managed devices on IP networks.,D,SNMP: A protocol used for collecting and organizing information about managed devices on IP networks.,SNMP: एक प्रोटोकॉल जिसका उपयोग IP नेटवर्क पर प्रबंधित उपकरणों के बारे में जानकारी एकत्र करने और व्यवस्थित करने के लिए किया जाता है.,Computer Networks,कंप्यूटर नेटवर्क,Protocols,प्रोटोकॉल,Hard,1,0.25
Which concept should an engineer identify from this technical description: A protocol used for collecting and organizing information about managed devices on IP networks.?,इस technical description से engineer को कौन-सा concept पहचानना चाहिए: एक प्रोटोकॉल जिसका उपयोग IP नेटवर्क पर प्रबंधित उपकरणों के बारे में जानकारी एकत्र करने और व्यवस्थित करने के लिए किया जाता है.?,"A secure version of HTTP that encrypts data using SSL/TLS, typically operating over port 443.","A secure version of HTTP that encrypts data using SSL/TLS, typically operating over port 443.","A protocol used to transfer files between a client and a server over a network, typically using ports 20 and 21.","A protocol used to transfer files between a client and a server over a network, typically using ports 20 and 21.",A protocol used for collecting and organizing information about managed devices on IP networks.,A protocol used for collecting and organizing information about managed devices on IP networks.,"An application layer protocol used to transfer hypertext (web pages) between a client and a server, typically over port 80.","An application layer protocol used to transfer hypertext (web pages) between a client and a server, typically over port 80.",C,SNMP: A protocol used for collecting and organizing information about managed devices on IP networks.,SNMP: एक प्रोटोकॉल जिसका उपयोग IP नेटवर्क पर प्रबंधित उपकरणों के बारे में जानकारी एकत्र करने और व्यवस्थित करने के लिए किया जाता है.,Computer Networks,कंप्यूटर नेटवर्क,Protocols,प्रोटोकॉल,Medium,1,0.25
In a scenario where the following behavior is required — A protocol used for collecting and organizing information about managed devices on IP networks. — which concept is appropriate?,जिस scenario में यह behavior चाहिए — एक प्रोटोकॉल जिसका उपयोग IP नेटवर्क पर प्रबंधित उपकरणों के बारे में जानकारी एकत्र करने और व्यवस्थित करने के लिए किया जाता है. — वहाँ कौन-सा concept उपयुक्त है?,"A protocol used to transfer files between a client and a server over a network, typically using ports 20 and 21.","A protocol used to transfer files between a client and a server over a network, typically using ports 20 and 21.",A protocol used for collecting and organizing information about managed devices on IP networks.,A protocol used for collecting and organizing information about managed devices on IP networks.,"An application layer protocol used to transfer hypertext (web pages) between a client and a server, typically over port 80.","An application layer protocol used to transfer hypertext (web pages) between a client and a server, typically over port 80.","A secure version of HTTP that encrypts data using SSL/TLS, typically operating over port 443.","A secure version of HTTP that encrypts data using SSL/TLS, typically operating over port 443.",B,SNMP: A protocol used for collecting and organizing information about managed devices on IP networks.,SNMP: एक प्रोटोकॉल जिसका उपयोग IP नेटवर्क पर प्रबंधित उपकरणों के बारे में जानकारी एकत्र करने और व्यवस्थित करने के लिए किया जाता है.,Computer Networks,कंप्यूटर नेटवर्क,Protocols,प्रोटोकॉल,Hard,1,0.25
An exam asks which concept would be selected when the requirement is: A fraudulent attempt to obtain sensitive information such as passwords by disguising as a trustworthy entity.. Which concept fits best?,एक परीक्षा में आवश्यकता दी गई है: एक विश्वसनीय इकाई का दिखावा करके पासवर्ड जैसी संवेदनशील जानकारी प्राप्त करने का धोखाधड़ी प्रयास.। इसके लिए सबसे उपयुक्त concept कौन-सा है?,A fraudulent attempt to obtain sensitive information such as passwords by disguising as a trustworthy entity.,A fraudulent attempt to obtain sensitive information such as passwords by disguising as a trustworthy entity.,"Malicious software designed to damage, disrupt, or gain unauthorized access to a computer system.","Malicious software designed to damage, disrupt, or gain unauthorized access to a computer system.",Malicious software that encrypts a victim's files and demands payment for the decryption key.,Malicious software that encrypts a victim's files and demands payment for the decryption key.,A network security system that monitors and controls incoming and outgoing traffic based on security rules.,A network security system that monitors and controls incoming and outgoing traffic based on security rules.,A,Phishing: A fraudulent attempt to obtain sensitive information such as passwords by disguising as a trustworthy entity.,फिशिंग: एक विश्वसनीय इकाई का दिखावा करके पासवर्ड जैसी संवेदनशील जानकारी प्राप्त करने का धोखाधड़ी प्रयास.,Cyber Security,साइबर सुरक्षा,Cyber Security,साइबर सुरक्षा,Medium,1,0.25
A system designer needs the property described as: A fraudulent attempt to obtain sensitive information such as passwords by disguising as a trustworthy entity.. Which concept is being used?,एक system designer को यह property चाहिए: एक विश्वसनीय इकाई का दिखावा करके पासवर्ड जैसी संवेदनशील जानकारी प्राप्त करने का धोखाधड़ी प्रयास.। कौन-सा concept उपयोग हो रहा है?,"Malicious software designed to damage, disrupt, or gain unauthorized access to a computer system.","Malicious software designed to damage, disrupt, or gain unauthorized access to a computer system.",Malicious software that encrypts a victim's files and demands payment for the decryption key.,Malicious software that encrypts a victim's files and demands payment for the decryption key.,A network security system that monitors and controls incoming and outgoing traffic based on security rules.,A network security system that monitors and controls incoming and outgoing traffic based on security rules.,A fraudulent attempt to obtain sensitive information such as passwords by disguising as a trustworthy entity.,A fraudulent attempt to obtain sensitive information such as passwords by disguising as a trustworthy entity.,D,Phishing: A fraudulent attempt to obtain sensitive information such as passwords by disguising as a trustworthy entity.,फिशिंग: एक विश्वसनीय इकाई का दिखावा करके पासवर्ड जैसी संवेदनशील जानकारी प्राप्त करने का धोखाधड़ी प्रयास.,Cyber Security,साइबर सुरक्षा,Cyber Security,साइबर सुरक्षा,Hard,1,0.25
Which concept should an engineer identify from this technical description: A fraudulent attempt to obtain sensitive information such as passwords by disguising as a trustworthy entity.?,इस technical description से engineer को कौन-सा concept पहचानना चाहिए: एक विश्वसनीय इकाई का दिखावा करके पासवर्ड जैसी संवेदनशील जानकारी प्राप्त करने का धोखाधड़ी प्रयास.?,Malicious software that encrypts a victim's files and demands payment for the decryption key.,Malicious software that encrypts a victim's files and demands payment for the decryption key.,A network security system that monitors and controls incoming and outgoing traffic based on security rules.,A network security system that monitors and controls incoming and outgoing traffic based on security rules.,A fraudulent attempt to obtain sensitive information such as passwords by disguising as a trustworthy entity.,A fraudulent attempt to obtain sensitive information such as passwords by disguising as a trustworthy entity.,"Malicious software designed to damage, disrupt, or gain unauthorized access to a computer system.","Malicious software designed to damage, disrupt, or gain unauthorized access to a computer system.",C,Phishing: A fraudulent attempt to obtain sensitive information such as passwords by disguising as a trustworthy entity.,फिशिंग: एक विश्वसनीय इकाई का दिखावा करके पासवर्ड जैसी संवेदनशील जानकारी प्राप्त करने का धोखाधड़ी प्रयास.,Cyber Security,साइबर सुरक्षा,Cyber Security,साइबर सुरक्षा,Hard,1,0.25
In a scenario where the following behavior is required — A fraudulent attempt to obtain sensitive information such as passwords by disguising as a trustworthy entity. — which concept is appropriate?,जिस scenario में यह behavior चाहिए — एक विश्वसनीय इकाई का दिखावा करके पासवर्ड जैसी संवेदनशील जानकारी प्राप्त करने का धोखाधड़ी प्रयास. — वहाँ कौन-सा concept उपयुक्त है?,A network security system that monitors and controls incoming and outgoing traffic based on security rules.,A network security system that monitors and controls incoming and outgoing traffic based on security rules.,A fraudulent attempt to obtain sensitive information such as passwords by disguising as a trustworthy entity.,A fraudulent attempt to obtain sensitive information such as passwords by disguising as a trustworthy entity.,"Malicious software designed to damage, disrupt, or gain unauthorized access to a computer system.","Malicious software designed to damage, disrupt, or gain unauthorized access to a computer system.",Malicious software that encrypts a victim's files and demands payment for the decryption key.,Malicious software that encrypts a victim's files and demands payment for the decryption key.,B,Phishing: A fraudulent attempt to obtain sensitive information such as passwords by disguising as a trustworthy entity.,फिशिंग: एक विश्वसनीय इकाई का दिखावा करके पासवर्ड जैसी संवेदनशील जानकारी प्राप्त करने का धोखाधड़ी प्रयास.,Cyber Security,साइबर सुरक्षा,Cyber Security,साइबर सुरक्षा,Medium,1,0.25
"An exam asks which concept would be selected when the requirement is: Malicious software designed to damage, disrupt, or gain unauthorized access to a computer system.. Which concept fits best?","एक परीक्षा में आवश्यकता दी गई है: दुर्भावनापूर्ण सॉफ्टवेयर जो कंप्यूटर सिस्टम को नुकसान पहुंचाने, बाधित करने या अनधिकृत पहुंच प्राप्त करने के लिए डिज़ाइन किया गया है.। इसके लिए सबसे उपयुक्त concept कौन-सा है?","Malicious software designed to damage, disrupt, or gain unauthorized access to a computer system.","Malicious software designed to damage, disrupt, or gain unauthorized access to a computer system.",Malicious software that encrypts a victim's files and demands payment for the decryption key.,Malicious software that encrypts a victim's files and demands payment for the decryption key.,A network security system that monitors and controls incoming and outgoing traffic based on security rules.,A network security system that monitors and controls incoming and outgoing traffic based on security rules.,"A technology that creates a secure, encrypted connection over a less secure network like the internet.","A technology that creates a secure, encrypted connection over a less secure network like the internet.",A,"Malware: Malicious software designed to damage, disrupt, or gain unauthorized access to a computer system.","मैलवेयर: दुर्भावनापूर्ण सॉफ्टवेयर जो कंप्यूटर सिस्टम को नुकसान पहुंचाने, बाधित करने या अनधिकृत पहुंच प्राप्त करने के लिए डिज़ाइन किया गया है.",Cyber Security,साइबर सुरक्षा,Cyber Security,साइबर सुरक्षा,Hard,1,0.25
"A system designer needs the property described as: Malicious software designed to damage, disrupt, or gain unauthorized access to a computer system.. Which concept is being used?","एक system designer को यह property चाहिए: दुर्भावनापूर्ण सॉफ्टवेयर जो कंप्यूटर सिस्टम को नुकसान पहुंचाने, बाधित करने या अनधिकृत पहुंच प्राप्त करने के लिए डिज़ाइन किया गया है.। कौन-सा concept उपयोग हो रहा है?",Malicious software that encrypts a victim's files and demands payment for the decryption key.,Malicious software that encrypts a victim's files and demands payment for the decryption key.,A network security system that monitors and controls incoming and outgoing traffic based on security rules.,A network security system that monitors and controls incoming and outgoing traffic based on security rules.,"A technology that creates a secure, encrypted connection over a less secure network like the internet.","A technology that creates a secure, encrypted connection over a less secure network like the internet.","Malicious software designed to damage, disrupt, or gain unauthorized access to a computer system.","Malicious software designed to damage, disrupt, or gain unauthorized access to a computer system.",D,"Malware: Malicious software designed to damage, disrupt, or gain unauthorized access to a computer system.","मैलवेयर: दुर्भावनापूर्ण सॉफ्टवेयर जो कंप्यूटर सिस्टम को नुकसान पहुंचाने, बाधित करने या अनधिकृत पहुंच प्राप्त करने के लिए डिज़ाइन किया गया है.",Cyber Security,साइबर सुरक्षा,Cyber Security,साइबर सुरक्षा,Hard,1,0.25
"Which concept should an engineer identify from this technical description: Malicious software designed to damage, disrupt, or gain unauthorized access to a computer system.?","इस technical description से engineer को कौन-सा concept पहचानना चाहिए: दुर्भावनापूर्ण सॉफ्टवेयर जो कंप्यूटर सिस्टम को नुकसान पहुंचाने, बाधित करने या अनधिकृत पहुंच प्राप्त करने के लिए डिज़ाइन किया गया है.?",A network security system that monitors and controls incoming and outgoing traffic based on security rules.,A network security system that monitors and controls incoming and outgoing traffic based on security rules.,"A technology that creates a secure, encrypted connection over a less secure network like the internet.","A technology that creates a secure, encrypted connection over a less secure network like the internet.","Malicious software designed to damage, disrupt, or gain unauthorized access to a computer system.","Malicious software designed to damage, disrupt, or gain unauthorized access to a computer system.",Malicious software that encrypts a victim's files and demands payment for the decryption key.,Malicious software that encrypts a victim's files and demands payment for the decryption key.,C,"Malware: Malicious software designed to damage, disrupt, or gain unauthorized access to a computer system.","मैलवेयर: दुर्भावनापूर्ण सॉफ्टवेयर जो कंप्यूटर सिस्टम को नुकसान पहुंचाने, बाधित करने या अनधिकृत पहुंच प्राप्त करने के लिए डिज़ाइन किया गया है.",Cyber Security,साइबर सुरक्षा,Cyber Security,साइबर सुरक्षा,Medium,1,0.25
"In a scenario where the following behavior is required — Malicious software designed to damage, disrupt, or gain unauthorized access to a computer system. — which concept is appropriate?","जिस scenario में यह behavior चाहिए — दुर्भावनापूर्ण सॉफ्टवेयर जो कंप्यूटर सिस्टम को नुकसान पहुंचाने, बाधित करने या अनधिकृत पहुंच प्राप्त करने के लिए डिज़ाइन किया गया है. — वहाँ कौन-सा concept उपयुक्त है?","A technology that creates a secure, encrypted connection over a less secure network like the internet.","A technology that creates a secure, encrypted connection over a less secure network like the internet.","Malicious software designed to damage, disrupt, or gain unauthorized access to a computer system.","Malicious software designed to damage, disrupt, or gain unauthorized access to a computer system.",Malicious software that encrypts a victim's files and demands payment for the decryption key.,Malicious software that encrypts a victim's files and demands payment for the decryption key.,A network security system that monitors and controls incoming and outgoing traffic based on security rules.,A network security system that monitors and controls incoming and outgoing traffic based on security rules.,B,"Malware: Malicious software designed to damage, disrupt, or gain unauthorized access to a computer system.","मैलवेयर: दुर्भावनापूर्ण सॉफ्टवेयर जो कंप्यूटर सिस्टम को नुकसान पहुंचाने, बाधित करने या अनधिकृत पहुंच प्राप्त करने के लिए डिज़ाइन किया गया है.",Cyber Security,साइबर सुरक्षा,Cyber Security,साइबर सुरक्षा,Hard,1,0.25
An exam asks which concept would be selected when the requirement is: Malicious software that encrypts a victim's files and demands payment for the decryption key.. Which concept fits best?,एक परीक्षा में आवश्यकता दी गई है: दुर्भावनापूर्ण सॉफ्टवेयर जो पीड़ित की फाइलों को एन्क्रिप्ट करता है और डिक्रिप्शन कुंजी के लिए भुगतान की मांग करता है.। इसके लिए सबसे उपयुक्त concept कौन-सा है?,Malicious software that encrypts a victim's files and demands payment for the decryption key.,Malicious software that encrypts a victim's files and demands payment for the decryption key.,A network security system that monitors and controls incoming and outgoing traffic based on security rules.,A network security system that monitors and controls incoming and outgoing traffic based on security rules.,"A technology that creates a secure, encrypted connection over a less secure network like the internet.","A technology that creates a secure, encrypted connection over a less secure network like the internet.",The process of converting readable data into a coded format to prevent unauthorized access.,The process of converting readable data into a coded format to prevent unauthorized access.,A,Ransomware: Malicious software that encrypts a victim's files and demands payment for the decryption key.,रैनसमवेयर: दुर्भावनापूर्ण सॉफ्टवेयर जो पीड़ित की फाइलों को एन्क्रिप्ट करता है और डिक्रिप्शन कुंजी के लिए भुगतान की मांग करता है.,Cyber Security,साइबर सुरक्षा,Cyber Security,साइबर सुरक्षा,Hard,1,0.25
A system designer needs the property described as: Malicious software that encrypts a victim's files and demands payment for the decryption key.. Which concept is being used?,एक system designer को यह property चाहिए: दुर्भावनापूर्ण सॉफ्टवेयर जो पीड़ित की फाइलों को एन्क्रिप्ट करता है और डिक्रिप्शन कुंजी के लिए भुगतान की मांग करता है.। कौन-सा concept उपयोग हो रहा है?,A network security system that monitors and controls incoming and outgoing traffic based on security rules.,A network security system that monitors and controls incoming and outgoing traffic based on security rules.,"A technology that creates a secure, encrypted connection over a less secure network like the internet.","A technology that creates a secure, encrypted connection over a less secure network like the internet.",The process of converting readable data into a coded format to prevent unauthorized access.,The process of converting readable data into a coded format to prevent unauthorized access.,Malicious software that encrypts a victim's files and demands payment for the decryption key.,Malicious software that encrypts a victim's files and demands payment for the decryption key.,D,Ransomware: Malicious software that encrypts a victim's files and demands payment for the decryption key.,रैनसमवेयर: दुर्भावनापूर्ण सॉफ्टवेयर जो पीड़ित की फाइलों को एन्क्रिप्ट करता है और डिक्रिप्शन कुंजी के लिए भुगतान की मांग करता है.,Cyber Security,साइबर सुरक्षा,Cyber Security,साइबर सुरक्षा,Medium,1,0.25
Which concept should an engineer identify from this technical description: Malicious software that encrypts a victim's files and demands payment for the decryption key.?,इस technical description से engineer को कौन-सा concept पहचानना चाहिए: दुर्भावनापूर्ण सॉफ्टवेयर जो पीड़ित की फाइलों को एन्क्रिप्ट करता है और डिक्रिप्शन कुंजी के लिए भुगतान की मांग करता है.?,"A technology that creates a secure, encrypted connection over a less secure network like the internet.","A technology that creates a secure, encrypted connection over a less secure network like the internet.",The process of converting readable data into a coded format to prevent unauthorized access.,The process of converting readable data into a coded format to prevent unauthorized access.,Malicious software that encrypts a victim's files and demands payment for the decryption key.,Malicious software that encrypts a victim's files and demands payment for the decryption key.,A network security system that monitors and controls incoming and outgoing traffic based on security rules.,A network security system that monitors and controls incoming and outgoing traffic based on security rules.,C,Ransomware: Malicious software that encrypts a victim's files and demands payment for the decryption key.,रैनसमवेयर: दुर्भावनापूर्ण सॉफ्टवेयर जो पीड़ित की फाइलों को एन्क्रिप्ट करता है और डिक्रिप्शन कुंजी के लिए भुगतान की मांग करता है.,Cyber Security,साइबर सुरक्षा,Cyber Security,साइबर सुरक्षा,Hard,1,0.25
In a scenario where the following behavior is required — Malicious software that encrypts a victim's files and demands payment for the decryption key. — which concept is appropriate?,जिस scenario में यह behavior चाहिए — दुर्भावनापूर्ण सॉफ्टवेयर जो पीड़ित की फाइलों को एन्क्रिप्ट करता है और डिक्रिप्शन कुंजी के लिए भुगतान की मांग करता है. — वहाँ कौन-सा concept उपयुक्त है?,The process of converting readable data into a coded format to prevent unauthorized access.,The process of converting readable data into a coded format to prevent unauthorized access.,Malicious software that encrypts a victim's files and demands payment for the decryption key.,Malicious software that encrypts a victim's files and demands payment for the decryption key.,A network security system that monitors and controls incoming and outgoing traffic based on security rules.,A network security system that monitors and controls incoming and outgoing traffic based on security rules.,"A technology that creates a secure, encrypted connection over a less secure network like the internet.","A technology that creates a secure, encrypted connection over a less secure network like the internet.",B,Ransomware: Malicious software that encrypts a victim's files and demands payment for the decryption key.,रैनसमवेयर: दुर्भावनापूर्ण सॉफ्टवेयर जो पीड़ित की फाइलों को एन्क्रिप्ट करता है और डिक्रिप्शन कुंजी के लिए भुगतान की मांग करता है.,Cyber Security,साइबर सुरक्षा,Cyber Security,साइबर सुरक्षा,Hard,1,0.25
An exam asks which concept would be selected when the requirement is: A network security system that monitors and controls incoming and outgoing traffic based on security rules.. Which concept fits best?,एक परीक्षा में आवश्यकता दी गई है: एक नेटवर्क सुरक्षा प्रणाली जो सुरक्षा नियमों के आधार पर आने-जाने वाले ट्रैफिक की निगरानी और नियंत्रण करती है.। इसके लिए सबसे उपयुक्त concept कौन-सा है?,A network security system that monitors and controls incoming and outgoing traffic based on security rules.,A network security system that monitors and controls incoming and outgoing traffic based on security rules.,"A technology that creates a secure, encrypted connection over a less secure network like the internet.","A technology that creates a secure, encrypted connection over a less secure network like the internet.",The process of converting readable data into a coded format to prevent unauthorized access.,The process of converting readable data into a coded format to prevent unauthorized access.,A security process requiring two different forms of identification before granting access to an account.,A security process requiring two different forms of identification before granting access to an account.,A,Firewall: A network security system that monitors and controls incoming and outgoing traffic based on security rules.,फ़ायरवॉल: एक नेटवर्क सुरक्षा प्रणाली जो सुरक्षा नियमों के आधार पर आने-जाने वाले ट्रैफिक की निगरानी और नियंत्रण करती है.,Cyber Security,साइबर सुरक्षा,Cyber Security,साइबर सुरक्षा,Medium,1,0.25
A system designer needs the property described as: A network security system that monitors and controls incoming and outgoing traffic based on security rules.. Which concept is being used?,एक system designer को यह property चाहिए: एक नेटवर्क सुरक्षा प्रणाली जो सुरक्षा नियमों के आधार पर आने-जाने वाले ट्रैफिक की निगरानी और नियंत्रण करती है.। कौन-सा concept उपयोग हो रहा है?,"A technology that creates a secure, encrypted connection over a less secure network like the internet.","A technology that creates a secure, encrypted connection over a less secure network like the internet.",The process of converting readable data into a coded format to prevent unauthorized access.,The process of converting readable data into a coded format to prevent unauthorized access.,A security process requiring two different forms of identification before granting access to an account.,A security process requiring two different forms of identification before granting access to an account.,A network security system that monitors and controls incoming and outgoing traffic based on security rules.,A network security system that monitors and controls incoming and outgoing traffic based on security rules.,D,Firewall: A network security system that monitors and controls incoming and outgoing traffic based on security rules.,फ़ायरवॉल: एक नेटवर्क सुरक्षा प्रणाली जो सुरक्षा नियमों के आधार पर आने-जाने वाले ट्रैफिक की निगरानी और नियंत्रण करती है.,Cyber Security,साइबर सुरक्षा,Cyber Security,साइबर सुरक्षा,Hard,1,0.25
Which concept should an engineer identify from this technical description: A network security system that monitors and controls incoming and outgoing traffic based on security rules.?,इस technical description से engineer को कौन-सा concept पहचानना चाहिए: एक नेटवर्क सुरक्षा प्रणाली जो सुरक्षा नियमों के आधार पर आने-जाने वाले ट्रैफिक की निगरानी और नियंत्रण करती है.?,The process of converting readable data into a coded format to prevent unauthorized access.,The process of converting readable data into a coded format to prevent unauthorized access.,A security process requiring two different forms of identification before granting access to an account.,A security process requiring two different forms of identification before granting access to an account.,A network security system that monitors and controls incoming and outgoing traffic based on security rules.,A network security system that monitors and controls incoming and outgoing traffic based on security rules.,"A technology that creates a secure, encrypted connection over a less secure network like the internet.","A technology that creates a secure, encrypted connection over a less secure network like the internet.",C,Firewall: A network security system that monitors and controls incoming and outgoing traffic based on security rules.,फ़ायरवॉल: एक नेटवर्क सुरक्षा प्रणाली जो सुरक्षा नियमों के आधार पर आने-जाने वाले ट्रैफिक की निगरानी और नियंत्रण करती है.,Cyber Security,साइबर सुरक्षा,Cyber Security,साइबर सुरक्षा,Hard,1,0.25
In a scenario where the following behavior is required — A network security system that monitors and controls incoming and outgoing traffic based on security rules. — which concept is appropriate?,जिस scenario में यह behavior चाहिए — एक नेटवर्क सुरक्षा प्रणाली जो सुरक्षा नियमों के आधार पर आने-जाने वाले ट्रैफिक की निगरानी और नियंत्रण करती है. — वहाँ कौन-सा concept उपयुक्त है?,A security process requiring two different forms of identification before granting access to an account.,A security process requiring two different forms of identification before granting access to an account.,A network security system that monitors and controls incoming and outgoing traffic based on security rules.,A network security system that monitors and controls incoming and outgoing traffic based on security rules.,"A technology that creates a secure, encrypted connection over a less secure network like the internet.","A technology that creates a secure, encrypted connection over a less secure network like the internet.",The process of converting readable data into a coded format to prevent unauthorized access.,The process of converting readable data into a coded format to prevent unauthorized access.,B,Firewall: A network security system that monitors and controls incoming and outgoing traffic based on security rules.,फ़ायरवॉल: एक नेटवर्क सुरक्षा प्रणाली जो सुरक्षा नियमों के आधार पर आने-जाने वाले ट्रैफिक की निगरानी और नियंत्रण करती है.,Cyber Security,साइबर सुरक्षा,Cyber Security,साइबर सुरक्षा,Medium,1,0.25
"An exam asks which concept would be selected when the requirement is: A technology that creates a secure, encrypted connection over a less secure network like the internet.. Which concept fits best?","एक परीक्षा में आवश्यकता दी गई है: एक तकनीक जो इंटरनेट जैसे कम सुरक्षित नेटवर्क पर एक सुरक्षित, एन्क्रिप्टेड कनेक्शन बनाती है.। इसके लिए सबसे उपयुक्त concept कौन-सा है?","A technology that creates a secure, encrypted connection over a less secure network like the internet.","A technology that creates a secure, encrypted connection over a less secure network like the internet.",The process of converting readable data into a coded format to prevent unauthorized access.,The process of converting readable data into a coded format to prevent unauthorized access.,A security process requiring two different forms of identification before granting access to an account.,A security process requiring two different forms of identification before granting access to an account.,"An attack that overwhelms a server or network with a flood of internet traffic from multiple sources, making it unavailable.","An attack that overwhelms a server or network with a flood of internet traffic from multiple sources, making it unavailable.",A,"VPN (Virtual Private Network): A technology that creates a secure, encrypted connection over a less secure network like the internet.","VPN (Virtual Private Network): एक तकनीक जो इंटरनेट जैसे कम सुरक्षित नेटवर्क पर एक सुरक्षित, एन्क्रिप्टेड कनेक्शन बनाती है.",Cyber Security,साइबर सुरक्षा,Cyber Security,साइबर सुरक्षा,Hard,1,0.25
"A system designer needs the property described as: A technology that creates a secure, encrypted connection over a less secure network like the internet.. Which concept is being used?","एक system designer को यह property चाहिए: एक तकनीक जो इंटरनेट जैसे कम सुरक्षित नेटवर्क पर एक सुरक्षित, एन्क्रिप्टेड कनेक्शन बनाती है.। कौन-सा concept उपयोग हो रहा है?",The process of converting readable data into a coded format to prevent unauthorized access.,The process of converting readable data into a coded format to prevent unauthorized access.,A security process requiring two different forms of identification before granting access to an account.,A security process requiring two different forms of identification before granting access to an account.,"An attack that overwhelms a server or network with a flood of internet traffic from multiple sources, making it unavailable.","An attack that overwhelms a server or network with a flood of internet traffic from multiple sources, making it unavailable.","A technology that creates a secure, encrypted connection over a less secure network like the internet.","A technology that creates a secure, encrypted connection over a less secure network like the internet.",D,"VPN (Virtual Private Network): A technology that creates a secure, encrypted connection over a less secure network like the internet.","VPN (Virtual Private Network): एक तकनीक जो इंटरनेट जैसे कम सुरक्षित नेटवर्क पर एक सुरक्षित, एन्क्रिप्टेड कनेक्शन बनाती है.",Cyber Security,साइबर सुरक्षा,Cyber Security,साइबर सुरक्षा,Hard,1,0.25
"Which concept should an engineer identify from this technical description: A technology that creates a secure, encrypted connection over a less secure network like the internet.?","इस technical description से engineer को कौन-सा concept पहचानना चाहिए: एक तकनीक जो इंटरनेट जैसे कम सुरक्षित नेटवर्क पर एक सुरक्षित, एन्क्रिप्टेड कनेक्शन बनाती है.?",A security process requiring two different forms of identification before granting access to an account.,A security process requiring two different forms of identification before granting access to an account.,"An attack that overwhelms a server or network with a flood of internet traffic from multiple sources, making it unavailable.","An attack that overwhelms a server or network with a flood of internet traffic from multiple sources, making it unavailable.","A technology that creates a secure, encrypted connection over a less secure network like the internet.","A technology that creates a secure, encrypted connection over a less secure network like the internet.",The process of converting readable data into a coded format to prevent unauthorized access.,The process of converting readable data into a coded format to prevent unauthorized access.,C,"VPN (Virtual Private Network): A technology that creates a secure, encrypted connection over a less secure network like the internet.","VPN (Virtual Private Network): एक तकनीक जो इंटरनेट जैसे कम सुरक्षित नेटवर्क पर एक सुरक्षित, एन्क्रिप्टेड कनेक्शन बनाती है.",Cyber Security,साइबर सुरक्षा,Cyber Security,साइबर सुरक्षा,Medium,1,0.25
"In a scenario where the following behavior is required — A technology that creates a secure, encrypted connection over a less secure network like the internet. — which concept is appropriate?","जिस scenario में यह behavior चाहिए — एक तकनीक जो इंटरनेट जैसे कम सुरक्षित नेटवर्क पर एक सुरक्षित, एन्क्रिप्टेड कनेक्शन बनाती है. — वहाँ कौन-सा concept उपयुक्त है?","An attack that overwhelms a server or network with a flood of internet traffic from multiple sources, making it unavailable.","An attack that overwhelms a server or network with a flood of internet traffic from multiple sources, making it unavailable.","A technology that creates a secure, encrypted connection over a less secure network like the internet.","A technology that creates a secure, encrypted connection over a less secure network like the internet.",The process of converting readable data into a coded format to prevent unauthorized access.,The process of converting readable data into a coded format to prevent unauthorized access.,A security process requiring two different forms of identification before granting access to an account.,A security process requiring two different forms of identification before granting access to an account.,B,"VPN (Virtual Private Network): A technology that creates a secure, encrypted connection over a less secure network like the internet.","VPN (Virtual Private Network): एक तकनीक जो इंटरनेट जैसे कम सुरक्षित नेटवर्क पर एक सुरक्षित, एन्क्रिप्टेड कनेक्शन बनाती है.",Cyber Security,साइबर सुरक्षा,Cyber Security,साइबर सुरक्षा,Hard,1,0.25
An exam asks which concept would be selected when the requirement is: The process of converting readable data into a coded format to prevent unauthorized access.. Which concept fits best?,एक परीक्षा में आवश्यकता दी गई है: पठनीय डेटा को अनधिकृत पहुंच को रोकने के लिए एक कोडेड प्रारूप में परिवर्तित करने की प्रक्रिया.। इसके लिए सबसे उपयुक्त concept कौन-सा है?,The process of converting readable data into a coded format to prevent unauthorized access.,The process of converting readable data into a coded format to prevent unauthorized access.,A security process requiring two different forms of identification before granting access to an account.,A security process requiring two different forms of identification before granting access to an account.,"An attack that overwhelms a server or network with a flood of internet traffic from multiple sources, making it unavailable.","An attack that overwhelms a server or network with a flood of internet traffic from multiple sources, making it unavailable.",An attack technique where malicious SQL code is inserted into an input field to manipulate a database.,An attack technique where malicious SQL code is inserted into an input field to manipulate a database.,A,Encryption: The process of converting readable data into a coded format to prevent unauthorized access.,एन्क्रिप्शन: पठनीय डेटा को अनधिकृत पहुंच को रोकने के लिए एक कोडेड प्रारूप में परिवर्तित करने की प्रक्रिया.,Cyber Security,साइबर सुरक्षा,Cyber Security,साइबर सुरक्षा,Hard,1,0.25
A system designer needs the property described as: The process of converting readable data into a coded format to prevent unauthorized access.. Which concept is being used?,एक system designer को यह property चाहिए: पठनीय डेटा को अनधिकृत पहुंच को रोकने के लिए एक कोडेड प्रारूप में परिवर्तित करने की प्रक्रिया.। कौन-सा concept उपयोग हो रहा है?,A security process requiring two different forms of identification before granting access to an account.,A security process requiring two different forms of identification before granting access to an account.,"An attack that overwhelms a server or network with a flood of internet traffic from multiple sources, making it unavailable.","An attack that overwhelms a server or network with a flood of internet traffic from multiple sources, making it unavailable.",An attack technique where malicious SQL code is inserted into an input field to manipulate a database.,An attack technique where malicious SQL code is inserted into an input field to manipulate a database.,The process of converting readable data into a coded format to prevent unauthorized access.,The process of converting readable data into a coded format to prevent unauthorized access.,D,Encryption: The process of converting readable data into a coded format to prevent unauthorized access.,एन्क्रिप्शन: पठनीय डेटा को अनधिकृत पहुंच को रोकने के लिए एक कोडेड प्रारूप में परिवर्तित करने की प्रक्रिया.,Cyber Security,साइबर सुरक्षा,Cyber Security,साइबर सुरक्षा,Medium,1,0.25
Which concept should an engineer identify from this technical description: The process of converting readable data into a coded format to prevent unauthorized access.?,इस technical description से engineer को कौन-सा concept पहचानना चाहिए: पठनीय डेटा को अनधिकृत पहुंच को रोकने के लिए एक कोडेड प्रारूप में परिवर्तित करने की प्रक्रिया.?,"An attack that overwhelms a server or network with a flood of internet traffic from multiple sources, making it unavailable.","An attack that overwhelms a server or network with a flood of internet traffic from multiple sources, making it unavailable.",An attack technique where malicious SQL code is inserted into an input field to manipulate a database.,An attack technique where malicious SQL code is inserted into an input field to manipulate a database.,The process of converting readable data into a coded format to prevent unauthorized access.,The process of converting readable data into a coded format to prevent unauthorized access.,A security process requiring two different forms of identification before granting access to an account.,A security process requiring two different forms of identification before granting access to an account.,C,Encryption: The process of converting readable data into a coded format to prevent unauthorized access.,एन्क्रिप्शन: पठनीय डेटा को अनधिकृत पहुंच को रोकने के लिए एक कोडेड प्रारूप में परिवर्तित करने की प्रक्रिया.,Cyber Security,साइबर सुरक्षा,Cyber Security,साइबर सुरक्षा,Hard,1,0.25
In a scenario where the following behavior is required — The process of converting readable data into a coded format to prevent unauthorized access. — which concept is appropriate?,जिस scenario में यह behavior चाहिए — पठनीय डेटा को अनधिकृत पहुंच को रोकने के लिए एक कोडेड प्रारूप में परिवर्तित करने की प्रक्रिया. — वहाँ कौन-सा concept उपयुक्त है?,An attack technique where malicious SQL code is inserted into an input field to manipulate a database.,An attack technique where malicious SQL code is inserted into an input field to manipulate a database.,The process of converting readable data into a coded format to prevent unauthorized access.,The process of converting readable data into a coded format to prevent unauthorized access.,A security process requiring two different forms of identification before granting access to an account.,A security process requiring two different forms of identification before granting access to an account.,"An attack that overwhelms a server or network with a flood of internet traffic from multiple sources, making it unavailable.","An attack that overwhelms a server or network with a flood of internet traffic from multiple sources, making it unavailable.",B,Encryption: The process of converting readable data into a coded format to prevent unauthorized access.,एन्क्रिप्शन: पठनीय डेटा को अनधिकृत पहुंच को रोकने के लिए एक कोडेड प्रारूप में परिवर्तित करने की प्रक्रिया.,Cyber Security,साइबर सुरक्षा,Cyber Security,साइबर सुरक्षा,Hard,1,0.25
An exam asks which concept would be selected when the requirement is: A security process requiring two different forms of identification before granting access to an account.. Which concept fits best?,एक परीक्षा में आवश्यकता दी गई है: एक सुरक्षा प्रक्रिया जिसमें खाते तक पहुंच देने से पहले दो अलग-अलग प्रकार की पहचान की आवश्यकता होती है.। इसके लिए सबसे उपयुक्त concept कौन-सा है?,A security process requiring two different forms of identification before granting access to an account.,A security process requiring two different forms of identification before granting access to an account.,"An attack that overwhelms a server or network with a flood of internet traffic from multiple sources, making it unavailable.","An attack that overwhelms a server or network with a flood of internet traffic from multiple sources, making it unavailable.",An attack technique where malicious SQL code is inserted into an input field to manipulate a database.,An attack technique where malicious SQL code is inserted into an input field to manipulate a database.,An attack where malicious scripts are injected into trusted websites to run in a victim's browser.,An attack where malicious scripts are injected into trusted websites to run in a victim's browser.,A,Two-Factor Authentication (2FA): A security process requiring two different forms of identification before granting access to an account.,द्वि-कारक प्रमाणीकरण (2FA): एक सुरक्षा प्रक्रिया जिसमें खाते तक पहुंच देने से पहले दो अलग-अलग प्रकार की पहचान की आवश्यकता होती है.,Cyber Security,साइबर सुरक्षा,Cyber Security,साइबर सुरक्षा,Medium,1,0.25
A system designer needs the property described as: A security process requiring two different forms of identification before granting access to an account.. Which concept is being used?,एक system designer को यह property चाहिए: एक सुरक्षा प्रक्रिया जिसमें खाते तक पहुंच देने से पहले दो अलग-अलग प्रकार की पहचान की आवश्यकता होती है.। कौन-सा concept उपयोग हो रहा है?,"An attack that overwhelms a server or network with a flood of internet traffic from multiple sources, making it unavailable.","An attack that overwhelms a server or network with a flood of internet traffic from multiple sources, making it unavailable.",An attack technique where malicious SQL code is inserted into an input field to manipulate a database.,An attack technique where malicious SQL code is inserted into an input field to manipulate a database.,An attack where malicious scripts are injected into trusted websites to run in a victim's browser.,An attack where malicious scripts are injected into trusted websites to run in a victim's browser.,A security process requiring two different forms of identification before granting access to an account.,A security process requiring two different forms of identification before granting access to an account.,D,Two-Factor Authentication (2FA): A security process requiring two different forms of identification before granting access to an account.,द्वि-कारक प्रमाणीकरण (2FA): एक सुरक्षा प्रक्रिया जिसमें खाते तक पहुंच देने से पहले दो अलग-अलग प्रकार की पहचान की आवश्यकता होती है.,Cyber Security,साइबर सुरक्षा,Cyber Security,साइबर सुरक्षा,Hard,1,0.25
Which concept should an engineer identify from this technical description: A security process requiring two different forms of identification before granting access to an account.?,इस technical description से engineer को कौन-सा concept पहचानना चाहिए: एक सुरक्षा प्रक्रिया जिसमें खाते तक पहुंच देने से पहले दो अलग-अलग प्रकार की पहचान की आवश्यकता होती है.?,An attack technique where malicious SQL code is inserted into an input field to manipulate a database.,An attack technique where malicious SQL code is inserted into an input field to manipulate a database.,An attack where malicious scripts are injected into trusted websites to run in a victim's browser.,An attack where malicious scripts are injected into trusted websites to run in a victim's browser.,A security process requiring two different forms of identification before granting access to an account.,A security process requiring two different forms of identification before granting access to an account.,"An attack that overwhelms a server or network with a flood of internet traffic from multiple sources, making it unavailable.","An attack that overwhelms a server or network with a flood of internet traffic from multiple sources, making it unavailable.",C,Two-Factor Authentication (2FA): A security process requiring two different forms of identification before granting access to an account.,द्वि-कारक प्रमाणीकरण (2FA): एक सुरक्षा प्रक्रिया जिसमें खाते तक पहुंच देने से पहले दो अलग-अलग प्रकार की पहचान की आवश्यकता होती है.,Cyber Security,साइबर सुरक्षा,Cyber Security,साइबर सुरक्षा,Hard,1,0.25
In a scenario where the following behavior is required — A security process requiring two different forms of identification before granting access to an account. — which concept is appropriate?,जिस scenario में यह behavior चाहिए — एक सुरक्षा प्रक्रिया जिसमें खाते तक पहुंच देने से पहले दो अलग-अलग प्रकार की पहचान की आवश्यकता होती है. — वहाँ कौन-सा concept उपयुक्त है?,An attack where malicious scripts are injected into trusted websites to run in a victim's browser.,An attack where malicious scripts are injected into trusted websites to run in a victim's browser.,A security process requiring two different forms of identification before granting access to an account.,A security process requiring two different forms of identification before granting access to an account.,"An attack that overwhelms a server or network with a flood of internet traffic from multiple sources, making it unavailable.","An attack that overwhelms a server or network with a flood of internet traffic from multiple sources, making it unavailable.",An attack technique where malicious SQL code is inserted into an input field to manipulate a database.,An attack technique where malicious SQL code is inserted into an input field to manipulate a database.,B,Two-Factor Authentication (2FA): A security process requiring two different forms of identification before granting access to an account.,द्वि-कारक प्रमाणीकरण (2FA): एक सुरक्षा प्रक्रिया जिसमें खाते तक पहुंच देने से पहले दो अलग-अलग प्रकार की पहचान की आवश्यकता होती है.,Cyber Security,साइबर सुरक्षा,Cyber Security,साइबर सुरक्षा,Medium,1,0.25
"An exam asks which concept would be selected when the requirement is: An attack that overwhelms a server or network with a flood of internet traffic from multiple sources, making it unavailable.. Which concept fits best?","एक परीक्षा में आवश्यकता दी गई है: एक हमला जो कई स्रोतों से इंटरनेट ट्रैफिक की बाढ़ से सर्वर या नेटवर्क को अभिभूत कर देता है, जिससे यह अनुपलब्ध हो जाता है.। इसके लिए सबसे उपयुक्त concept कौन-सा है?","An attack that overwhelms a server or network with a flood of internet traffic from multiple sources, making it unavailable.","An attack that overwhelms a server or network with a flood of internet traffic from multiple sources, making it unavailable.",An attack technique where malicious SQL code is inserted into an input field to manipulate a database.,An attack technique where malicious SQL code is inserted into an input field to manipulate a database.,An attack where malicious scripts are injected into trusted websites to run in a victim's browser.,An attack where malicious scripts are injected into trusted websites to run in a victim's browser.,An attack where an attacker secretly intercepts and possibly alters communication between two parties.,An attack where an attacker secretly intercepts and possibly alters communication between two parties.,A,"DDoS Attack: An attack that overwhelms a server or network with a flood of internet traffic from multiple sources, making it unavailable.","DDoS हमला: एक हमला जो कई स्रोतों से इंटरनेट ट्रैफिक की बाढ़ से सर्वर या नेटवर्क को अभिभूत कर देता है, जिससे यह अनुपलब्ध हो जाता है.",Cyber Security,साइबर सुरक्षा,Cyber Security,साइबर सुरक्षा,Hard,1,0.25
"A system designer needs the property described as: An attack that overwhelms a server or network with a flood of internet traffic from multiple sources, making it unavailable.. Which concept is being used?","एक system designer को यह property चाहिए: एक हमला जो कई स्रोतों से इंटरनेट ट्रैफिक की बाढ़ से सर्वर या नेटवर्क को अभिभूत कर देता है, जिससे यह अनुपलब्ध हो जाता है.। कौन-सा concept उपयोग हो रहा है?",An attack technique where malicious SQL code is inserted into an input field to manipulate a database.,An attack technique where malicious SQL code is inserted into an input field to manipulate a database.,An attack where malicious scripts are injected into trusted websites to run in a victim's browser.,An attack where malicious scripts are injected into trusted websites to run in a victim's browser.,An attack where an attacker secretly intercepts and possibly alters communication between two parties.,An attack where an attacker secretly intercepts and possibly alters communication between two parties.,"An attack that overwhelms a server or network with a flood of internet traffic from multiple sources, making it unavailable.","An attack that overwhelms a server or network with a flood of internet traffic from multiple sources, making it unavailable.",D,"DDoS Attack: An attack that overwhelms a server or network with a flood of internet traffic from multiple sources, making it unavailable.","DDoS हमला: एक हमला जो कई स्रोतों से इंटरनेट ट्रैफिक की बाढ़ से सर्वर या नेटवर्क को अभिभूत कर देता है, जिससे यह अनुपलब्ध हो जाता है.",Cyber Security,साइबर सुरक्षा,Cyber Security,साइबर सुरक्षा,Hard,1,0.25
"Which concept should an engineer identify from this technical description: An attack that overwhelms a server or network with a flood of internet traffic from multiple sources, making it unavailable.?","इस technical description से engineer को कौन-सा concept पहचानना चाहिए: एक हमला जो कई स्रोतों से इंटरनेट ट्रैफिक की बाढ़ से सर्वर या नेटवर्क को अभिभूत कर देता है, जिससे यह अनुपलब्ध हो जाता है.?",An attack where malicious scripts are injected into trusted websites to run in a victim's browser.,An attack where malicious scripts are injected into trusted websites to run in a victim's browser.,An attack where an attacker secretly intercepts and possibly alters communication between two parties.,An attack where an attacker secretly intercepts and possibly alters communication between two parties.,"An attack that overwhelms a server or network with a flood of internet traffic from multiple sources, making it unavailable.","An attack that overwhelms a server or network with a flood of internet traffic from multiple sources, making it unavailable.",An attack technique where malicious SQL code is inserted into an input field to manipulate a database.,An attack technique where malicious SQL code is inserted into an input field to manipulate a database.,C,"DDoS Attack: An attack that overwhelms a server or network with a flood of internet traffic from multiple sources, making it unavailable.","DDoS हमला: एक हमला जो कई स्रोतों से इंटरनेट ट्रैफिक की बाढ़ से सर्वर या नेटवर्क को अभिभूत कर देता है, जिससे यह अनुपलब्ध हो जाता है.",Cyber Security,साइबर सुरक्षा,Cyber Security,साइबर सुरक्षा,Medium,1,0.25
"In a scenario where the following behavior is required — An attack that overwhelms a server or network with a flood of internet traffic from multiple sources, making it unavailable. — which concept is appropriate?","जिस scenario में यह behavior चाहिए — एक हमला जो कई स्रोतों से इंटरनेट ट्रैफिक की बाढ़ से सर्वर या नेटवर्क को अभिभूत कर देता है, जिससे यह अनुपलब्ध हो जाता है. — वहाँ कौन-सा concept उपयुक्त है?",An attack where an attacker secretly intercepts and possibly alters communication between two parties.,An attack where an attacker secretly intercepts and possibly alters communication between two parties.,"An attack that overwhelms a server or network with a flood of internet traffic from multiple sources, making it unavailable.","An attack that overwhelms a server or network with a flood of internet traffic from multiple sources, making it unavailable.",An attack technique where malicious SQL code is inserted into an input field to manipulate a database.,An attack technique where malicious SQL code is inserted into an input field to manipulate a database.,An attack where malicious scripts are injected into trusted websites to run in a victim's browser.,An attack where malicious scripts are injected into trusted websites to run in a victim's browser.,B,"DDoS Attack: An attack that overwhelms a server or network with a flood of internet traffic from multiple sources, making it unavailable.","DDoS हमला: एक हमला जो कई स्रोतों से इंटरनेट ट्रैफिक की बाढ़ से सर्वर या नेटवर्क को अभिभूत कर देता है, जिससे यह अनुपलब्ध हो जाता है.",Cyber Security,साइबर सुरक्षा,Cyber Security,साइबर सुरक्षा,Hard,1,0.25
An exam asks which concept would be selected when the requirement is: An attack technique where malicious SQL code is inserted into an input field to manipulate a database.. Which concept fits best?,एक परीक्षा में आवश्यकता दी गई है: एक हमला तकनीक जिसमें डेटाबेस में हेरफेर करने के लिए इनपुट फील्ड में दुर्भावनापूर्ण SQL कोड डाला जाता है.। इसके लिए सबसे उपयुक्त concept कौन-सा है?,An attack technique where malicious SQL code is inserted into an input field to manipulate a database.,An attack technique where malicious SQL code is inserted into an input field to manipulate a database.,An attack where malicious scripts are injected into trusted websites to run in a victim's browser.,An attack where malicious scripts are injected into trusted websites to run in a victim's browser.,An attack where an attacker secretly intercepts and possibly alters communication between two parties.,An attack where an attacker secretly intercepts and possibly alters communication between two parties.,An attack method that tries all possible password combinations until the correct one is found.,An attack method that tries all possible password combinations until the correct one is found.,A,SQL Injection: An attack technique where malicious SQL code is inserted into an input field to manipulate a database.,SQL इंजेक्शन: एक हमला तकनीक जिसमें डेटाबेस में हेरफेर करने के लिए इनपुट फील्ड में दुर्भावनापूर्ण SQL कोड डाला जाता है.,Cyber Security,साइबर सुरक्षा,Cyber Security,साइबर सुरक्षा,Hard,1,0.25
A system designer needs the property described as: An attack technique where malicious SQL code is inserted into an input field to manipulate a database.. Which concept is being used?,एक system designer को यह property चाहिए: एक हमला तकनीक जिसमें डेटाबेस में हेरफेर करने के लिए इनपुट फील्ड में दुर्भावनापूर्ण SQL कोड डाला जाता है.। कौन-सा concept उपयोग हो रहा है?,An attack where malicious scripts are injected into trusted websites to run in a victim's browser.,An attack where malicious scripts are injected into trusted websites to run in a victim's browser.,An attack where an attacker secretly intercepts and possibly alters communication between two parties.,An attack where an attacker secretly intercepts and possibly alters communication between two parties.,An attack method that tries all possible password combinations until the correct one is found.,An attack method that tries all possible password combinations until the correct one is found.,An attack technique where malicious SQL code is inserted into an input field to manipulate a database.,An attack technique where malicious SQL code is inserted into an input field to manipulate a database.,D,SQL Injection: An attack technique where malicious SQL code is inserted into an input field to manipulate a database.,SQL इंजेक्शन: एक हमला तकनीक जिसमें डेटाबेस में हेरफेर करने के लिए इनपुट फील्ड में दुर्भावनापूर्ण SQL कोड डाला जाता है.,Cyber Security,साइबर सुरक्षा,Cyber Security,साइबर सुरक्षा,Medium,1,0.25
Which concept should an engineer identify from this technical description: An attack technique where malicious SQL code is inserted into an input field to manipulate a database.?,इस technical description से engineer को कौन-सा concept पहचानना चाहिए: एक हमला तकनीक जिसमें डेटाबेस में हेरफेर करने के लिए इनपुट फील्ड में दुर्भावनापूर्ण SQL कोड डाला जाता है.?,An attack where an attacker secretly intercepts and possibly alters communication between two parties.,An attack where an attacker secretly intercepts and possibly alters communication between two parties.,An attack method that tries all possible password combinations until the correct one is found.,An attack method that tries all possible password combinations until the correct one is found.,An attack technique where malicious SQL code is inserted into an input field to manipulate a database.,An attack technique where malicious SQL code is inserted into an input field to manipulate a database.,An attack where malicious scripts are injected into trusted websites to run in a victim's browser.,An attack where malicious scripts are injected into trusted websites to run in a victim's browser.,C,SQL Injection: An attack technique where malicious SQL code is inserted into an input field to manipulate a database.,SQL इंजेक्शन: एक हमला तकनीक जिसमें डेटाबेस में हेरफेर करने के लिए इनपुट फील्ड में दुर्भावनापूर्ण SQL कोड डाला जाता है.,Cyber Security,साइबर सुरक्षा,Cyber Security,साइबर सुरक्षा,Hard,1,0.25
In a scenario where the following behavior is required — An attack technique where malicious SQL code is inserted into an input field to manipulate a database. — which concept is appropriate?,जिस scenario में यह behavior चाहिए — एक हमला तकनीक जिसमें डेटाबेस में हेरफेर करने के लिए इनपुट फील्ड में दुर्भावनापूर्ण SQL कोड डाला जाता है. — वहाँ कौन-सा concept उपयुक्त है?,An attack method that tries all possible password combinations until the correct one is found.,An attack method that tries all possible password combinations until the correct one is found.,An attack technique where malicious SQL code is inserted into an input field to manipulate a database.,An attack technique where malicious SQL code is inserted into an input field to manipulate a database.,An attack where malicious scripts are injected into trusted websites to run in a victim's browser.,An attack where malicious scripts are injected into trusted websites to run in a victim's browser.,An attack where an attacker secretly intercepts and possibly alters communication between two parties.,An attack where an attacker secretly intercepts and possibly alters communication between two parties.,B,SQL Injection: An attack technique where malicious SQL code is inserted into an input field to manipulate a database.,SQL इंजेक्शन: एक हमला तकनीक जिसमें डेटाबेस में हेरफेर करने के लिए इनपुट फील्ड में दुर्भावनापूर्ण SQL कोड डाला जाता है.,Cyber Security,साइबर सुरक्षा,Cyber Security,साइबर सुरक्षा,Hard,1,0.25
An exam asks which concept would be selected when the requirement is: An attack where malicious scripts are injected into trusted websites to run in a victim's browser.. Which concept fits best?,एक परीक्षा में आवश्यकता दी गई है: एक हमला जिसमें पीड़ित के ब्राउज़र में चलाने के लिए विश्वसनीय वेबसाइटों में दुर्भावनापूर्ण स्क्रिप्ट डाली जाती हैं.। इसके लिए सबसे उपयुक्त concept कौन-सा है?,An attack where malicious scripts are injected into trusted websites to run in a victim's browser.,An attack where malicious scripts are injected into trusted websites to run in a victim's browser.,An attack where an attacker secretly intercepts and possibly alters communication between two parties.,An attack where an attacker secretly intercepts and possibly alters communication between two parties.,An attack method that tries all possible password combinations until the correct one is found.,An attack method that tries all possible password combinations until the correct one is found.,Malicious software disguised as legitimate software to trick users into installing it.,Malicious software disguised as legitimate software to trick users into installing it.,A,Cross-Site Scripting (XSS): An attack where malicious scripts are injected into trusted websites to run in a victim's browser.,क्रॉस-साइट स्क्रिप्टिंग (XSS): एक हमला जिसमें पीड़ित के ब्राउज़र में चलाने के लिए विश्वसनीय वेबसाइटों में दुर्भावनापूर्ण स्क्रिप्ट डाली जाती हैं.,Cyber Security,साइबर सुरक्षा,Cyber Security,साइबर सुरक्षा,Medium,1,0.25
A system designer needs the property described as: An attack where malicious scripts are injected into trusted websites to run in a victim's browser.. Which concept is being used?,एक system designer को यह property चाहिए: एक हमला जिसमें पीड़ित के ब्राउज़र में चलाने के लिए विश्वसनीय वेबसाइटों में दुर्भावनापूर्ण स्क्रिप्ट डाली जाती हैं.। कौन-सा concept उपयोग हो रहा है?,An attack where an attacker secretly intercepts and possibly alters communication between two parties.,An attack where an attacker secretly intercepts and possibly alters communication between two parties.,An attack method that tries all possible password combinations until the correct one is found.,An attack method that tries all possible password combinations until the correct one is found.,Malicious software disguised as legitimate software to trick users into installing it.,Malicious software disguised as legitimate software to trick users into installing it.,An attack where malicious scripts are injected into trusted websites to run in a victim's browser.,An attack where malicious scripts are injected into trusted websites to run in a victim's browser.,D,Cross-Site Scripting (XSS): An attack where malicious scripts are injected into trusted websites to run in a victim's browser.,क्रॉस-साइट स्क्रिप्टिंग (XSS): एक हमला जिसमें पीड़ित के ब्राउज़र में चलाने के लिए विश्वसनीय वेबसाइटों में दुर्भावनापूर्ण स्क्रिप्ट डाली जाती हैं.,Cyber Security,साइबर सुरक्षा,Cyber Security,साइबर सुरक्षा,Hard,1,0.25
Which concept should an engineer identify from this technical description: An attack where malicious scripts are injected into trusted websites to run in a victim's browser.?,इस technical description से engineer को कौन-सा concept पहचानना चाहिए: एक हमला जिसमें पीड़ित के ब्राउज़र में चलाने के लिए विश्वसनीय वेबसाइटों में दुर्भावनापूर्ण स्क्रिप्ट डाली जाती हैं.?,An attack method that tries all possible password combinations until the correct one is found.,An attack method that tries all possible password combinations until the correct one is found.,Malicious software disguised as legitimate software to trick users into installing it.,Malicious software disguised as legitimate software to trick users into installing it.,An attack where malicious scripts are injected into trusted websites to run in a victim's browser.,An attack where malicious scripts are injected into trusted websites to run in a victim's browser.,An attack where an attacker secretly intercepts and possibly alters communication between two parties.,An attack where an attacker secretly intercepts and possibly alters communication between two parties.,C,Cross-Site Scripting (XSS): An attack where malicious scripts are injected into trusted websites to run in a victim's browser.,क्रॉस-साइट स्क्रिप्टिंग (XSS): एक हमला जिसमें पीड़ित के ब्राउज़र में चलाने के लिए विश्वसनीय वेबसाइटों में दुर्भावनापूर्ण स्क्रिप्ट डाली जाती हैं.,Cyber Security,साइबर सुरक्षा,Cyber Security,साइबर सुरक्षा,Hard,1,0.25
In a scenario where the following behavior is required — An attack where malicious scripts are injected into trusted websites to run in a victim's browser. — which concept is appropriate?,जिस scenario में यह behavior चाहिए — एक हमला जिसमें पीड़ित के ब्राउज़र में चलाने के लिए विश्वसनीय वेबसाइटों में दुर्भावनापूर्ण स्क्रिप्ट डाली जाती हैं. — वहाँ कौन-सा concept उपयुक्त है?,Malicious software disguised as legitimate software to trick users into installing it.,Malicious software disguised as legitimate software to trick users into installing it.,An attack where malicious scripts are injected into trusted websites to run in a victim's browser.,An attack where malicious scripts are injected into trusted websites to run in a victim's browser.,An attack where an attacker secretly intercepts and possibly alters communication between two parties.,An attack where an attacker secretly intercepts and possibly alters communication between two parties.,An attack method that tries all possible password combinations until the correct one is found.,An attack method that tries all possible password combinations until the correct one is found.,B,Cross-Site Scripting (XSS): An attack where malicious scripts are injected into trusted websites to run in a victim's browser.,क्रॉस-साइट स्क्रिप्टिंग (XSS): एक हमला जिसमें पीड़ित के ब्राउज़र में चलाने के लिए विश्वसनीय वेबसाइटों में दुर्भावनापूर्ण स्क्रिप्ट डाली जाती हैं.,Cyber Security,साइबर सुरक्षा,Cyber Security,साइबर सुरक्षा,Medium,1,0.25
An exam asks which concept would be selected when the requirement is: An attack where an attacker secretly intercepts and possibly alters communication between two parties.. Which concept fits best?,एक परीक्षा में आवश्यकता दी गई है: एक हमला जिसमें हमलावर गुप्त रूप से दो पक्षों के बीच संचार को इंटरसेप्ट करता है और संभवतः बदल देता है.। इसके लिए सबसे उपयुक्त concept कौन-सा है?,An attack where an attacker secretly intercepts and possibly alters communication between two parties.,An attack where an attacker secretly intercepts and possibly alters communication between two parties.,An attack method that tries all possible password combinations until the correct one is found.,An attack method that tries all possible password combinations until the correct one is found.,Malicious software disguised as legitimate software to trick users into installing it.,Malicious software disguised as legitimate software to trick users into installing it.,A self-replicating malicious program that spreads across networks without needing to attach to a host file.,A self-replicating malicious program that spreads across networks without needing to attach to a host file.,A,Man-in-the-Middle Attack: An attack where an attacker secretly intercepts and possibly alters communication between two parties.,मैन-इन-द-मिडल हमला: एक हमला जिसमें हमलावर गुप्त रूप से दो पक्षों के बीच संचार को इंटरसेप्ट करता है और संभवतः बदल देता है.,Cyber Security,साइबर सुरक्षा,Cyber Security,साइबर सुरक्षा,Hard,1,0.25
A system designer needs the property described as: An attack where an attacker secretly intercepts and possibly alters communication between two parties.. Which concept is being used?,एक system designer को यह property चाहिए: एक हमला जिसमें हमलावर गुप्त रूप से दो पक्षों के बीच संचार को इंटरसेप्ट करता है और संभवतः बदल देता है.। कौन-सा concept उपयोग हो रहा है?,An attack method that tries all possible password combinations until the correct one is found.,An attack method that tries all possible password combinations until the correct one is found.,Malicious software disguised as legitimate software to trick users into installing it.,Malicious software disguised as legitimate software to trick users into installing it.,A self-replicating malicious program that spreads across networks without needing to attach to a host file.,A self-replicating malicious program that spreads across networks without needing to attach to a host file.,An attack where an attacker secretly intercepts and possibly alters communication between two parties.,An attack where an attacker secretly intercepts and possibly alters communication between two parties.,D,Man-in-the-Middle Attack: An attack where an attacker secretly intercepts and possibly alters communication between two parties.,मैन-इन-द-मिडल हमला: एक हमला जिसमें हमलावर गुप्त रूप से दो पक्षों के बीच संचार को इंटरसेप्ट करता है और संभवतः बदल देता है.,Cyber Security,साइबर सुरक्षा,Cyber Security,साइबर सुरक्षा,Hard,1,0.25
Which concept should an engineer identify from this technical description: An attack where an attacker secretly intercepts and possibly alters communication between two parties.?,इस technical description से engineer को कौन-सा concept पहचानना चाहिए: एक हमला जिसमें हमलावर गुप्त रूप से दो पक्षों के बीच संचार को इंटरसेप्ट करता है और संभवतः बदल देता है.?,Malicious software disguised as legitimate software to trick users into installing it.,Malicious software disguised as legitimate software to trick users into installing it.,A self-replicating malicious program that spreads across networks without needing to attach to a host file.,A self-replicating malicious program that spreads across networks without needing to attach to a host file.,An attack where an attacker secretly intercepts and possibly alters communication between two parties.,An attack where an attacker secretly intercepts and possibly alters communication between two parties.,An attack method that tries all possible password combinations until the correct one is found.,An attack method that tries all possible password combinations until the correct one is found.,C,Man-in-the-Middle Attack: An attack where an attacker secretly intercepts and possibly alters communication between two parties.,मैन-इन-द-मिडल हमला: एक हमला जिसमें हमलावर गुप्त रूप से दो पक्षों के बीच संचार को इंटरसेप्ट करता है और संभवतः बदल देता है.,Cyber Security,साइबर सुरक्षा,Cyber Security,साइबर सुरक्षा,Medium,1,0.25
In a scenario where the following behavior is required — An attack where an attacker secretly intercepts and possibly alters communication between two parties. — which concept is appropriate?,जिस scenario में यह behavior चाहिए — एक हमला जिसमें हमलावर गुप्त रूप से दो पक्षों के बीच संचार को इंटरसेप्ट करता है और संभवतः बदल देता है. — वहाँ कौन-सा concept उपयुक्त है?,A self-replicating malicious program that spreads across networks without needing to attach to a host file.,A self-replicating malicious program that spreads across networks without needing to attach to a host file.,An attack where an attacker secretly intercepts and possibly alters communication between two parties.,An attack where an attacker secretly intercepts and possibly alters communication between two parties.,An attack method that tries all possible password combinations until the correct one is found.,An attack method that tries all possible password combinations until the correct one is found.,Malicious software disguised as legitimate software to trick users into installing it.,Malicious software disguised as legitimate software to trick users into installing it.,B,Man-in-the-Middle Attack: An attack where an attacker secretly intercepts and possibly alters communication between two parties.,मैन-इन-द-मिडल हमला: एक हमला जिसमें हमलावर गुप्त रूप से दो पक्षों के बीच संचार को इंटरसेप्ट करता है और संभवतः बदल देता है.,Cyber Security,साइबर सुरक्षा,Cyber Security,साइबर सुरक्षा,Hard,1,0.25
An exam asks which concept would be selected when the requirement is: An attack method that tries all possible password combinations until the correct one is found.. Which concept fits best?,एक परीक्षा में आवश्यकता दी गई है: एक हमला विधि जो सही पासवर्ड मिलने तक सभी संभावित पासवर्ड संयोजनों को आजमाती है.। इसके लिए सबसे उपयुक्त concept कौन-सा है?,An attack method that tries all possible password combinations until the correct one is found.,An attack method that tries all possible password combinations until the correct one is found.,Malicious software disguised as legitimate software to trick users into installing it.,Malicious software disguised as legitimate software to trick users into installing it.,A self-replicating malicious program that spreads across networks without needing to attach to a host file.,A self-replicating malicious program that spreads across networks without needing to attach to a host file.,Software that secretly monitors and collects user information without their knowledge or consent.,Software that secretly monitors and collects user information without their knowledge or consent.,A,Brute Force Attack: An attack method that tries all possible password combinations until the correct one is found.,ब्रूट फोर्स हमला: एक हमला विधि जो सही पासवर्ड मिलने तक सभी संभावित पासवर्ड संयोजनों को आजमाती है.,Cyber Security,साइबर सुरक्षा,Cyber Security,साइबर सुरक्षा,Hard,1,0.25
A system designer needs the property described as: An attack method that tries all possible password combinations until the correct one is found.. Which concept is being used?,एक system designer को यह property चाहिए: एक हमला विधि जो सही पासवर्ड मिलने तक सभी संभावित पासवर्ड संयोजनों को आजमाती है.। कौन-सा concept उपयोग हो रहा है?,Malicious software disguised as legitimate software to trick users into installing it.,Malicious software disguised as legitimate software to trick users into installing it.,A self-replicating malicious program that spreads across networks without needing to attach to a host file.,A self-replicating malicious program that spreads across networks without needing to attach to a host file.,Software that secretly monitors and collects user information without their knowledge or consent.,Software that secretly monitors and collects user information without their knowledge or consent.,An attack method that tries all possible password combinations until the correct one is found.,An attack method that tries all possible password combinations until the correct one is found.,D,Brute Force Attack: An attack method that tries all possible password combinations until the correct one is found.,ब्रूट फोर्स हमला: एक हमला विधि जो सही पासवर्ड मिलने तक सभी संभावित पासवर्ड संयोजनों को आजमाती है.,Cyber Security,साइबर सुरक्षा,Cyber Security,साइबर सुरक्षा,Medium,1,0.25
Which concept should an engineer identify from this technical description: An attack method that tries all possible password combinations until the correct one is found.?,इस technical description से engineer को कौन-सा concept पहचानना चाहिए: एक हमला विधि जो सही पासवर्ड मिलने तक सभी संभावित पासवर्ड संयोजनों को आजमाती है.?,A self-replicating malicious program that spreads across networks without needing to attach to a host file.,A self-replicating malicious program that spreads across networks without needing to attach to a host file.,Software that secretly monitors and collects user information without their knowledge or consent.,Software that secretly monitors and collects user information without their knowledge or consent.,An attack method that tries all possible password combinations until the correct one is found.,An attack method that tries all possible password combinations until the correct one is found.,Malicious software disguised as legitimate software to trick users into installing it.,Malicious software disguised as legitimate software to trick users into installing it.,C,Brute Force Attack: An attack method that tries all possible password combinations until the correct one is found.,ब्रूट फोर्स हमला: एक हमला विधि जो सही पासवर्ड मिलने तक सभी संभावित पासवर्ड संयोजनों को आजमाती है.,Cyber Security,साइबर सुरक्षा,Cyber Security,साइबर सुरक्षा,Hard,1,0.25
In a scenario where the following behavior is required — An attack method that tries all possible password combinations until the correct one is found. — which concept is appropriate?,जिस scenario में यह behavior चाहिए — एक हमला विधि जो सही पासवर्ड मिलने तक सभी संभावित पासवर्ड संयोजनों को आजमाती है. — वहाँ कौन-सा concept उपयुक्त है?,Software that secretly monitors and collects user information without their knowledge or consent.,Software that secretly monitors and collects user information without their knowledge or consent.,An attack method that tries all possible password combinations until the correct one is found.,An attack method that tries all possible password combinations until the correct one is found.,Malicious software disguised as legitimate software to trick users into installing it.,Malicious software disguised as legitimate software to trick users into installing it.,A self-replicating malicious program that spreads across networks without needing to attach to a host file.,A self-replicating malicious program that spreads across networks without needing to attach to a host file.,B,Brute Force Attack: An attack method that tries all possible password combinations until the correct one is found.,ब्रूट फोर्स हमला: एक हमला विधि जो सही पासवर्ड मिलने तक सभी संभावित पासवर्ड संयोजनों को आजमाती है.,Cyber Security,साइबर सुरक्षा,Cyber Security,साइबर सुरक्षा,Hard,1,0.25
An exam asks which concept would be selected when the requirement is: Malicious software disguised as legitimate software to trick users into installing it.. Which concept fits best?,एक परीक्षा में आवश्यकता दी गई है: दुर्भावनापूर्ण सॉफ्टवेयर जो उपयोगकर्ताओं को इसे इंस्टॉल करने के लिए धोखा देने हेतु वैध सॉफ्टवेयर के रूप में छिपाया जाता है.। इसके लिए सबसे उपयुक्त concept कौन-सा है?,Malicious software disguised as legitimate software to trick users into installing it.,Malicious software disguised as legitimate software to trick users into installing it.,A self-replicating malicious program that spreads across networks without needing to attach to a host file.,A self-replicating malicious program that spreads across networks without needing to attach to a host file.,Software that secretly monitors and collects user information without their knowledge or consent.,Software that secretly monitors and collects user information without their knowledge or consent.,"A software security flaw that is unknown to the vendor and has no patch available yet, making it exploitable.","A software security flaw that is unknown to the vendor and has no patch available yet, making it exploitable.",A,Trojan Horse: Malicious software disguised as legitimate software to trick users into installing it.,ट्रोजन हॉर्स: दुर्भावनापूर्ण सॉफ्टवेयर जो उपयोगकर्ताओं को इसे इंस्टॉल करने के लिए धोखा देने हेतु वैध सॉफ्टवेयर के रूप में छिपाया जाता है.,Cyber Security,साइबर सुरक्षा,Cyber Security,साइबर सुरक्षा,Medium,1,0.25
A system designer needs the property described as: Malicious software disguised as legitimate software to trick users into installing it.. Which concept is being used?,एक system designer को यह property चाहिए: दुर्भावनापूर्ण सॉफ्टवेयर जो उपयोगकर्ताओं को इसे इंस्टॉल करने के लिए धोखा देने हेतु वैध सॉफ्टवेयर के रूप में छिपाया जाता है.। कौन-सा concept उपयोग हो रहा है?,A self-replicating malicious program that spreads across networks without needing to attach to a host file.,A self-replicating malicious program that spreads across networks without needing to attach to a host file.,Software that secretly monitors and collects user information without their knowledge or consent.,Software that secretly monitors and collects user information without their knowledge or consent.,"A software security flaw that is unknown to the vendor and has no patch available yet, making it exploitable.","A software security flaw that is unknown to the vendor and has no patch available yet, making it exploitable.",Malicious software disguised as legitimate software to trick users into installing it.,Malicious software disguised as legitimate software to trick users into installing it.,D,Trojan Horse: Malicious software disguised as legitimate software to trick users into installing it.,ट्रोजन हॉर्स: दुर्भावनापूर्ण सॉफ्टवेयर जो उपयोगकर्ताओं को इसे इंस्टॉल करने के लिए धोखा देने हेतु वैध सॉफ्टवेयर के रूप में छिपाया जाता है.,Cyber Security,साइबर सुरक्षा,Cyber Security,साइबर सुरक्षा,Hard,1,0.25
Which concept should an engineer identify from this technical description: Malicious software disguised as legitimate software to trick users into installing it.?,इस technical description से engineer को कौन-सा concept पहचानना चाहिए: दुर्भावनापूर्ण सॉफ्टवेयर जो उपयोगकर्ताओं को इसे इंस्टॉल करने के लिए धोखा देने हेतु वैध सॉफ्टवेयर के रूप में छिपाया जाता है.?,Software that secretly monitors and collects user information without their knowledge or consent.,Software that secretly monitors and collects user information without their knowledge or consent.,"A software security flaw that is unknown to the vendor and has no patch available yet, making it exploitable.","A software security flaw that is unknown to the vendor and has no patch available yet, making it exploitable.",Malicious software disguised as legitimate software to trick users into installing it.,Malicious software disguised as legitimate software to trick users into installing it.,A self-replicating malicious program that spreads across networks without needing to attach to a host file.,A self-replicating malicious program that spreads across networks without needing to attach to a host file.,C,Trojan Horse: Malicious software disguised as legitimate software to trick users into installing it.,ट्रोजन हॉर्स: दुर्भावनापूर्ण सॉफ्टवेयर जो उपयोगकर्ताओं को इसे इंस्टॉल करने के लिए धोखा देने हेतु वैध सॉफ्टवेयर के रूप में छिपाया जाता है.,Cyber Security,साइबर सुरक्षा,Cyber Security,साइबर सुरक्षा,Hard,1,0.25
In a scenario where the following behavior is required — Malicious software disguised as legitimate software to trick users into installing it. — which concept is appropriate?,जिस scenario में यह behavior चाहिए — दुर्भावनापूर्ण सॉफ्टवेयर जो उपयोगकर्ताओं को इसे इंस्टॉल करने के लिए धोखा देने हेतु वैध सॉफ्टवेयर के रूप में छिपाया जाता है. — वहाँ कौन-सा concept उपयुक्त है?,"A software security flaw that is unknown to the vendor and has no patch available yet, making it exploitable.","A software security flaw that is unknown to the vendor and has no patch available yet, making it exploitable.",Malicious software disguised as legitimate software to trick users into installing it.,Malicious software disguised as legitimate software to trick users into installing it.,A self-replicating malicious program that spreads across networks without needing to attach to a host file.,A self-replicating malicious program that spreads across networks without needing to attach to a host file.,Software that secretly monitors and collects user information without their knowledge or consent.,Software that secretly monitors and collects user information without their knowledge or consent.,B,Trojan Horse: Malicious software disguised as legitimate software to trick users into installing it.,ट्रोजन हॉर्स: दुर्भावनापूर्ण सॉफ्टवेयर जो उपयोगकर्ताओं को इसे इंस्टॉल करने के लिए धोखा देने हेतु वैध सॉफ्टवेयर के रूप में छिपाया जाता है.,Cyber Security,साइबर सुरक्षा,Cyber Security,साइबर सुरक्षा,Medium,1,0.25
An exam asks which concept would be selected when the requirement is: A self-replicating malicious program that spreads across networks without needing to attach to a host file.. Which concept fits best?,एक परीक्षा में आवश्यकता दी गई है: एक स्व-प्रतिकृति दुर्भावनापूर्ण प्रोग्राम जो होस्ट फ़ाइल से जुड़े बिना नेटवर्क में फैलता है.। इसके लिए सबसे उपयुक्त concept कौन-सा है?,A self-replicating malicious program that spreads across networks without needing to attach to a host file.,A self-replicating malicious program that spreads across networks without needing to attach to a host file.,Software that secretly monitors and collects user information without their knowledge or consent.,Software that secretly monitors and collects user information without their knowledge or consent.,"A software security flaw that is unknown to the vendor and has no patch available yet, making it exploitable.","A software security flaw that is unknown to the vendor and has no patch available yet, making it exploitable.",An attack that tricks a logged-in user's browser into sending unauthorized requests to a website.,An attack that tricks a logged-in user's browser into sending unauthorized requests to a website.,A,Worm: A self-replicating malicious program that spreads across networks without needing to attach to a host file.,वर्म (Worm): एक स्व-प्रतिकृति दुर्भावनापूर्ण प्रोग्राम जो होस्ट फ़ाइल से जुड़े बिना नेटवर्क में फैलता है.,Cyber Security,साइबर सुरक्षा,Cyber Security,साइबर सुरक्षा,Hard,1,0.25
A system designer needs the property described as: A self-replicating malicious program that spreads across networks without needing to attach to a host file.. Which concept is being used?,एक system designer को यह property चाहिए: एक स्व-प्रतिकृति दुर्भावनापूर्ण प्रोग्राम जो होस्ट फ़ाइल से जुड़े बिना नेटवर्क में फैलता है.। कौन-सा concept उपयोग हो रहा है?,Software that secretly monitors and collects user information without their knowledge or consent.,Software that secretly monitors and collects user information without their knowledge or consent.,"A software security flaw that is unknown to the vendor and has no patch available yet, making it exploitable.","A software security flaw that is unknown to the vendor and has no patch available yet, making it exploitable.",An attack that tricks a logged-in user's browser into sending unauthorized requests to a website.,An attack that tricks a logged-in user's browser into sending unauthorized requests to a website.,A self-replicating malicious program that spreads across networks without needing to attach to a host file.,A self-replicating malicious program that spreads across networks without needing to attach to a host file.,D,Worm: A self-replicating malicious program that spreads across networks without needing to attach to a host file.,वर्म (Worm): एक स्व-प्रतिकृति दुर्भावनापूर्ण प्रोग्राम जो होस्ट फ़ाइल से जुड़े बिना नेटवर्क में फैलता है.,Cyber Security,साइबर सुरक्षा,Cyber Security,साइबर सुरक्षा,Hard,1,0.25
Which concept should an engineer identify from this technical description: A self-replicating malicious program that spreads across networks without needing to attach to a host file.?,इस technical description से engineer को कौन-सा concept पहचानना चाहिए: एक स्व-प्रतिकृति दुर्भावनापूर्ण प्रोग्राम जो होस्ट फ़ाइल से जुड़े बिना नेटवर्क में फैलता है.?,"A software security flaw that is unknown to the vendor and has no patch available yet, making it exploitable.","A software security flaw that is unknown to the vendor and has no patch available yet, making it exploitable.",An attack that tricks a logged-in user's browser into sending unauthorized requests to a website.,An attack that tricks a logged-in user's browser into sending unauthorized requests to a website.,A self-replicating malicious program that spreads across networks without needing to attach to a host file.,A self-replicating malicious program that spreads across networks without needing to attach to a host file.,Software that secretly monitors and collects user information without their knowledge or consent.,Software that secretly monitors and collects user information without their knowledge or consent.,C,Worm: A self-replicating malicious program that spreads across networks without needing to attach to a host file.,वर्म (Worm): एक स्व-प्रतिकृति दुर्भावनापूर्ण प्रोग्राम जो होस्ट फ़ाइल से जुड़े बिना नेटवर्क में फैलता है.,Cyber Security,साइबर सुरक्षा,Cyber Security,साइबर सुरक्षा,Medium,1,0.25
In a scenario where the following behavior is required — A self-replicating malicious program that spreads across networks without needing to attach to a host file. — which concept is appropriate?,जिस scenario में यह behavior चाहिए — एक स्व-प्रतिकृति दुर्भावनापूर्ण प्रोग्राम जो होस्ट फ़ाइल से जुड़े बिना नेटवर्क में फैलता है. — वहाँ कौन-सा concept उपयुक्त है?,An attack that tricks a logged-in user's browser into sending unauthorized requests to a website.,An attack that tricks a logged-in user's browser into sending unauthorized requests to a website.,A self-replicating malicious program that spreads across networks without needing to attach to a host file.,A self-replicating malicious program that spreads across networks without needing to attach to a host file.,Software that secretly monitors and collects user information without their knowledge or consent.,Software that secretly monitors and collects user information without their knowledge or consent.,"A software security flaw that is unknown to the vendor and has no patch available yet, making it exploitable.","A software security flaw that is unknown to the vendor and has no patch available yet, making it exploitable.",B,Worm: A self-replicating malicious program that spreads across networks without needing to attach to a host file.,वर्म (Worm): एक स्व-प्रतिकृति दुर्भावनापूर्ण प्रोग्राम जो होस्ट फ़ाइल से जुड़े बिना नेटवर्क में फैलता है.,Cyber Security,साइबर सुरक्षा,Cyber Security,साइबर सुरक्षा,Hard,1,0.25
An exam asks which concept would be selected when the requirement is: Software that secretly monitors and collects user information without their knowledge or consent.. Which concept fits best?,एक परीक्षा में आवश्यकता दी गई है: सॉफ्टवेयर जो उपयोगकर्ता की जानकारी के बिना गुप्त रूप से निगरानी और एकत्र करता है.। इसके लिए सबसे उपयुक्त concept कौन-सा है?,Software that secretly monitors and collects user information without their knowledge or consent.,Software that secretly monitors and collects user information without their knowledge or consent.,"A software security flaw that is unknown to the vendor and has no patch available yet, making it exploitable.","A software security flaw that is unknown to the vendor and has no patch available yet, making it exploitable.",An attack that tricks a logged-in user's browser into sending unauthorized requests to a website.,An attack that tricks a logged-in user's browser into sending unauthorized requests to a website.,"A vulnerability where a program writes more data to a buffer than it can hold, potentially corrupting memory.","A vulnerability where a program writes more data to a buffer than it can hold, potentially corrupting memory.",A,Spyware: Software that secretly monitors and collects user information without their knowledge or consent.,स्पाइवेयर: सॉफ्टवेयर जो उपयोगकर्ता की जानकारी के बिना गुप्त रूप से निगरानी और एकत्र करता है.,Cyber Security,साइबर सुरक्षा,Cyber Security,साइबर सुरक्षा,Hard,1,0.25
A system designer needs the property described as: Software that secretly monitors and collects user information without their knowledge or consent.. Which concept is being used?,एक system designer को यह property चाहिए: सॉफ्टवेयर जो उपयोगकर्ता की जानकारी के बिना गुप्त रूप से निगरानी और एकत्र करता है.। कौन-सा concept उपयोग हो रहा है?,"A software security flaw that is unknown to the vendor and has no patch available yet, making it exploitable.","A software security flaw that is unknown to the vendor and has no patch available yet, making it exploitable.",An attack that tricks a logged-in user's browser into sending unauthorized requests to a website.,An attack that tricks a logged-in user's browser into sending unauthorized requests to a website.,"A vulnerability where a program writes more data to a buffer than it can hold, potentially corrupting memory.","A vulnerability where a program writes more data to a buffer than it can hold, potentially corrupting memory.",Software that secretly monitors and collects user information without their knowledge or consent.,Software that secretly monitors and collects user information without their knowledge or consent.,D,Spyware: Software that secretly monitors and collects user information without their knowledge or consent.,स्पाइवेयर: सॉफ्टवेयर जो उपयोगकर्ता की जानकारी के बिना गुप्त रूप से निगरानी और एकत्र करता है.,Cyber Security,साइबर सुरक्षा,Cyber Security,साइबर सुरक्षा,Medium,1,0.25
Which concept should an engineer identify from this technical description: Software that secretly monitors and collects user information without their knowledge or consent.?,इस technical description से engineer को कौन-सा concept पहचानना चाहिए: सॉफ्टवेयर जो उपयोगकर्ता की जानकारी के बिना गुप्त रूप से निगरानी और एकत्र करता है.?,An attack that tricks a logged-in user's browser into sending unauthorized requests to a website.,An attack that tricks a logged-in user's browser into sending unauthorized requests to a website.,"A vulnerability where a program writes more data to a buffer than it can hold, potentially corrupting memory.","A vulnerability where a program writes more data to a buffer than it can hold, potentially corrupting memory.",Software that secretly monitors and collects user information without their knowledge or consent.,Software that secretly monitors and collects user information without their knowledge or consent.,"A software security flaw that is unknown to the vendor and has no patch available yet, making it exploitable.","A software security flaw that is unknown to the vendor and has no patch available yet, making it exploitable.",C,Spyware: Software that secretly monitors and collects user information without their knowledge or consent.,स्पाइवेयर: सॉफ्टवेयर जो उपयोगकर्ता की जानकारी के बिना गुप्त रूप से निगरानी और एकत्र करता है.,Cyber Security,साइबर सुरक्षा,Cyber Security,साइबर सुरक्षा,Hard,1,0.25
In a scenario where the following behavior is required — Software that secretly monitors and collects user information without their knowledge or consent. — which concept is appropriate?,जिस scenario में यह behavior चाहिए — सॉफ्टवेयर जो उपयोगकर्ता की जानकारी के बिना गुप्त रूप से निगरानी और एकत्र करता है. — वहाँ कौन-सा concept उपयुक्त है?,"A vulnerability where a program writes more data to a buffer than it can hold, potentially corrupting memory.","A vulnerability where a program writes more data to a buffer than it can hold, potentially corrupting memory.",Software that secretly monitors and collects user information without their knowledge or consent.,Software that secretly monitors and collects user information without their knowledge or consent.,"A software security flaw that is unknown to the vendor and has no patch available yet, making it exploitable.","A software security flaw that is unknown to the vendor and has no patch available yet, making it exploitable.",An attack that tricks a logged-in user's browser into sending unauthorized requests to a website.,An attack that tricks a logged-in user's browser into sending unauthorized requests to a website.,B,Spyware: Software that secretly monitors and collects user information without their knowledge or consent.,स्पाइवेयर: सॉफ्टवेयर जो उपयोगकर्ता की जानकारी के बिना गुप्त रूप से निगरानी और एकत्र करता है.,Cyber Security,साइबर सुरक्षा,Cyber Security,साइबर सुरक्षा,Hard,1,0.25
"An exam asks which concept would be selected when the requirement is: A software security flaw that is unknown to the vendor and has no patch available yet, making it exploitable.. Which concept fits best?","एक परीक्षा में आवश्यकता दी गई है: एक सॉफ्टवेयर सुरक्षा खामी जो विक्रेता को अज्ञात है और अभी तक कोई पैच उपलब्ध नहीं है, जिससे इसका शोषण संभव है.। इसके लिए सबसे उपयुक्त concept कौन-सा है?","A software security flaw that is unknown to the vendor and has no patch available yet, making it exploitable.","A software security flaw that is unknown to the vendor and has no patch available yet, making it exploitable.",An attack that tricks a logged-in user's browser into sending unauthorized requests to a website.,An attack that tricks a logged-in user's browser into sending unauthorized requests to a website.,"A vulnerability where a program writes more data to a buffer than it can hold, potentially corrupting memory.","A vulnerability where a program writes more data to a buffer than it can hold, potentially corrupting memory.","A collection of malicious software tools that enable unauthorized, privileged access to a computer while hiding its presence.","A collection of malicious software tools that enable unauthorized, privileged access to a computer while hiding its presence.",A,"Zero-Day Vulnerability: A software security flaw that is unknown to the vendor and has no patch available yet, making it exploitable.","जीरो-डे भेद्यता: एक सॉफ्टवेयर सुरक्षा खामी जो विक्रेता को अज्ञात है और अभी तक कोई पैच उपलब्ध नहीं है, जिससे इसका शोषण संभव है.",Cyber Security,साइबर सुरक्षा,Cyber Security,साइबर सुरक्षा,Medium,1,0.25
"A system designer needs the property described as: A software security flaw that is unknown to the vendor and has no patch available yet, making it exploitable.. Which concept is being used?","एक system designer को यह property चाहिए: एक सॉफ्टवेयर सुरक्षा खामी जो विक्रेता को अज्ञात है और अभी तक कोई पैच उपलब्ध नहीं है, जिससे इसका शोषण संभव है.। कौन-सा concept उपयोग हो रहा है?",An attack that tricks a logged-in user's browser into sending unauthorized requests to a website.,An attack that tricks a logged-in user's browser into sending unauthorized requests to a website.,"A vulnerability where a program writes more data to a buffer than it can hold, potentially corrupting memory.","A vulnerability where a program writes more data to a buffer than it can hold, potentially corrupting memory.","A collection of malicious software tools that enable unauthorized, privileged access to a computer while hiding its presence.","A collection of malicious software tools that enable unauthorized, privileged access to a computer while hiding its presence.","A software security flaw that is unknown to the vendor and has no patch available yet, making it exploitable.","A software security flaw that is unknown to the vendor and has no patch available yet, making it exploitable.",D,"Zero-Day Vulnerability: A software security flaw that is unknown to the vendor and has no patch available yet, making it exploitable.","जीरो-डे भेद्यता: एक सॉफ्टवेयर सुरक्षा खामी जो विक्रेता को अज्ञात है और अभी तक कोई पैच उपलब्ध नहीं है, जिससे इसका शोषण संभव है.",Cyber Security,साइबर सुरक्षा,Cyber Security,साइबर सुरक्षा,Hard,1,0.25
"Which concept should an engineer identify from this technical description: A software security flaw that is unknown to the vendor and has no patch available yet, making it exploitable.?","इस technical description से engineer को कौन-सा concept पहचानना चाहिए: एक सॉफ्टवेयर सुरक्षा खामी जो विक्रेता को अज्ञात है और अभी तक कोई पैच उपलब्ध नहीं है, जिससे इसका शोषण संभव है.?","A vulnerability where a program writes more data to a buffer than it can hold, potentially corrupting memory.","A vulnerability where a program writes more data to a buffer than it can hold, potentially corrupting memory.","A collection of malicious software tools that enable unauthorized, privileged access to a computer while hiding its presence.","A collection of malicious software tools that enable unauthorized, privileged access to a computer while hiding its presence.","A software security flaw that is unknown to the vendor and has no patch available yet, making it exploitable.","A software security flaw that is unknown to the vendor and has no patch available yet, making it exploitable.",An attack that tricks a logged-in user's browser into sending unauthorized requests to a website.,An attack that tricks a logged-in user's browser into sending unauthorized requests to a website.,C,"Zero-Day Vulnerability: A software security flaw that is unknown to the vendor and has no patch available yet, making it exploitable.","जीरो-डे भेद्यता: एक सॉफ्टवेयर सुरक्षा खामी जो विक्रेता को अज्ञात है और अभी तक कोई पैच उपलब्ध नहीं है, जिससे इसका शोषण संभव है.",Cyber Security,साइबर सुरक्षा,Cyber Security,साइबर सुरक्षा,Hard,1,0.25
"In a scenario where the following behavior is required — A software security flaw that is unknown to the vendor and has no patch available yet, making it exploitable. — which concept is appropriate?","जिस scenario में यह behavior चाहिए — एक सॉफ्टवेयर सुरक्षा खामी जो विक्रेता को अज्ञात है और अभी तक कोई पैच उपलब्ध नहीं है, जिससे इसका शोषण संभव है. — वहाँ कौन-सा concept उपयुक्त है?","A collection of malicious software tools that enable unauthorized, privileged access to a computer while hiding its presence.","A collection of malicious software tools that enable unauthorized, privileged access to a computer while hiding its presence.","A software security flaw that is unknown to the vendor and has no patch available yet, making it exploitable.","A software security flaw that is unknown to the vendor and has no patch available yet, making it exploitable.",An attack that tricks a logged-in user's browser into sending unauthorized requests to a website.,An attack that tricks a logged-in user's browser into sending unauthorized requests to a website.,"A vulnerability where a program writes more data to a buffer than it can hold, potentially corrupting memory.","A vulnerability where a program writes more data to a buffer than it can hold, potentially corrupting memory.",B,"Zero-Day Vulnerability: A software security flaw that is unknown to the vendor and has no patch available yet, making it exploitable.","जीरो-डे भेद्यता: एक सॉफ्टवेयर सुरक्षा खामी जो विक्रेता को अज्ञात है और अभी तक कोई पैच उपलब्ध नहीं है, जिससे इसका शोषण संभव है.",Cyber Security,साइबर सुरक्षा,Cyber Security,साइबर सुरक्षा,Medium,1,0.25
An exam asks which concept would be selected when the requirement is: An attack that tricks a logged-in user's browser into sending unauthorized requests to a website.. Which concept fits best?,एक परीक्षा में आवश्यकता दी गई है: एक हमला जो लॉग-इन उपयोगकर्ता के ब्राउज़र को किसी वेबसाइट पर अनधिकृत अनुरोध भेजने के लिए धोखा देता है.। इसके लिए सबसे उपयुक्त concept कौन-सा है?,An attack that tricks a logged-in user's browser into sending unauthorized requests to a website.,An attack that tricks a logged-in user's browser into sending unauthorized requests to a website.,"A vulnerability where a program writes more data to a buffer than it can hold, potentially corrupting memory.","A vulnerability where a program writes more data to a buffer than it can hold, potentially corrupting memory.","A collection of malicious software tools that enable unauthorized, privileged access to a computer while hiding its presence.","A collection of malicious software tools that enable unauthorized, privileged access to a computer while hiding its presence.",A network of infected computers (bots) controlled remotely by an attacker to perform coordinated malicious tasks.,A network of infected computers (bots) controlled remotely by an attacker to perform coordinated malicious tasks.,A,Cross-Site Request Forgery (CSRF): An attack that tricks a logged-in user's browser into sending unauthorized requests to a website.,क्रॉस-साइट रिक्वेस्ट फोर्जरी (CSRF): एक हमला जो लॉग-इन उपयोगकर्ता के ब्राउज़र को किसी वेबसाइट पर अनधिकृत अनुरोध भेजने के लिए धोखा देता है.,Cyber Security,साइबर सुरक्षा,Cyber Security,साइबर सुरक्षा,Hard,1,0.25
A system designer needs the property described as: An attack that tricks a logged-in user's browser into sending unauthorized requests to a website.. Which concept is being used?,एक system designer को यह property चाहिए: एक हमला जो लॉग-इन उपयोगकर्ता के ब्राउज़र को किसी वेबसाइट पर अनधिकृत अनुरोध भेजने के लिए धोखा देता है.। कौन-सा concept उपयोग हो रहा है?,"A vulnerability where a program writes more data to a buffer than it can hold, potentially corrupting memory.","A vulnerability where a program writes more data to a buffer than it can hold, potentially corrupting memory.","A collection of malicious software tools that enable unauthorized, privileged access to a computer while hiding its presence.","A collection of malicious software tools that enable unauthorized, privileged access to a computer while hiding its presence.",A network of infected computers (bots) controlled remotely by an attacker to perform coordinated malicious tasks.,A network of infected computers (bots) controlled remotely by an attacker to perform coordinated malicious tasks.,An attack that tricks a logged-in user's browser into sending unauthorized requests to a website.,An attack that tricks a logged-in user's browser into sending unauthorized requests to a website.,D,Cross-Site Request Forgery (CSRF): An attack that tricks a logged-in user's browser into sending unauthorized requests to a website.,क्रॉस-साइट रिक्वेस्ट फोर्जरी (CSRF): एक हमला जो लॉग-इन उपयोगकर्ता के ब्राउज़र को किसी वेबसाइट पर अनधिकृत अनुरोध भेजने के लिए धोखा देता है.,Cyber Security,साइबर सुरक्षा,Cyber Security,साइबर सुरक्षा,Hard,1,0.25
Which concept should an engineer identify from this technical description: An attack that tricks a logged-in user's browser into sending unauthorized requests to a website.?,इस technical description से engineer को कौन-सा concept पहचानना चाहिए: एक हमला जो लॉग-इन उपयोगकर्ता के ब्राउज़र को किसी वेबसाइट पर अनधिकृत अनुरोध भेजने के लिए धोखा देता है.?,"A collection of malicious software tools that enable unauthorized, privileged access to a computer while hiding its presence.","A collection of malicious software tools that enable unauthorized, privileged access to a computer while hiding its presence.",A network of infected computers (bots) controlled remotely by an attacker to perform coordinated malicious tasks.,A network of infected computers (bots) controlled remotely by an attacker to perform coordinated malicious tasks.,An attack that tricks a logged-in user's browser into sending unauthorized requests to a website.,An attack that tricks a logged-in user's browser into sending unauthorized requests to a website.,"A vulnerability where a program writes more data to a buffer than it can hold, potentially corrupting memory.","A vulnerability where a program writes more data to a buffer than it can hold, potentially corrupting memory.",C,Cross-Site Request Forgery (CSRF): An attack that tricks a logged-in user's browser into sending unauthorized requests to a website.,क्रॉस-साइट रिक्वेस्ट फोर्जरी (CSRF): एक हमला जो लॉग-इन उपयोगकर्ता के ब्राउज़र को किसी वेबसाइट पर अनधिकृत अनुरोध भेजने के लिए धोखा देता है.,Cyber Security,साइबर सुरक्षा,Cyber Security,साइबर सुरक्षा,Medium,1,0.25
In a scenario where the following behavior is required — An attack that tricks a logged-in user's browser into sending unauthorized requests to a website. — which concept is appropriate?,जिस scenario में यह behavior चाहिए — एक हमला जो लॉग-इन उपयोगकर्ता के ब्राउज़र को किसी वेबसाइट पर अनधिकृत अनुरोध भेजने के लिए धोखा देता है. — वहाँ कौन-सा concept उपयुक्त है?,A network of infected computers (bots) controlled remotely by an attacker to perform coordinated malicious tasks.,A network of infected computers (bots) controlled remotely by an attacker to perform coordinated malicious tasks.,An attack that tricks a logged-in user's browser into sending unauthorized requests to a website.,An attack that tricks a logged-in user's browser into sending unauthorized requests to a website.,"A vulnerability where a program writes more data to a buffer than it can hold, potentially corrupting memory.","A vulnerability where a program writes more data to a buffer than it can hold, potentially corrupting memory.","A collection of malicious software tools that enable unauthorized, privileged access to a computer while hiding its presence.","A collection of malicious software tools that enable unauthorized, privileged access to a computer while hiding its presence.",B,Cross-Site Request Forgery (CSRF): An attack that tricks a logged-in user's browser into sending unauthorized requests to a website.,क्रॉस-साइट रिक्वेस्ट फोर्जरी (CSRF): एक हमला जो लॉग-इन उपयोगकर्ता के ब्राउज़र को किसी वेबसाइट पर अनधिकृत अनुरोध भेजने के लिए धोखा देता है.,Cyber Security,साइबर सुरक्षा,Cyber Security,साइबर सुरक्षा,Hard,1,0.25
"An exam asks which concept would be selected when the requirement is: A vulnerability where a program writes more data to a buffer than it can hold, potentially corrupting memory.. Which concept fits best?","एक परीक्षा में आवश्यकता दी गई है: एक भेद्यता जिसमें कोई प्रोग्राम बफर में उसकी क्षमता से अधिक डेटा लिखता है, जिससे मेमोरी दूषित हो सकती है.। इसके लिए सबसे उपयुक्त concept कौन-सा है?","A vulnerability where a program writes more data to a buffer than it can hold, potentially corrupting memory.","A vulnerability where a program writes more data to a buffer than it can hold, potentially corrupting memory.","A collection of malicious software tools that enable unauthorized, privileged access to a computer while hiding its presence.","A collection of malicious software tools that enable unauthorized, privileged access to a computer while hiding its presence.",A network of infected computers (bots) controlled remotely by an attacker to perform coordinated malicious tasks.,A network of infected computers (bots) controlled remotely by an attacker to perform coordinated malicious tasks.,"A type of spyware that records every keystroke made by a user, often to steal passwords and sensitive data.","A type of spyware that records every keystroke made by a user, often to steal passwords and sensitive data.",A,"Buffer Overflow: A vulnerability where a program writes more data to a buffer than it can hold, potentially corrupting memory.","बफर ओवरफ्लो: एक भेद्यता जिसमें कोई प्रोग्राम बफर में उसकी क्षमता से अधिक डेटा लिखता है, जिससे मेमोरी दूषित हो सकती है.",Cyber Security,साइबर सुरक्षा,Cyber Security,साइबर सुरक्षा,Hard,1,0.25
"A system designer needs the property described as: A vulnerability where a program writes more data to a buffer than it can hold, potentially corrupting memory.. Which concept is being used?","एक system designer को यह property चाहिए: एक भेद्यता जिसमें कोई प्रोग्राम बफर में उसकी क्षमता से अधिक डेटा लिखता है, जिससे मेमोरी दूषित हो सकती है.। कौन-सा concept उपयोग हो रहा है?","A collection of malicious software tools that enable unauthorized, privileged access to a computer while hiding its presence.","A collection of malicious software tools that enable unauthorized, privileged access to a computer while hiding its presence.",A network of infected computers (bots) controlled remotely by an attacker to perform coordinated malicious tasks.,A network of infected computers (bots) controlled remotely by an attacker to perform coordinated malicious tasks.,"A type of spyware that records every keystroke made by a user, often to steal passwords and sensitive data.","A type of spyware that records every keystroke made by a user, often to steal passwords and sensitive data.","A vulnerability where a program writes more data to a buffer than it can hold, potentially corrupting memory.","A vulnerability where a program writes more data to a buffer than it can hold, potentially corrupting memory.",D,"Buffer Overflow: A vulnerability where a program writes more data to a buffer than it can hold, potentially corrupting memory.","बफर ओवरफ्लो: एक भेद्यता जिसमें कोई प्रोग्राम बफर में उसकी क्षमता से अधिक डेटा लिखता है, जिससे मेमोरी दूषित हो सकती है.",Cyber Security,साइबर सुरक्षा,Cyber Security,साइबर सुरक्षा,Medium,1,0.25
"Which concept should an engineer identify from this technical description: A vulnerability where a program writes more data to a buffer than it can hold, potentially corrupting memory.?","इस technical description से engineer को कौन-सा concept पहचानना चाहिए: एक भेद्यता जिसमें कोई प्रोग्राम बफर में उसकी क्षमता से अधिक डेटा लिखता है, जिससे मेमोरी दूषित हो सकती है.?",A network of infected computers (bots) controlled remotely by an attacker to perform coordinated malicious tasks.,A network of infected computers (bots) controlled remotely by an attacker to perform coordinated malicious tasks.,"A type of spyware that records every keystroke made by a user, often to steal passwords and sensitive data.","A type of spyware that records every keystroke made by a user, often to steal passwords and sensitive data.","A vulnerability where a program writes more data to a buffer than it can hold, potentially corrupting memory.","A vulnerability where a program writes more data to a buffer than it can hold, potentially corrupting memory.","A collection of malicious software tools that enable unauthorized, privileged access to a computer while hiding its presence.","A collection of malicious software tools that enable unauthorized, privileged access to a computer while hiding its presence.",C,"Buffer Overflow: A vulnerability where a program writes more data to a buffer than it can hold, potentially corrupting memory.","बफर ओवरफ्लो: एक भेद्यता जिसमें कोई प्रोग्राम बफर में उसकी क्षमता से अधिक डेटा लिखता है, जिससे मेमोरी दूषित हो सकती है.",Cyber Security,साइबर सुरक्षा,Cyber Security,साइबर सुरक्षा,Hard,1,0.25
"In a scenario where the following behavior is required — A vulnerability where a program writes more data to a buffer than it can hold, potentially corrupting memory. — which concept is appropriate?","जिस scenario में यह behavior चाहिए — एक भेद्यता जिसमें कोई प्रोग्राम बफर में उसकी क्षमता से अधिक डेटा लिखता है, जिससे मेमोरी दूषित हो सकती है. — वहाँ कौन-सा concept उपयुक्त है?","A type of spyware that records every keystroke made by a user, often to steal passwords and sensitive data.","A type of spyware that records every keystroke made by a user, often to steal passwords and sensitive data.","A vulnerability where a program writes more data to a buffer than it can hold, potentially corrupting memory.","A vulnerability where a program writes more data to a buffer than it can hold, potentially corrupting memory.","A collection of malicious software tools that enable unauthorized, privileged access to a computer while hiding its presence.","A collection of malicious software tools that enable unauthorized, privileged access to a computer while hiding its presence.",A network of infected computers (bots) controlled remotely by an attacker to perform coordinated malicious tasks.,A network of infected computers (bots) controlled remotely by an attacker to perform coordinated malicious tasks.,B,"Buffer Overflow: A vulnerability where a program writes more data to a buffer than it can hold, potentially corrupting memory.","बफर ओवरफ्लो: एक भेद्यता जिसमें कोई प्रोग्राम बफर में उसकी क्षमता से अधिक डेटा लिखता है, जिससे मेमोरी दूषित हो सकती है.",Cyber Security,साइबर सुरक्षा,Cyber Security,साइबर सुरक्षा,Hard,1,0.25
"An exam asks which concept would be selected when the requirement is: A collection of malicious software tools that enable unauthorized, privileged access to a computer while hiding its presence.. Which concept fits best?","एक परीक्षा में आवश्यकता दी गई है: दुर्भावनापूर्ण सॉफ्टवेयर टूल्स का एक संग्रह जो अपनी उपस्थिति छिपाते हुए कंप्यूटर तक अनधिकृत, विशेषाधिकार प्राप्त पहुंच सक्षम करता है.। इसके लिए सबसे उपयुक्त concept कौन-सा है?","A collection of malicious software tools that enable unauthorized, privileged access to a computer while hiding its presence.","A collection of malicious software tools that enable unauthorized, privileged access to a computer while hiding its presence.",A network of infected computers (bots) controlled remotely by an attacker to perform coordinated malicious tasks.,A network of infected computers (bots) controlled remotely by an attacker to perform coordinated malicious tasks.,"A type of spyware that records every keystroke made by a user, often to steal passwords and sensitive data.","A type of spyware that records every keystroke made by a user, often to steal passwords and sensitive data.",A fraudulent attempt to obtain sensitive information such as passwords by disguising as a trustworthy entity.,A fraudulent attempt to obtain sensitive information such as passwords by disguising as a trustworthy entity.,A,"Rootkit: A collection of malicious software tools that enable unauthorized, privileged access to a computer while hiding its presence.","रूटकिट: दुर्भावनापूर्ण सॉफ्टवेयर टूल्स का एक संग्रह जो अपनी उपस्थिति छिपाते हुए कंप्यूटर तक अनधिकृत, विशेषाधिकार प्राप्त पहुंच सक्षम करता है.",Cyber Security,साइबर सुरक्षा,Cyber Security,साइबर सुरक्षा,Medium,1,0.25
"A system designer needs the property described as: A collection of malicious software tools that enable unauthorized, privileged access to a computer while hiding its presence.. Which concept is being used?","एक system designer को यह property चाहिए: दुर्भावनापूर्ण सॉफ्टवेयर टूल्स का एक संग्रह जो अपनी उपस्थिति छिपाते हुए कंप्यूटर तक अनधिकृत, विशेषाधिकार प्राप्त पहुंच सक्षम करता है.। कौन-सा concept उपयोग हो रहा है?",A network of infected computers (bots) controlled remotely by an attacker to perform coordinated malicious tasks.,A network of infected computers (bots) controlled remotely by an attacker to perform coordinated malicious tasks.,"A type of spyware that records every keystroke made by a user, often to steal passwords and sensitive data.","A type of spyware that records every keystroke made by a user, often to steal passwords and sensitive data.",A fraudulent attempt to obtain sensitive information such as passwords by disguising as a trustworthy entity.,A fraudulent attempt to obtain sensitive information such as passwords by disguising as a trustworthy entity.,"A collection of malicious software tools that enable unauthorized, privileged access to a computer while hiding its presence.","A collection of malicious software tools that enable unauthorized, privileged access to a computer while hiding its presence.",D,"Rootkit: A collection of malicious software tools that enable unauthorized, privileged access to a computer while hiding its presence.","रूटकिट: दुर्भावनापूर्ण सॉफ्टवेयर टूल्स का एक संग्रह जो अपनी उपस्थिति छिपाते हुए कंप्यूटर तक अनधिकृत, विशेषाधिकार प्राप्त पहुंच सक्षम करता है.",Cyber Security,साइबर सुरक्षा,Cyber Security,साइबर सुरक्षा,Hard,1,0.25
"Which concept should an engineer identify from this technical description: A collection of malicious software tools that enable unauthorized, privileged access to a computer while hiding its presence.?","इस technical description से engineer को कौन-सा concept पहचानना चाहिए: दुर्भावनापूर्ण सॉफ्टवेयर टूल्स का एक संग्रह जो अपनी उपस्थिति छिपाते हुए कंप्यूटर तक अनधिकृत, विशेषाधिकार प्राप्त पहुंच सक्षम करता है.?","A type of spyware that records every keystroke made by a user, often to steal passwords and sensitive data.","A type of spyware that records every keystroke made by a user, often to steal passwords and sensitive data.",A fraudulent attempt to obtain sensitive information such as passwords by disguising as a trustworthy entity.,A fraudulent attempt to obtain sensitive information such as passwords by disguising as a trustworthy entity.,"A collection of malicious software tools that enable unauthorized, privileged access to a computer while hiding its presence.","A collection of malicious software tools that enable unauthorized, privileged access to a computer while hiding its presence.",A network of infected computers (bots) controlled remotely by an attacker to perform coordinated malicious tasks.,A network of infected computers (bots) controlled remotely by an attacker to perform coordinated malicious tasks.,C,"Rootkit: A collection of malicious software tools that enable unauthorized, privileged access to a computer while hiding its presence.","रूटकिट: दुर्भावनापूर्ण सॉफ्टवेयर टूल्स का एक संग्रह जो अपनी उपस्थिति छिपाते हुए कंप्यूटर तक अनधिकृत, विशेषाधिकार प्राप्त पहुंच सक्षम करता है.",Cyber Security,साइबर सुरक्षा,Cyber Security,साइबर सुरक्षा,Hard,1,0.25
"In a scenario where the following behavior is required — A collection of malicious software tools that enable unauthorized, privileged access to a computer while hiding its presence. — which concept is appropriate?","जिस scenario में यह behavior चाहिए — दुर्भावनापूर्ण सॉफ्टवेयर टूल्स का एक संग्रह जो अपनी उपस्थिति छिपाते हुए कंप्यूटर तक अनधिकृत, विशेषाधिकार प्राप्त पहुंच सक्षम करता है. — वहाँ कौन-सा concept उपयुक्त है?",A fraudulent attempt to obtain sensitive information such as passwords by disguising as a trustworthy entity.,A fraudulent attempt to obtain sensitive information such as passwords by disguising as a trustworthy entity.,"A collection of malicious software tools that enable unauthorized, privileged access to a computer while hiding its presence.","A collection of malicious software tools that enable unauthorized, privileged access to a computer while hiding its presence.",A network of infected computers (bots) controlled remotely by an attacker to perform coordinated malicious tasks.,A network of infected computers (bots) controlled remotely by an attacker to perform coordinated malicious tasks.,"A type of spyware that records every keystroke made by a user, often to steal passwords and sensitive data.","A type of spyware that records every keystroke made by a user, often to steal passwords and sensitive data.",B,"Rootkit: A collection of malicious software tools that enable unauthorized, privileged access to a computer while hiding its presence.","रूटकिट: दुर्भावनापूर्ण सॉफ्टवेयर टूल्स का एक संग्रह जो अपनी उपस्थिति छिपाते हुए कंप्यूटर तक अनधिकृत, विशेषाधिकार प्राप्त पहुंच सक्षम करता है.",Cyber Security,साइबर सुरक्षा,Cyber Security,साइबर सुरक्षा,Medium,1,0.25
An exam asks which concept would be selected when the requirement is: A network of infected computers (bots) controlled remotely by an attacker to perform coordinated malicious tasks.. Which concept fits best?,एक परीक्षा में आवश्यकता दी गई है: संक्रमित कंप्यूटरों (बॉट्स) का एक नेटवर्क जिसे एक हमलावर द्वारा समन्वित दुर्भावनापूर्ण कार्य करने के लिए दूर से नियंत्रित किया जाता है.। इसके लिए सबसे उपयुक्त concept कौन-सा है?,A network of infected computers (bots) controlled remotely by an attacker to perform coordinated malicious tasks.,A network of infected computers (bots) controlled remotely by an attacker to perform coordinated malicious tasks.,"A type of spyware that records every keystroke made by a user, often to steal passwords and sensitive data.","A type of spyware that records every keystroke made by a user, often to steal passwords and sensitive data.",A fraudulent attempt to obtain sensitive information such as passwords by disguising as a trustworthy entity.,A fraudulent attempt to obtain sensitive information such as passwords by disguising as a trustworthy entity.,"Malicious software designed to damage, disrupt, or gain unauthorized access to a computer system.","Malicious software designed to damage, disrupt, or gain unauthorized access to a computer system.",A,Botnet: A network of infected computers (bots) controlled remotely by an attacker to perform coordinated malicious tasks.,बॉटनेट: संक्रमित कंप्यूटरों (बॉट्स) का एक नेटवर्क जिसे एक हमलावर द्वारा समन्वित दुर्भावनापूर्ण कार्य करने के लिए दूर से नियंत्रित किया जाता है.,Cyber Security,साइबर सुरक्षा,Cyber Security,साइबर सुरक्षा,Hard,1,0.25
A system designer needs the property described as: A network of infected computers (bots) controlled remotely by an attacker to perform coordinated malicious tasks.. Which concept is being used?,एक system designer को यह property चाहिए: संक्रमित कंप्यूटरों (बॉट्स) का एक नेटवर्क जिसे एक हमलावर द्वारा समन्वित दुर्भावनापूर्ण कार्य करने के लिए दूर से नियंत्रित किया जाता है.। कौन-सा concept उपयोग हो रहा है?,"A type of spyware that records every keystroke made by a user, often to steal passwords and sensitive data.","A type of spyware that records every keystroke made by a user, often to steal passwords and sensitive data.",A fraudulent attempt to obtain sensitive information such as passwords by disguising as a trustworthy entity.,A fraudulent attempt to obtain sensitive information such as passwords by disguising as a trustworthy entity.,"Malicious software designed to damage, disrupt, or gain unauthorized access to a computer system.","Malicious software designed to damage, disrupt, or gain unauthorized access to a computer system.",A network of infected computers (bots) controlled remotely by an attacker to perform coordinated malicious tasks.,A network of infected computers (bots) controlled remotely by an attacker to perform coordinated malicious tasks.,D,Botnet: A network of infected computers (bots) controlled remotely by an attacker to perform coordinated malicious tasks.,बॉटनेट: संक्रमित कंप्यूटरों (बॉट्स) का एक नेटवर्क जिसे एक हमलावर द्वारा समन्वित दुर्भावनापूर्ण कार्य करने के लिए दूर से नियंत्रित किया जाता है.,Cyber Security,साइबर सुरक्षा,Cyber Security,साइबर सुरक्षा,Hard,1,0.25
Which concept should an engineer identify from this technical description: A network of infected computers (bots) controlled remotely by an attacker to perform coordinated malicious tasks.?,इस technical description से engineer को कौन-सा concept पहचानना चाहिए: संक्रमित कंप्यूटरों (बॉट्स) का एक नेटवर्क जिसे एक हमलावर द्वारा समन्वित दुर्भावनापूर्ण कार्य करने के लिए दूर से नियंत्रित किया जाता है.?,A fraudulent attempt to obtain sensitive information such as passwords by disguising as a trustworthy entity.,A fraudulent attempt to obtain sensitive information such as passwords by disguising as a trustworthy entity.,"Malicious software designed to damage, disrupt, or gain unauthorized access to a computer system.","Malicious software designed to damage, disrupt, or gain unauthorized access to a computer system.",A network of infected computers (bots) controlled remotely by an attacker to perform coordinated malicious tasks.,A network of infected computers (bots) controlled remotely by an attacker to perform coordinated malicious tasks.,"A type of spyware that records every keystroke made by a user, often to steal passwords and sensitive data.","A type of spyware that records every keystroke made by a user, often to steal passwords and sensitive data.",C,Botnet: A network of infected computers (bots) controlled remotely by an attacker to perform coordinated malicious tasks.,बॉटनेट: संक्रमित कंप्यूटरों (बॉट्स) का एक नेटवर्क जिसे एक हमलावर द्वारा समन्वित दुर्भावनापूर्ण कार्य करने के लिए दूर से नियंत्रित किया जाता है.,Cyber Security,साइबर सुरक्षा,Cyber Security,साइबर सुरक्षा,Medium,1,0.25
In a scenario where the following behavior is required — A network of infected computers (bots) controlled remotely by an attacker to perform coordinated malicious tasks. — which concept is appropriate?,जिस scenario में यह behavior चाहिए — संक्रमित कंप्यूटरों (बॉट्स) का एक नेटवर्क जिसे एक हमलावर द्वारा समन्वित दुर्भावनापूर्ण कार्य करने के लिए दूर से नियंत्रित किया जाता है. — वहाँ कौन-सा concept उपयुक्त है?,"Malicious software designed to damage, disrupt, or gain unauthorized access to a computer system.","Malicious software designed to damage, disrupt, or gain unauthorized access to a computer system.",A network of infected computers (bots) controlled remotely by an attacker to perform coordinated malicious tasks.,A network of infected computers (bots) controlled remotely by an attacker to perform coordinated malicious tasks.,"A type of spyware that records every keystroke made by a user, often to steal passwords and sensitive data.","A type of spyware that records every keystroke made by a user, often to steal passwords and sensitive data.",A fraudulent attempt to obtain sensitive information such as passwords by disguising as a trustworthy entity.,A fraudulent attempt to obtain sensitive information such as passwords by disguising as a trustworthy entity.,B,Botnet: A network of infected computers (bots) controlled remotely by an attacker to perform coordinated malicious tasks.,बॉटनेट: संक्रमित कंप्यूटरों (बॉट्स) का एक नेटवर्क जिसे एक हमलावर द्वारा समन्वित दुर्भावनापूर्ण कार्य करने के लिए दूर से नियंत्रित किया जाता है.,Cyber Security,साइबर सुरक्षा,Cyber Security,साइबर सुरक्षा,Hard,1,0.25
"An exam asks which concept would be selected when the requirement is: A type of spyware that records every keystroke made by a user, often to steal passwords and sensitive data.. Which concept fits best?","एक परीक्षा में आवश्यकता दी गई है: एक प्रकार का स्पाइवेयर जो उपयोगकर्ता द्वारा की गई हर कीस्ट्रोक को रिकॉर्ड करता है, अक्सर पासवर्ड और संवेदनशील डेटा चुराने के लिए.। इसके लिए सबसे उपयुक्त concept कौन-सा है?","A type of spyware that records every keystroke made by a user, often to steal passwords and sensitive data.","A type of spyware that records every keystroke made by a user, often to steal passwords and sensitive data.",A fraudulent attempt to obtain sensitive information such as passwords by disguising as a trustworthy entity.,A fraudulent attempt to obtain sensitive information such as passwords by disguising as a trustworthy entity.,"Malicious software designed to damage, disrupt, or gain unauthorized access to a computer system.","Malicious software designed to damage, disrupt, or gain unauthorized access to a computer system.",Malicious software that encrypts a victim's files and demands payment for the decryption key.,Malicious software that encrypts a victim's files and demands payment for the decryption key.,A,"Keylogger: A type of spyware that records every keystroke made by a user, often to steal passwords and sensitive data.","कीलॉगर: एक प्रकार का स्पाइवेयर जो उपयोगकर्ता द्वारा की गई हर कीस्ट्रोक को रिकॉर्ड करता है, अक्सर पासवर्ड और संवेदनशील डेटा चुराने के लिए.",Cyber Security,साइबर सुरक्षा,Cyber Security,साइबर सुरक्षा,Hard,1,0.25
"A system designer needs the property described as: A type of spyware that records every keystroke made by a user, often to steal passwords and sensitive data.. Which concept is being used?","एक system designer को यह property चाहिए: एक प्रकार का स्पाइवेयर जो उपयोगकर्ता द्वारा की गई हर कीस्ट्रोक को रिकॉर्ड करता है, अक्सर पासवर्ड और संवेदनशील डेटा चुराने के लिए.। कौन-सा concept उपयोग हो रहा है?",A fraudulent attempt to obtain sensitive information such as passwords by disguising as a trustworthy entity.,A fraudulent attempt to obtain sensitive information such as passwords by disguising as a trustworthy entity.,"Malicious software designed to damage, disrupt, or gain unauthorized access to a computer system.","Malicious software designed to damage, disrupt, or gain unauthorized access to a computer system.",Malicious software that encrypts a victim's files and demands payment for the decryption key.,Malicious software that encrypts a victim's files and demands payment for the decryption key.,"A type of spyware that records every keystroke made by a user, often to steal passwords and sensitive data.","A type of spyware that records every keystroke made by a user, often to steal passwords and sensitive data.",D,"Keylogger: A type of spyware that records every keystroke made by a user, often to steal passwords and sensitive data.","कीलॉगर: एक प्रकार का स्पाइवेयर जो उपयोगकर्ता द्वारा की गई हर कीस्ट्रोक को रिकॉर्ड करता है, अक्सर पासवर्ड और संवेदनशील डेटा चुराने के लिए.",Cyber Security,साइबर सुरक्षा,Cyber Security,साइबर सुरक्षा,Medium,1,0.25
"Which concept should an engineer identify from this technical description: A type of spyware that records every keystroke made by a user, often to steal passwords and sensitive data.?","इस technical description से engineer को कौन-सा concept पहचानना चाहिए: एक प्रकार का स्पाइवेयर जो उपयोगकर्ता द्वारा की गई हर कीस्ट्रोक को रिकॉर्ड करता है, अक्सर पासवर्ड और संवेदनशील डेटा चुराने के लिए.?","Malicious software designed to damage, disrupt, or gain unauthorized access to a computer system.","Malicious software designed to damage, disrupt, or gain unauthorized access to a computer system.",Malicious software that encrypts a victim's files and demands payment for the decryption key.,Malicious software that encrypts a victim's files and demands payment for the decryption key.,"A type of spyware that records every keystroke made by a user, often to steal passwords and sensitive data.","A type of spyware that records every keystroke made by a user, often to steal passwords and sensitive data.",A fraudulent attempt to obtain sensitive information such as passwords by disguising as a trustworthy entity.,A fraudulent attempt to obtain sensitive information such as passwords by disguising as a trustworthy entity.,C,"Keylogger: A type of spyware that records every keystroke made by a user, often to steal passwords and sensitive data.","कीलॉगर: एक प्रकार का स्पाइवेयर जो उपयोगकर्ता द्वारा की गई हर कीस्ट्रोक को रिकॉर्ड करता है, अक्सर पासवर्ड और संवेदनशील डेटा चुराने के लिए.",Cyber Security,साइबर सुरक्षा,Cyber Security,साइबर सुरक्षा,Hard,1,0.25
"In a scenario where the following behavior is required — A type of spyware that records every keystroke made by a user, often to steal passwords and sensitive data. — which concept is appropriate?","जिस scenario में यह behavior चाहिए — एक प्रकार का स्पाइवेयर जो उपयोगकर्ता द्वारा की गई हर कीस्ट्रोक को रिकॉर्ड करता है, अक्सर पासवर्ड और संवेदनशील डेटा चुराने के लिए. — वहाँ कौन-सा concept उपयुक्त है?",Malicious software that encrypts a victim's files and demands payment for the decryption key.,Malicious software that encrypts a victim's files and demands payment for the decryption key.,"A type of spyware that records every keystroke made by a user, often to steal passwords and sensitive data.","A type of spyware that records every keystroke made by a user, often to steal passwords and sensitive data.",A fraudulent attempt to obtain sensitive information such as passwords by disguising as a trustworthy entity.,A fraudulent attempt to obtain sensitive information such as passwords by disguising as a trustworthy entity.,"Malicious software designed to damage, disrupt, or gain unauthorized access to a computer system.","Malicious software designed to damage, disrupt, or gain unauthorized access to a computer system.",B,"Keylogger: A type of spyware that records every keystroke made by a user, often to steal passwords and sensitive data.","कीलॉगर: एक प्रकार का स्पाइवेयर जो उपयोगकर्ता द्वारा की गई हर कीस्ट्रोक को रिकॉर्ड करता है, अक्सर पासवर्ड और संवेदनशील डेटा चुराने के लिए.",Cyber Security,साइबर सुरक्षा,Cyber Security,साइबर सुरक्षा,Hard,1,0.25
An exam asks which concept would be selected when the requirement is: A linear data structure that follows the LIFO (Last In First Out) principle for insertion and deletion.. Which concept fits best?,एक परीक्षा में आवश्यकता दी गई है: एक रैखिक डेटा संरचना जो सम्मिलन और विलोपन के लिए LIFO (Last In First Out) सिद्धांत का पालन करती है.। इसके लिए सबसे उपयुक्त concept कौन-सा है?,A linear data structure that follows the LIFO (Last In First Out) principle for insertion and deletion.,A linear data structure that follows the LIFO (Last In First Out) principle for insertion and deletion.,A linear data structure that follows the FIFO (First In First Out) principle for insertion and deletion.,A linear data structure that follows the FIFO (First In First Out) principle for insertion and deletion.,A linear data structure made of nodes where each node contains data and a reference to the next node.,A linear data structure made of nodes where each node contains data and a reference to the next node.,"A hierarchical data structure where each node has at most two children, referred to as left and right child.","A hierarchical data structure where each node has at most two children, referred to as left and right child.",A,Stack: A linear data structure that follows the LIFO (Last In First Out) principle for insertion and deletion.,स्टैक: एक रैखिक डेटा संरचना जो सम्मिलन और विलोपन के लिए LIFO (Last In First Out) सिद्धांत का पालन करती है.,DSA,डेटा स्ट्रक्चर एवं एल्गोरिद्म,Data Structures,डेटा स्ट्रक्चर,Medium,1,0.25
A system designer needs the property described as: A linear data structure that follows the LIFO (Last In First Out) principle for insertion and deletion.. Which concept is being used?,एक system designer को यह property चाहिए: एक रैखिक डेटा संरचना जो सम्मिलन और विलोपन के लिए LIFO (Last In First Out) सिद्धांत का पालन करती है.। कौन-सा concept उपयोग हो रहा है?,A linear data structure that follows the FIFO (First In First Out) principle for insertion and deletion.,A linear data structure that follows the FIFO (First In First Out) principle for insertion and deletion.,A linear data structure made of nodes where each node contains data and a reference to the next node.,A linear data structure made of nodes where each node contains data and a reference to the next node.,"A hierarchical data structure where each node has at most two children, referred to as left and right child.","A hierarchical data structure where each node has at most two children, referred to as left and right child.",A linear data structure that follows the LIFO (Last In First Out) principle for insertion and deletion.,A linear data structure that follows the LIFO (Last In First Out) principle for insertion and deletion.,D,Stack: A linear data structure that follows the LIFO (Last In First Out) principle for insertion and deletion.,स्टैक: एक रैखिक डेटा संरचना जो सम्मिलन और विलोपन के लिए LIFO (Last In First Out) सिद्धांत का पालन करती है.,DSA,डेटा स्ट्रक्चर एवं एल्गोरिद्म,Data Structures,डेटा स्ट्रक्चर,Hard,1,0.25
Which concept should an engineer identify from this technical description: A linear data structure that follows the LIFO (Last In First Out) principle for insertion and deletion.?,इस technical description से engineer को कौन-सा concept पहचानना चाहिए: एक रैखिक डेटा संरचना जो सम्मिलन और विलोपन के लिए LIFO (Last In First Out) सिद्धांत का पालन करती है.?,A linear data structure made of nodes where each node contains data and a reference to the next node.,A linear data structure made of nodes where each node contains data and a reference to the next node.,"A hierarchical data structure where each node has at most two children, referred to as left and right child.","A hierarchical data structure where each node has at most two children, referred to as left and right child.",A linear data structure that follows the LIFO (Last In First Out) principle for insertion and deletion.,A linear data structure that follows the LIFO (Last In First Out) principle for insertion and deletion.,A linear data structure that follows the FIFO (First In First Out) principle for insertion and deletion.,A linear data structure that follows the FIFO (First In First Out) principle for insertion and deletion.,C,Stack: A linear data structure that follows the LIFO (Last In First Out) principle for insertion and deletion.,स्टैक: एक रैखिक डेटा संरचना जो सम्मिलन और विलोपन के लिए LIFO (Last In First Out) सिद्धांत का पालन करती है.,DSA,डेटा स्ट्रक्चर एवं एल्गोरिद्म,Data Structures,डेटा स्ट्रक्चर,Hard,1,0.25
In a scenario where the following behavior is required — A linear data structure that follows the LIFO (Last In First Out) principle for insertion and deletion. — which concept is appropriate?,जिस scenario में यह behavior चाहिए — एक रैखिक डेटा संरचना जो सम्मिलन और विलोपन के लिए LIFO (Last In First Out) सिद्धांत का पालन करती है. — वहाँ कौन-सा concept उपयुक्त है?,"A hierarchical data structure where each node has at most two children, referred to as left and right child.","A hierarchical data structure where each node has at most two children, referred to as left and right child.",A linear data structure that follows the LIFO (Last In First Out) principle for insertion and deletion.,A linear data structure that follows the LIFO (Last In First Out) principle for insertion and deletion.,A linear data structure that follows the FIFO (First In First Out) principle for insertion and deletion.,A linear data structure that follows the FIFO (First In First Out) principle for insertion and deletion.,A linear data structure made of nodes where each node contains data and a reference to the next node.,A linear data structure made of nodes where each node contains data and a reference to the next node.,B,Stack: A linear data structure that follows the LIFO (Last In First Out) principle for insertion and deletion.,स्टैक: एक रैखिक डेटा संरचना जो सम्मिलन और विलोपन के लिए LIFO (Last In First Out) सिद्धांत का पालन करती है.,DSA,डेटा स्ट्रक्चर एवं एल्गोरिद्म,Data Structures,डेटा स्ट्रक्चर,Medium,1,0.25
An exam asks which concept would be selected when the requirement is: A linear data structure that follows the FIFO (First In First Out) principle for insertion and deletion.. Which concept fits best?,एक परीक्षा में आवश्यकता दी गई है: एक रैखिक डेटा संरचना जो सम्मिलन और विलोपन के लिए FIFO (First In First Out) सिद्धांत का पालन करती है.। इसके लिए सबसे उपयुक्त concept कौन-सा है?,A linear data structure that follows the FIFO (First In First Out) principle for insertion and deletion.,A linear data structure that follows the FIFO (First In First Out) principle for insertion and deletion.,A linear data structure made of nodes where each node contains data and a reference to the next node.,A linear data structure made of nodes where each node contains data and a reference to the next node.,"A hierarchical data structure where each node has at most two children, referred to as left and right child.","A hierarchical data structure where each node has at most two children, referred to as left and right child.",A binary tree where the left subtree contains values smaller than the node and the right subtree contains larger values.,A binary tree where the left subtree contains values smaller than the node and the right subtree contains larger values.,A,Queue: A linear data structure that follows the FIFO (First In First Out) principle for insertion and deletion.,क्यू (Queue): एक रैखिक डेटा संरचना जो सम्मिलन और विलोपन के लिए FIFO (First In First Out) सिद्धांत का पालन करती है.,DSA,डेटा स्ट्रक्चर एवं एल्गोरिद्म,Data Structures,डेटा स्ट्रक्चर,Hard,1,0.25
A system designer needs the property described as: A linear data structure that follows the FIFO (First In First Out) principle for insertion and deletion.. Which concept is being used?,एक system designer को यह property चाहिए: एक रैखिक डेटा संरचना जो सम्मिलन और विलोपन के लिए FIFO (First In First Out) सिद्धांत का पालन करती है.। कौन-सा concept उपयोग हो रहा है?,A linear data structure made of nodes where each node contains data and a reference to the next node.,A linear data structure made of nodes where each node contains data and a reference to the next node.,"A hierarchical data structure where each node has at most two children, referred to as left and right child.","A hierarchical data structure where each node has at most two children, referred to as left and right child.",A binary tree where the left subtree contains values smaller than the node and the right subtree contains larger values.,A binary tree where the left subtree contains values smaller than the node and the right subtree contains larger values.,A linear data structure that follows the FIFO (First In First Out) principle for insertion and deletion.,A linear data structure that follows the FIFO (First In First Out) principle for insertion and deletion.,D,Queue: A linear data structure that follows the FIFO (First In First Out) principle for insertion and deletion.,क्यू (Queue): एक रैखिक डेटा संरचना जो सम्मिलन और विलोपन के लिए FIFO (First In First Out) सिद्धांत का पालन करती है.,DSA,डेटा स्ट्रक्चर एवं एल्गोरिद्म,Data Structures,डेटा स्ट्रक्चर,Hard,1,0.25
Which concept should an engineer identify from this technical description: A linear data structure that follows the FIFO (First In First Out) principle for insertion and deletion.?,इस technical description से engineer को कौन-सा concept पहचानना चाहिए: एक रैखिक डेटा संरचना जो सम्मिलन और विलोपन के लिए FIFO (First In First Out) सिद्धांत का पालन करती है.?,"A hierarchical data structure where each node has at most two children, referred to as left and right child.","A hierarchical data structure where each node has at most two children, referred to as left and right child.",A binary tree where the left subtree contains values smaller than the node and the right subtree contains larger values.,A binary tree where the left subtree contains values smaller than the node and the right subtree contains larger values.,A linear data structure that follows the FIFO (First In First Out) principle for insertion and deletion.,A linear data structure that follows the FIFO (First In First Out) principle for insertion and deletion.,A linear data structure made of nodes where each node contains data and a reference to the next node.,A linear data structure made of nodes where each node contains data and a reference to the next node.,C,Queue: A linear data structure that follows the FIFO (First In First Out) principle for insertion and deletion.,क्यू (Queue): एक रैखिक डेटा संरचना जो सम्मिलन और विलोपन के लिए FIFO (First In First Out) सिद्धांत का पालन करती है.,DSA,डेटा स्ट्रक्चर एवं एल्गोरिद्म,Data Structures,डेटा स्ट्रक्चर,Medium,1,0.25
In a scenario where the following behavior is required — A linear data structure that follows the FIFO (First In First Out) principle for insertion and deletion. — which concept is appropriate?,जिस scenario में यह behavior चाहिए — एक रैखिक डेटा संरचना जो सम्मिलन और विलोपन के लिए FIFO (First In First Out) सिद्धांत का पालन करती है. — वहाँ कौन-सा concept उपयुक्त है?,A binary tree where the left subtree contains values smaller than the node and the right subtree contains larger values.,A binary tree where the left subtree contains values smaller than the node and the right subtree contains larger values.,A linear data structure that follows the FIFO (First In First Out) principle for insertion and deletion.,A linear data structure that follows the FIFO (First In First Out) principle for insertion and deletion.,A linear data structure made of nodes where each node contains data and a reference to the next node.,A linear data structure made of nodes where each node contains data and a reference to the next node.,"A hierarchical data structure where each node has at most two children, referred to as left and right child.","A hierarchical data structure where each node has at most two children, referred to as left and right child.",B,Queue: A linear data structure that follows the FIFO (First In First Out) principle for insertion and deletion.,क्यू (Queue): एक रैखिक डेटा संरचना जो सम्मिलन और विलोपन के लिए FIFO (First In First Out) सिद्धांत का पालन करती है.,DSA,डेटा स्ट्रक्चर एवं एल्गोरिद्म,Data Structures,डेटा स्ट्रक्चर,Hard,1,0.25
An exam asks which concept would be selected when the requirement is: A linear data structure made of nodes where each node contains data and a reference to the next node.. Which concept fits best?,एक परीक्षा में आवश्यकता दी गई है: नोड्स से बनी एक रैखिक डेटा संरचना जहां प्रत्येक नोड में डेटा और अगले नोड का संदर्भ होता है.। इसके लिए सबसे उपयुक्त concept कौन-सा है?,A linear data structure made of nodes where each node contains data and a reference to the next node.,A linear data structure made of nodes where each node contains data and a reference to the next node.,"A hierarchical data structure where each node has at most two children, referred to as left and right child.","A hierarchical data structure where each node has at most two children, referred to as left and right child.",A binary tree where the left subtree contains values smaller than the node and the right subtree contains larger values.,A binary tree where the left subtree contains values smaller than the node and the right subtree contains larger values.,A non-linear data structure consisting of a set of vertices (nodes) connected by edges.,A non-linear data structure consisting of a set of vertices (nodes) connected by edges.,A,Linked List: A linear data structure made of nodes where each node contains data and a reference to the next node.,लिंक्ड लिस्ट: नोड्स से बनी एक रैखिक डेटा संरचना जहां प्रत्येक नोड में डेटा और अगले नोड का संदर्भ होता है.,DSA,डेटा स्ट्रक्चर एवं एल्गोरिद्म,Data Structures,डेटा स्ट्रक्चर,Hard,1,0.25
A system designer needs the property described as: A linear data structure made of nodes where each node contains data and a reference to the next node.. Which concept is being used?,एक system designer को यह property चाहिए: नोड्स से बनी एक रैखिक डेटा संरचना जहां प्रत्येक नोड में डेटा और अगले नोड का संदर्भ होता है.। कौन-सा concept उपयोग हो रहा है?,"A hierarchical data structure where each node has at most two children, referred to as left and right child.","A hierarchical data structure where each node has at most two children, referred to as left and right child.",A binary tree where the left subtree contains values smaller than the node and the right subtree contains larger values.,A binary tree where the left subtree contains values smaller than the node and the right subtree contains larger values.,A non-linear data structure consisting of a set of vertices (nodes) connected by edges.,A non-linear data structure consisting of a set of vertices (nodes) connected by edges.,A linear data structure made of nodes where each node contains data and a reference to the next node.,A linear data structure made of nodes where each node contains data and a reference to the next node.,D,Linked List: A linear data structure made of nodes where each node contains data and a reference to the next node.,लिंक्ड लिस्ट: नोड्स से बनी एक रैखिक डेटा संरचना जहां प्रत्येक नोड में डेटा और अगले नोड का संदर्भ होता है.,DSA,डेटा स्ट्रक्चर एवं एल्गोरिद्म,Data Structures,डेटा स्ट्रक्चर,Medium,1,0.25
Which concept should an engineer identify from this technical description: A linear data structure made of nodes where each node contains data and a reference to the next node.?,इस technical description से engineer को कौन-सा concept पहचानना चाहिए: नोड्स से बनी एक रैखिक डेटा संरचना जहां प्रत्येक नोड में डेटा और अगले नोड का संदर्भ होता है.?,A binary tree where the left subtree contains values smaller than the node and the right subtree contains larger values.,A binary tree where the left subtree contains values smaller than the node and the right subtree contains larger values.,A non-linear data structure consisting of a set of vertices (nodes) connected by edges.,A non-linear data structure consisting of a set of vertices (nodes) connected by edges.,A linear data structure made of nodes where each node contains data and a reference to the next node.,A linear data structure made of nodes where each node contains data and a reference to the next node.,"A hierarchical data structure where each node has at most two children, referred to as left and right child.","A hierarchical data structure where each node has at most two children, referred to as left and right child.",C,Linked List: A linear data structure made of nodes where each node contains data and a reference to the next node.,लिंक्ड लिस्ट: नोड्स से बनी एक रैखिक डेटा संरचना जहां प्रत्येक नोड में डेटा और अगले नोड का संदर्भ होता है.,DSA,डेटा स्ट्रक्चर एवं एल्गोरिद्म,Data Structures,डेटा स्ट्रक्चर,Hard,1,0.25
In a scenario where the following behavior is required — A linear data structure made of nodes where each node contains data and a reference to the next node. — which concept is appropriate?,जिस scenario में यह behavior चाहिए — नोड्स से बनी एक रैखिक डेटा संरचना जहां प्रत्येक नोड में डेटा और अगले नोड का संदर्भ होता है. — वहाँ कौन-सा concept उपयुक्त है?,A non-linear data structure consisting of a set of vertices (nodes) connected by edges.,A non-linear data structure consisting of a set of vertices (nodes) connected by edges.,A linear data structure made of nodes where each node contains data and a reference to the next node.,A linear data structure made of nodes where each node contains data and a reference to the next node.,"A hierarchical data structure where each node has at most two children, referred to as left and right child.","A hierarchical data structure where each node has at most two children, referred to as left and right child.",A binary tree where the left subtree contains values smaller than the node and the right subtree contains larger values.,A binary tree where the left subtree contains values smaller than the node and the right subtree contains larger values.,B,Linked List: A linear data structure made of nodes where each node contains data and a reference to the next node.,लिंक्ड लिस्ट: नोड्स से बनी एक रैखिक डेटा संरचना जहां प्रत्येक नोड में डेटा और अगले नोड का संदर्भ होता है.,DSA,डेटा स्ट्रक्चर एवं एल्गोरिद्म,Data Structures,डेटा स्ट्रक्चर,Hard,1,0.25
"An exam asks which concept would be selected when the requirement is: A hierarchical data structure where each node has at most two children, referred to as left and right child.. Which concept fits best?","एक परीक्षा में आवश्यकता दी गई है: एक पदानुक्रमित डेटा संरचना जहां प्रत्येक नोड में अधिकतम दो संतान होती हैं, जिन्हें बाएं और दाएं संतान कहा जाता है.। इसके लिए सबसे उपयुक्त concept कौन-सा है?","A hierarchical data structure where each node has at most two children, referred to as left and right child.","A hierarchical data structure where each node has at most two children, referred to as left and right child.",A binary tree where the left subtree contains values smaller than the node and the right subtree contains larger values.,A binary tree where the left subtree contains values smaller than the node and the right subtree contains larger values.,A non-linear data structure consisting of a set of vertices (nodes) connected by edges.,A non-linear data structure consisting of a set of vertices (nodes) connected by edges.,A data structure that maps keys to values using a hash function for fast average-case lookup.,A data structure that maps keys to values using a hash function for fast average-case lookup.,A,"Binary Tree: A hierarchical data structure where each node has at most two children, referred to as left and right child.","बाइनरी ट्री: एक पदानुक्रमित डेटा संरचना जहां प्रत्येक नोड में अधिकतम दो संतान होती हैं, जिन्हें बाएं और दाएं संतान कहा जाता है.",DSA,डेटा स्ट्रक्चर एवं एल्गोरिद्म,Data Structures,डेटा स्ट्रक्चर,Medium,1,0.25
"A system designer needs the property described as: A hierarchical data structure where each node has at most two children, referred to as left and right child.. Which concept is being used?","एक system designer को यह property चाहिए: एक पदानुक्रमित डेटा संरचना जहां प्रत्येक नोड में अधिकतम दो संतान होती हैं, जिन्हें बाएं और दाएं संतान कहा जाता है.। कौन-सा concept उपयोग हो रहा है?",A binary tree where the left subtree contains values smaller than the node and the right subtree contains larger values.,A binary tree where the left subtree contains values smaller than the node and the right subtree contains larger values.,A non-linear data structure consisting of a set of vertices (nodes) connected by edges.,A non-linear data structure consisting of a set of vertices (nodes) connected by edges.,A data structure that maps keys to values using a hash function for fast average-case lookup.,A data structure that maps keys to values using a hash function for fast average-case lookup.,"A hierarchical data structure where each node has at most two children, referred to as left and right child.","A hierarchical data structure where each node has at most two children, referred to as left and right child.",D,"Binary Tree: A hierarchical data structure where each node has at most two children, referred to as left and right child.","बाइनरी ट्री: एक पदानुक्रमित डेटा संरचना जहां प्रत्येक नोड में अधिकतम दो संतान होती हैं, जिन्हें बाएं और दाएं संतान कहा जाता है.",DSA,डेटा स्ट्रक्चर एवं एल्गोरिद्म,Data Structures,डेटा स्ट्रक्चर,Hard,1,0.25
"Which concept should an engineer identify from this technical description: A hierarchical data structure where each node has at most two children, referred to as left and right child.?","इस technical description से engineer को कौन-सा concept पहचानना चाहिए: एक पदानुक्रमित डेटा संरचना जहां प्रत्येक नोड में अधिकतम दो संतान होती हैं, जिन्हें बाएं और दाएं संतान कहा जाता है.?",A non-linear data structure consisting of a set of vertices (nodes) connected by edges.,A non-linear data structure consisting of a set of vertices (nodes) connected by edges.,A data structure that maps keys to values using a hash function for fast average-case lookup.,A data structure that maps keys to values using a hash function for fast average-case lookup.,"A hierarchical data structure where each node has at most two children, referred to as left and right child.","A hierarchical data structure where each node has at most two children, referred to as left and right child.",A binary tree where the left subtree contains values smaller than the node and the right subtree contains larger values.,A binary tree where the left subtree contains values smaller than the node and the right subtree contains larger values.,C,"Binary Tree: A hierarchical data structure where each node has at most two children, referred to as left and right child.","बाइनरी ट्री: एक पदानुक्रमित डेटा संरचना जहां प्रत्येक नोड में अधिकतम दो संतान होती हैं, जिन्हें बाएं और दाएं संतान कहा जाता है.",DSA,डेटा स्ट्रक्चर एवं एल्गोरिद्म,Data Structures,डेटा स्ट्रक्चर,Hard,1,0.25
"In a scenario where the following behavior is required — A hierarchical data structure where each node has at most two children, referred to as left and right child. — which concept is appropriate?","जिस scenario में यह behavior चाहिए — एक पदानुक्रमित डेटा संरचना जहां प्रत्येक नोड में अधिकतम दो संतान होती हैं, जिन्हें बाएं और दाएं संतान कहा जाता है. — वहाँ कौन-सा concept उपयुक्त है?",A data structure that maps keys to values using a hash function for fast average-case lookup.,A data structure that maps keys to values using a hash function for fast average-case lookup.,"A hierarchical data structure where each node has at most two children, referred to as left and right child.","A hierarchical data structure where each node has at most two children, referred to as left and right child.",A binary tree where the left subtree contains values smaller than the node and the right subtree contains larger values.,A binary tree where the left subtree contains values smaller than the node and the right subtree contains larger values.,A non-linear data structure consisting of a set of vertices (nodes) connected by edges.,A non-linear data structure consisting of a set of vertices (nodes) connected by edges.,B,"Binary Tree: A hierarchical data structure where each node has at most two children, referred to as left and right child.","बाइनरी ट्री: एक पदानुक्रमित डेटा संरचना जहां प्रत्येक नोड में अधिकतम दो संतान होती हैं, जिन्हें बाएं और दाएं संतान कहा जाता है.",DSA,डेटा स्ट्रक्चर एवं एल्गोरिद्म,Data Structures,डेटा स्ट्रक्चर,Medium,1,0.25
An exam asks which concept would be selected when the requirement is: A binary tree where the left subtree contains values smaller than the node and the right subtree contains larger values.. Which concept fits best?,एक परीक्षा में आवश्यकता दी गई है: एक बाइनरी ट्री जहां बाएं सबट्री में नोड से छोटे मान होते हैं और दाएं सबट्री में बड़े मान होते हैं.। इसके लिए सबसे उपयुक्त concept कौन-सा है?,A binary tree where the left subtree contains values smaller than the node and the right subtree contains larger values.,A binary tree where the left subtree contains values smaller than the node and the right subtree contains larger values.,A non-linear data structure consisting of a set of vertices (nodes) connected by edges.,A non-linear data structure consisting of a set of vertices (nodes) connected by edges.,A data structure that maps keys to values using a hash function for fast average-case lookup.,A data structure that maps keys to values using a hash function for fast average-case lookup.,"A queue in which the last position is connected back to the first position, forming a circle, to efficiently use space.","A queue in which the last position is connected back to the first position, forming a circle, to efficiently use space.",A,Binary Search Tree (BST): A binary tree where the left subtree contains values smaller than the node and the right subtree contains larger values.,बाइनरी सर्च ट्री (BST): एक बाइनरी ट्री जहां बाएं सबट्री में नोड से छोटे मान होते हैं और दाएं सबट्री में बड़े मान होते हैं.,DSA,डेटा स्ट्रक्चर एवं एल्गोरिद्म,Data Structures,डेटा स्ट्रक्चर,Hard,1,0.25
A system designer needs the property described as: A binary tree where the left subtree contains values smaller than the node and the right subtree contains larger values.. Which concept is being used?,एक system designer को यह property चाहिए: एक बाइनरी ट्री जहां बाएं सबट्री में नोड से छोटे मान होते हैं और दाएं सबट्री में बड़े मान होते हैं.। कौन-सा concept उपयोग हो रहा है?,A non-linear data structure consisting of a set of vertices (nodes) connected by edges.,A non-linear data structure consisting of a set of vertices (nodes) connected by edges.,A data structure that maps keys to values using a hash function for fast average-case lookup.,A data structure that maps keys to values using a hash function for fast average-case lookup.,"A queue in which the last position is connected back to the first position, forming a circle, to efficiently use space.","A queue in which the last position is connected back to the first position, forming a circle, to efficiently use space.",A binary tree where the left subtree contains values smaller than the node and the right subtree contains larger values.,A binary tree where the left subtree contains values smaller than the node and the right subtree contains larger values.,D,Binary Search Tree (BST): A binary tree where the left subtree contains values smaller than the node and the right subtree contains larger values.,बाइनरी सर्च ट्री (BST): एक बाइनरी ट्री जहां बाएं सबट्री में नोड से छोटे मान होते हैं और दाएं सबट्री में बड़े मान होते हैं.,DSA,डेटा स्ट्रक्चर एवं एल्गोरिद्म,Data Structures,डेटा स्ट्रक्चर,Hard,1,0.25
Which concept should an engineer identify from this technical description: A binary tree where the left subtree contains values smaller than the node and the right subtree contains larger values.?,इस technical description से engineer को कौन-सा concept पहचानना चाहिए: एक बाइनरी ट्री जहां बाएं सबट्री में नोड से छोटे मान होते हैं और दाएं सबट्री में बड़े मान होते हैं.?,A data structure that maps keys to values using a hash function for fast average-case lookup.,A data structure that maps keys to values using a hash function for fast average-case lookup.,"A queue in which the last position is connected back to the first position, forming a circle, to efficiently use space.","A queue in which the last position is connected back to the first position, forming a circle, to efficiently use space.",A binary tree where the left subtree contains values smaller than the node and the right subtree contains larger values.,A binary tree where the left subtree contains values smaller than the node and the right subtree contains larger values.,A non-linear data structure consisting of a set of vertices (nodes) connected by edges.,A non-linear data structure consisting of a set of vertices (nodes) connected by edges.,C,Binary Search Tree (BST): A binary tree where the left subtree contains values smaller than the node and the right subtree contains larger values.,बाइनरी सर्च ट्री (BST): एक बाइनरी ट्री जहां बाएं सबट्री में नोड से छोटे मान होते हैं और दाएं सबट्री में बड़े मान होते हैं.,DSA,डेटा स्ट्रक्चर एवं एल्गोरिद्म,Data Structures,डेटा स्ट्रक्चर,Medium,1,0.25
In a scenario where the following behavior is required — A binary tree where the left subtree contains values smaller than the node and the right subtree contains larger values. — which concept is appropriate?,जिस scenario में यह behavior चाहिए — एक बाइनरी ट्री जहां बाएं सबट्री में नोड से छोटे मान होते हैं और दाएं सबट्री में बड़े मान होते हैं. — वहाँ कौन-सा concept उपयुक्त है?,"A queue in which the last position is connected back to the first position, forming a circle, to efficiently use space.","A queue in which the last position is connected back to the first position, forming a circle, to efficiently use space.",A binary tree where the left subtree contains values smaller than the node and the right subtree contains larger values.,A binary tree where the left subtree contains values smaller than the node and the right subtree contains larger values.,A non-linear data structure consisting of a set of vertices (nodes) connected by edges.,A non-linear data structure consisting of a set of vertices (nodes) connected by edges.,A data structure that maps keys to values using a hash function for fast average-case lookup.,A data structure that maps keys to values using a hash function for fast average-case lookup.,B,Binary Search Tree (BST): A binary tree where the left subtree contains values smaller than the node and the right subtree contains larger values.,बाइनरी सर्च ट्री (BST): एक बाइनरी ट्री जहां बाएं सबट्री में नोड से छोटे मान होते हैं और दाएं सबट्री में बड़े मान होते हैं.,DSA,डेटा स्ट्रक्चर एवं एल्गोरिद्म,Data Structures,डेटा स्ट्रक्चर,Hard,1,0.25
An exam asks which concept would be selected when the requirement is: A non-linear data structure consisting of a set of vertices (nodes) connected by edges.. Which concept fits best?,एक परीक्षा में आवश्यकता दी गई है: एक गैर-रैखिक डेटा संरचना जिसमें किनारों से जुड़े शीर्षों (नोड्स) का एक समूह होता है.। इसके लिए सबसे उपयुक्त concept कौन-सा है?,A non-linear data structure consisting of a set of vertices (nodes) connected by edges.,A non-linear data structure consisting of a set of vertices (nodes) connected by edges.,A data structure that maps keys to values using a hash function for fast average-case lookup.,A data structure that maps keys to values using a hash function for fast average-case lookup.,"A queue in which the last position is connected back to the first position, forming a circle, to efficiently use space.","A queue in which the last position is connected back to the first position, forming a circle, to efficiently use space.",A data structure that allows insertion and deletion of elements from both the front and rear ends.,A data structure that allows insertion and deletion of elements from both the front and rear ends.,A,Graph: A non-linear data structure consisting of a set of vertices (nodes) connected by edges.,ग्राफ (Graph): एक गैर-रैखिक डेटा संरचना जिसमें किनारों से जुड़े शीर्षों (नोड्स) का एक समूह होता है.,DSA,डेटा स्ट्रक्चर एवं एल्गोरिद्म,Data Structures,डेटा स्ट्रक्चर,Hard,1,0.25
A system designer needs the property described as: A non-linear data structure consisting of a set of vertices (nodes) connected by edges.. Which concept is being used?,एक system designer को यह property चाहिए: एक गैर-रैखिक डेटा संरचना जिसमें किनारों से जुड़े शीर्षों (नोड्स) का एक समूह होता है.। कौन-सा concept उपयोग हो रहा है?,A data structure that maps keys to values using a hash function for fast average-case lookup.,A data structure that maps keys to values using a hash function for fast average-case lookup.,"A queue in which the last position is connected back to the first position, forming a circle, to efficiently use space.","A queue in which the last position is connected back to the first position, forming a circle, to efficiently use space.",A data structure that allows insertion and deletion of elements from both the front and rear ends.,A data structure that allows insertion and deletion of elements from both the front and rear ends.,A non-linear data structure consisting of a set of vertices (nodes) connected by edges.,A non-linear data structure consisting of a set of vertices (nodes) connected by edges.,D,Graph: A non-linear data structure consisting of a set of vertices (nodes) connected by edges.,ग्राफ (Graph): एक गैर-रैखिक डेटा संरचना जिसमें किनारों से जुड़े शीर्षों (नोड्स) का एक समूह होता है.,DSA,डेटा स्ट्रक्चर एवं एल्गोरिद्म,Data Structures,डेटा स्ट्रक्चर,Medium,1,0.25
Which concept should an engineer identify from this technical description: A non-linear data structure consisting of a set of vertices (nodes) connected by edges.?,इस technical description से engineer को कौन-सा concept पहचानना चाहिए: एक गैर-रैखिक डेटा संरचना जिसमें किनारों से जुड़े शीर्षों (नोड्स) का एक समूह होता है.?,"A queue in which the last position is connected back to the first position, forming a circle, to efficiently use space.","A queue in which the last position is connected back to the first position, forming a circle, to efficiently use space.",A data structure that allows insertion and deletion of elements from both the front and rear ends.,A data structure that allows insertion and deletion of elements from both the front and rear ends.,A non-linear data structure consisting of a set of vertices (nodes) connected by edges.,A non-linear data structure consisting of a set of vertices (nodes) connected by edges.,A data structure that maps keys to values using a hash function for fast average-case lookup.,A data structure that maps keys to values using a hash function for fast average-case lookup.,C,Graph: A non-linear data structure consisting of a set of vertices (nodes) connected by edges.,ग्राफ (Graph): एक गैर-रैखिक डेटा संरचना जिसमें किनारों से जुड़े शीर्षों (नोड्स) का एक समूह होता है.,DSA,डेटा स्ट्रक्चर एवं एल्गोरिद्म,Data Structures,डेटा स्ट्रक्चर,Hard,1,0.25
In a scenario where the following behavior is required — A non-linear data structure consisting of a set of vertices (nodes) connected by edges. — which concept is appropriate?,जिस scenario में यह behavior चाहिए — एक गैर-रैखिक डेटा संरचना जिसमें किनारों से जुड़े शीर्षों (नोड्स) का एक समूह होता है. — वहाँ कौन-सा concept उपयुक्त है?,A data structure that allows insertion and deletion of elements from both the front and rear ends.,A data structure that allows insertion and deletion of elements from both the front and rear ends.,A non-linear data structure consisting of a set of vertices (nodes) connected by edges.,A non-linear data structure consisting of a set of vertices (nodes) connected by edges.,A data structure that maps keys to values using a hash function for fast average-case lookup.,A data structure that maps keys to values using a hash function for fast average-case lookup.,"A queue in which the last position is connected back to the first position, forming a circle, to efficiently use space.","A queue in which the last position is connected back to the first position, forming a circle, to efficiently use space.",B,Graph: A non-linear data structure consisting of a set of vertices (nodes) connected by edges.,ग्राफ (Graph): एक गैर-रैखिक डेटा संरचना जिसमें किनारों से जुड़े शीर्षों (नोड्स) का एक समूह होता है.,DSA,डेटा स्ट्रक्चर एवं एल्गोरिद्म,Data Structures,डेटा स्ट्रक्चर,Hard,1,0.25
An exam asks which concept would be selected when the requirement is: A data structure that maps keys to values using a hash function for fast average-case lookup.. Which concept fits best?,एक परीक्षा में आवश्यकता दी गई है: एक डेटा संरचना जो तेज़ औसत-केस लुकअप के लिए हैश फ़ंक्शन का उपयोग करके कुंजियों को मानों से मैप करती है.। इसके लिए सबसे उपयुक्त concept कौन-सा है?,A data structure that maps keys to values using a hash function for fast average-case lookup.,A data structure that maps keys to values using a hash function for fast average-case lookup.,"A queue in which the last position is connected back to the first position, forming a circle, to efficiently use space.","A queue in which the last position is connected back to the first position, forming a circle, to efficiently use space.",A data structure that allows insertion and deletion of elements from both the front and rear ends.,A data structure that allows insertion and deletion of elements from both the front and rear ends.,"An abstract data structure where each element has a priority, and elements with higher priority are served first.","An abstract data structure where each element has a priority, and elements with higher priority are served first.",A,Hash Table: A data structure that maps keys to values using a hash function for fast average-case lookup.,हैश टेबल: एक डेटा संरचना जो तेज़ औसत-केस लुकअप के लिए हैश फ़ंक्शन का उपयोग करके कुंजियों को मानों से मैप करती है.,DSA,डेटा स्ट्रक्चर एवं एल्गोरिद्म,Data Structures,डेटा स्ट्रक्चर,Medium,1,0.25
A system designer needs the property described as: A data structure that maps keys to values using a hash function for fast average-case lookup.. Which concept is being used?,एक system designer को यह property चाहिए: एक डेटा संरचना जो तेज़ औसत-केस लुकअप के लिए हैश फ़ंक्शन का उपयोग करके कुंजियों को मानों से मैप करती है.। कौन-सा concept उपयोग हो रहा है?,"A queue in which the last position is connected back to the first position, forming a circle, to efficiently use space.","A queue in which the last position is connected back to the first position, forming a circle, to efficiently use space.",A data structure that allows insertion and deletion of elements from both the front and rear ends.,A data structure that allows insertion and deletion of elements from both the front and rear ends.,"An abstract data structure where each element has a priority, and elements with higher priority are served first.","An abstract data structure where each element has a priority, and elements with higher priority are served first.",A data structure that maps keys to values using a hash function for fast average-case lookup.,A data structure that maps keys to values using a hash function for fast average-case lookup.,D,Hash Table: A data structure that maps keys to values using a hash function for fast average-case lookup.,हैश टेबल: एक डेटा संरचना जो तेज़ औसत-केस लुकअप के लिए हैश फ़ंक्शन का उपयोग करके कुंजियों को मानों से मैप करती है.,DSA,डेटा स्ट्रक्चर एवं एल्गोरिद्म,Data Structures,डेटा स्ट्रक्चर,Hard,1,0.25
Which concept should an engineer identify from this technical description: A data structure that maps keys to values using a hash function for fast average-case lookup.?,इस technical description से engineer को कौन-सा concept पहचानना चाहिए: एक डेटा संरचना जो तेज़ औसत-केस लुकअप के लिए हैश फ़ंक्शन का उपयोग करके कुंजियों को मानों से मैप करती है.?,A data structure that allows insertion and deletion of elements from both the front and rear ends.,A data structure that allows insertion and deletion of elements from both the front and rear ends.,"An abstract data structure where each element has a priority, and elements with higher priority are served first.","An abstract data structure where each element has a priority, and elements with higher priority are served first.",A data structure that maps keys to values using a hash function for fast average-case lookup.,A data structure that maps keys to values using a hash function for fast average-case lookup.,"A queue in which the last position is connected back to the first position, forming a circle, to efficiently use space.","A queue in which the last position is connected back to the first position, forming a circle, to efficiently use space.",C,Hash Table: A data structure that maps keys to values using a hash function for fast average-case lookup.,हैश टेबल: एक डेटा संरचना जो तेज़ औसत-केस लुकअप के लिए हैश फ़ंक्शन का उपयोग करके कुंजियों को मानों से मैप करती है.,DSA,डेटा स्ट्रक्चर एवं एल्गोरिद्म,Data Structures,डेटा स्ट्रक्चर,Hard,1,0.25
In a scenario where the following behavior is required — A data structure that maps keys to values using a hash function for fast average-case lookup. — which concept is appropriate?,जिस scenario में यह behavior चाहिए — एक डेटा संरचना जो तेज़ औसत-केस लुकअप के लिए हैश फ़ंक्शन का उपयोग करके कुंजियों को मानों से मैप करती है. — वहाँ कौन-सा concept उपयुक्त है?,"An abstract data structure where each element has a priority, and elements with higher priority are served first.","An abstract data structure where each element has a priority, and elements with higher priority are served first.",A data structure that maps keys to values using a hash function for fast average-case lookup.,A data structure that maps keys to values using a hash function for fast average-case lookup.,"A queue in which the last position is connected back to the first position, forming a circle, to efficiently use space.","A queue in which the last position is connected back to the first position, forming a circle, to efficiently use space.",A data structure that allows insertion and deletion of elements from both the front and rear ends.,A data structure that allows insertion and deletion of elements from both the front and rear ends.,B,Hash Table: A data structure that maps keys to values using a hash function for fast average-case lookup.,हैश टेबल: एक डेटा संरचना जो तेज़ औसत-केस लुकअप के लिए हैश फ़ंक्शन का उपयोग करके कुंजियों को मानों से मैप करती है.,DSA,डेटा स्ट्रक्चर एवं एल्गोरिद्म,Data Structures,डेटा स्ट्रक्चर,Medium,1,0.25
"An exam asks which concept would be selected when the requirement is: A queue in which the last position is connected back to the first position, forming a circle, to efficiently use space.. Which concept fits best?","एक परीक्षा में आवश्यकता दी गई है: एक क्यू जिसमें अंतिम स्थिति वापस पहली स्थिति से जुड़ी होती है, एक वृत्त बनाते हुए, स्थान का कुशल उपयोग करने के लिए.। इसके लिए सबसे उपयुक्त concept कौन-सा है?","A queue in which the last position is connected back to the first position, forming a circle, to efficiently use space.","A queue in which the last position is connected back to the first position, forming a circle, to efficiently use space.",A data structure that allows insertion and deletion of elements from both the front and rear ends.,A data structure that allows insertion and deletion of elements from both the front and rear ends.,"An abstract data structure where each element has a priority, and elements with higher priority are served first.","An abstract data structure where each element has a priority, and elements with higher priority are served first.",A linear data structure that follows the LIFO (Last In First Out) principle for insertion and deletion.,A linear data structure that follows the LIFO (Last In First Out) principle for insertion and deletion.,A,"Circular Queue: A queue in which the last position is connected back to the first position, forming a circle, to efficiently use space.","सर्कुलर क्यू: एक क्यू जिसमें अंतिम स्थिति वापस पहली स्थिति से जुड़ी होती है, एक वृत्त बनाते हुए, स्थान का कुशल उपयोग करने के लिए.",DSA,डेटा स्ट्रक्चर एवं एल्गोरिद्म,Data Structures,डेटा स्ट्रक्चर,Hard,1,0.25
"A system designer needs the property described as: A queue in which the last position is connected back to the first position, forming a circle, to efficiently use space.. Which concept is being used?","एक system designer को यह property चाहिए: एक क्यू जिसमें अंतिम स्थिति वापस पहली स्थिति से जुड़ी होती है, एक वृत्त बनाते हुए, स्थान का कुशल उपयोग करने के लिए.। कौन-सा concept उपयोग हो रहा है?",A data structure that allows insertion and deletion of elements from both the front and rear ends.,A data structure that allows insertion and deletion of elements from both the front and rear ends.,"An abstract data structure where each element has a priority, and elements with higher priority are served first.","An abstract data structure where each element has a priority, and elements with higher priority are served first.",A linear data structure that follows the LIFO (Last In First Out) principle for insertion and deletion.,A linear data structure that follows the LIFO (Last In First Out) principle for insertion and deletion.,"A queue in which the last position is connected back to the first position, forming a circle, to efficiently use space.","A queue in which the last position is connected back to the first position, forming a circle, to efficiently use space.",D,"Circular Queue: A queue in which the last position is connected back to the first position, forming a circle, to efficiently use space.","सर्कुलर क्यू: एक क्यू जिसमें अंतिम स्थिति वापस पहली स्थिति से जुड़ी होती है, एक वृत्त बनाते हुए, स्थान का कुशल उपयोग करने के लिए.",DSA,डेटा स्ट्रक्चर एवं एल्गोरिद्म,Data Structures,डेटा स्ट्रक्चर,Hard,1,0.25
"Which concept should an engineer identify from this technical description: A queue in which the last position is connected back to the first position, forming a circle, to efficiently use space.?","इस technical description से engineer को कौन-सा concept पहचानना चाहिए: एक क्यू जिसमें अंतिम स्थिति वापस पहली स्थिति से जुड़ी होती है, एक वृत्त बनाते हुए, स्थान का कुशल उपयोग करने के लिए.?","An abstract data structure where each element has a priority, and elements with higher priority are served first.","An abstract data structure where each element has a priority, and elements with higher priority are served first.",A linear data structure that follows the LIFO (Last In First Out) principle for insertion and deletion.,A linear data structure that follows the LIFO (Last In First Out) principle for insertion and deletion.,"A queue in which the last position is connected back to the first position, forming a circle, to efficiently use space.","A queue in which the last position is connected back to the first position, forming a circle, to efficiently use space.",A data structure that allows insertion and deletion of elements from both the front and rear ends.,A data structure that allows insertion and deletion of elements from both the front and rear ends.,C,"Circular Queue: A queue in which the last position is connected back to the first position, forming a circle, to efficiently use space.","सर्कुलर क्यू: एक क्यू जिसमें अंतिम स्थिति वापस पहली स्थिति से जुड़ी होती है, एक वृत्त बनाते हुए, स्थान का कुशल उपयोग करने के लिए.",DSA,डेटा स्ट्रक्चर एवं एल्गोरिद्म,Data Structures,डेटा स्ट्रक्चर,Medium,1,0.25
"In a scenario where the following behavior is required — A queue in which the last position is connected back to the first position, forming a circle, to efficiently use space. — which concept is appropriate?","जिस scenario में यह behavior चाहिए — एक क्यू जिसमें अंतिम स्थिति वापस पहली स्थिति से जुड़ी होती है, एक वृत्त बनाते हुए, स्थान का कुशल उपयोग करने के लिए. — वहाँ कौन-सा concept उपयुक्त है?",A linear data structure that follows the LIFO (Last In First Out) principle for insertion and deletion.,A linear data structure that follows the LIFO (Last In First Out) principle for insertion and deletion.,"A queue in which the last position is connected back to the first position, forming a circle, to efficiently use space.","A queue in which the last position is connected back to the first position, forming a circle, to efficiently use space.",A data structure that allows insertion and deletion of elements from both the front and rear ends.,A data structure that allows insertion and deletion of elements from both the front and rear ends.,"An abstract data structure where each element has a priority, and elements with higher priority are served first.","An abstract data structure where each element has a priority, and elements with higher priority are served first.",B,"Circular Queue: A queue in which the last position is connected back to the first position, forming a circle, to efficiently use space.","सर्कुलर क्यू: एक क्यू जिसमें अंतिम स्थिति वापस पहली स्थिति से जुड़ी होती है, एक वृत्त बनाते हुए, स्थान का कुशल उपयोग करने के लिए.",DSA,डेटा स्ट्रक्चर एवं एल्गोरिद्म,Data Structures,डेटा स्ट्रक्चर,Hard,1,0.25
An exam asks which concept would be selected when the requirement is: A data structure that allows insertion and deletion of elements from both the front and rear ends.. Which concept fits best?,एक परीक्षा में आवश्यकता दी गई है: एक डेटा संरचना जो सामने और पीछे दोनों सिरों से तत्वों के सम्मिलन और विलोपन की अनुमति देती है.। इसके लिए सबसे उपयुक्त concept कौन-सा है?,A data structure that allows insertion and deletion of elements from both the front and rear ends.,A data structure that allows insertion and deletion of elements from both the front and rear ends.,"An abstract data structure where each element has a priority, and elements with higher priority are served first.","An abstract data structure where each element has a priority, and elements with higher priority are served first.",A linear data structure that follows the LIFO (Last In First Out) principle for insertion and deletion.,A linear data structure that follows the LIFO (Last In First Out) principle for insertion and deletion.,A linear data structure that follows the FIFO (First In First Out) principle for insertion and deletion.,A linear data structure that follows the FIFO (First In First Out) principle for insertion and deletion.,A,Deque (Double-Ended Queue): A data structure that allows insertion and deletion of elements from both the front and rear ends.,डेक (Double-Ended Queue): एक डेटा संरचना जो सामने और पीछे दोनों सिरों से तत्वों के सम्मिलन और विलोपन की अनुमति देती है.,DSA,डेटा स्ट्रक्चर एवं एल्गोरिद्म,Data Structures,डेटा स्ट्रक्चर,Hard,1,0.25
A system designer needs the property described as: A data structure that allows insertion and deletion of elements from both the front and rear ends.. Which concept is being used?,एक system designer को यह property चाहिए: एक डेटा संरचना जो सामने और पीछे दोनों सिरों से तत्वों के सम्मिलन और विलोपन की अनुमति देती है.। कौन-सा concept उपयोग हो रहा है?,"An abstract data structure where each element has a priority, and elements with higher priority are served first.","An abstract data structure where each element has a priority, and elements with higher priority are served first.",A linear data structure that follows the LIFO (Last In First Out) principle for insertion and deletion.,A linear data structure that follows the LIFO (Last In First Out) principle for insertion and deletion.,A linear data structure that follows the FIFO (First In First Out) principle for insertion and deletion.,A linear data structure that follows the FIFO (First In First Out) principle for insertion and deletion.,A data structure that allows insertion and deletion of elements from both the front and rear ends.,A data structure that allows insertion and deletion of elements from both the front and rear ends.,D,Deque (Double-Ended Queue): A data structure that allows insertion and deletion of elements from both the front and rear ends.,डेक (Double-Ended Queue): एक डेटा संरचना जो सामने और पीछे दोनों सिरों से तत्वों के सम्मिलन और विलोपन की अनुमति देती है.,DSA,डेटा स्ट्रक्चर एवं एल्गोरिद्म,Data Structures,डेटा स्ट्रक्चर,Medium,1,0.25
Which concept should an engineer identify from this technical description: A data structure that allows insertion and deletion of elements from both the front and rear ends.?,इस technical description से engineer को कौन-सा concept पहचानना चाहिए: एक डेटा संरचना जो सामने और पीछे दोनों सिरों से तत्वों के सम्मिलन और विलोपन की अनुमति देती है.?,A linear data structure that follows the LIFO (Last In First Out) principle for insertion and deletion.,A linear data structure that follows the LIFO (Last In First Out) principle for insertion and deletion.,A linear data structure that follows the FIFO (First In First Out) principle for insertion and deletion.,A linear data structure that follows the FIFO (First In First Out) principle for insertion and deletion.,A data structure that allows insertion and deletion of elements from both the front and rear ends.,A data structure that allows insertion and deletion of elements from both the front and rear ends.,"An abstract data structure where each element has a priority, and elements with higher priority are served first.","An abstract data structure where each element has a priority, and elements with higher priority are served first.",C,Deque (Double-Ended Queue): A data structure that allows insertion and deletion of elements from both the front and rear ends.,डेक (Double-Ended Queue): एक डेटा संरचना जो सामने और पीछे दोनों सिरों से तत्वों के सम्मिलन और विलोपन की अनुमति देती है.,DSA,डेटा स्ट्रक्चर एवं एल्गोरिद्म,Data Structures,डेटा स्ट्रक्चर,Hard,1,0.25
In a scenario where the following behavior is required — A data structure that allows insertion and deletion of elements from both the front and rear ends. — which concept is appropriate?,जिस scenario में यह behavior चाहिए — एक डेटा संरचना जो सामने और पीछे दोनों सिरों से तत्वों के सम्मिलन और विलोपन की अनुमति देती है. — वहाँ कौन-सा concept उपयुक्त है?,A linear data structure that follows the FIFO (First In First Out) principle for insertion and deletion.,A linear data structure that follows the FIFO (First In First Out) principle for insertion and deletion.,A data structure that allows insertion and deletion of elements from both the front and rear ends.,A data structure that allows insertion and deletion of elements from both the front and rear ends.,"An abstract data structure where each element has a priority, and elements with higher priority are served first.","An abstract data structure where each element has a priority, and elements with higher priority are served first.",A linear data structure that follows the LIFO (Last In First Out) principle for insertion and deletion.,A linear data structure that follows the LIFO (Last In First Out) principle for insertion and deletion.,B,Deque (Double-Ended Queue): A data structure that allows insertion and deletion of elements from both the front and rear ends.,डेक (Double-Ended Queue): एक डेटा संरचना जो सामने और पीछे दोनों सिरों से तत्वों के सम्मिलन और विलोपन की अनुमति देती है.,DSA,डेटा स्ट्रक्चर एवं एल्गोरिद्म,Data Structures,डेटा स्ट्रक्चर,Hard,1,0.25
"An exam asks which concept would be selected when the requirement is: An abstract data structure where each element has a priority, and elements with higher priority are served first.. Which concept fits best?","एक परीक्षा में आवश्यकता दी गई है: एक अमूर्त डेटा संरचना जहां प्रत्येक तत्व की एक प्राथमिकता होती है, और उच्च प्राथमिकता वाले तत्वों को पहले सेवा दी जाती है.। इसके लिए सबसे उपयुक्त concept कौन-सा है?","An abstract data structure where each element has a priority, and elements with higher priority are served first.","An abstract data structure where each element has a priority, and elements with higher priority are served first.",A linear data structure that follows the LIFO (Last In First Out) principle for insertion and deletion.,A linear data structure that follows the LIFO (Last In First Out) principle for insertion and deletion.,A linear data structure that follows the FIFO (First In First Out) principle for insertion and deletion.,A linear data structure that follows the FIFO (First In First Out) principle for insertion and deletion.,A linear data structure made of nodes where each node contains data and a reference to the next node.,A linear data structure made of nodes where each node contains data and a reference to the next node.,A,"Priority Queue: An abstract data structure where each element has a priority, and elements with higher priority are served first.","प्रायोरिटी क्यू: एक अमूर्त डेटा संरचना जहां प्रत्येक तत्व की एक प्राथमिकता होती है, और उच्च प्राथमिकता वाले तत्वों को पहले सेवा दी जाती है.",DSA,डेटा स्ट्रक्चर एवं एल्गोरिद्म,Data Structures,डेटा स्ट्रक्चर,Medium,1,0.25
"A system designer needs the property described as: An abstract data structure where each element has a priority, and elements with higher priority are served first.. Which concept is being used?","एक system designer को यह property चाहिए: एक अमूर्त डेटा संरचना जहां प्रत्येक तत्व की एक प्राथमिकता होती है, और उच्च प्राथमिकता वाले तत्वों को पहले सेवा दी जाती है.। कौन-सा concept उपयोग हो रहा है?",A linear data structure that follows the LIFO (Last In First Out) principle for insertion and deletion.,A linear data structure that follows the LIFO (Last In First Out) principle for insertion and deletion.,A linear data structure that follows the FIFO (First In First Out) principle for insertion and deletion.,A linear data structure that follows the FIFO (First In First Out) principle for insertion and deletion.,A linear data structure made of nodes where each node contains data and a reference to the next node.,A linear data structure made of nodes where each node contains data and a reference to the next node.,"An abstract data structure where each element has a priority, and elements with higher priority are served first.","An abstract data structure where each element has a priority, and elements with higher priority are served first.",D,"Priority Queue: An abstract data structure where each element has a priority, and elements with higher priority are served first.","प्रायोरिटी क्यू: एक अमूर्त डेटा संरचना जहां प्रत्येक तत्व की एक प्राथमिकता होती है, और उच्च प्राथमिकता वाले तत्वों को पहले सेवा दी जाती है.",DSA,डेटा स्ट्रक्चर एवं एल्गोरिद्म,Data Structures,डेटा स्ट्रक्चर,Hard,1,0.25
"Which concept should an engineer identify from this technical description: An abstract data structure where each element has a priority, and elements with higher priority are served first.?","इस technical description से engineer को कौन-सा concept पहचानना चाहिए: एक अमूर्त डेटा संरचना जहां प्रत्येक तत्व की एक प्राथमिकता होती है, और उच्च प्राथमिकता वाले तत्वों को पहले सेवा दी जाती है.?",A linear data structure that follows the FIFO (First In First Out) principle for insertion and deletion.,A linear data structure that follows the FIFO (First In First Out) principle for insertion and deletion.,A linear data structure made of nodes where each node contains data and a reference to the next node.,A linear data structure made of nodes where each node contains data and a reference to the next node.,"An abstract data structure where each element has a priority, and elements with higher priority are served first.","An abstract data structure where each element has a priority, and elements with higher priority are served first.",A linear data structure that follows the LIFO (Last In First Out) principle for insertion and deletion.,A linear data structure that follows the LIFO (Last In First Out) principle for insertion and deletion.,C,"Priority Queue: An abstract data structure where each element has a priority, and elements with higher priority are served first.","प्रायोरिटी क्यू: एक अमूर्त डेटा संरचना जहां प्रत्येक तत्व की एक प्राथमिकता होती है, और उच्च प्राथमिकता वाले तत्वों को पहले सेवा दी जाती है.",DSA,डेटा स्ट्रक्चर एवं एल्गोरिद्म,Data Structures,डेटा स्ट्रक्चर,Hard,1,0.25
"In a scenario where the following behavior is required — An abstract data structure where each element has a priority, and elements with higher priority are served first. — which concept is appropriate?","जिस scenario में यह behavior चाहिए — एक अमूर्त डेटा संरचना जहां प्रत्येक तत्व की एक प्राथमिकता होती है, और उच्च प्राथमिकता वाले तत्वों को पहले सेवा दी जाती है. — वहाँ कौन-सा concept उपयुक्त है?",A linear data structure made of nodes where each node contains data and a reference to the next node.,A linear data structure made of nodes where each node contains data and a reference to the next node.,"An abstract data structure where each element has a priority, and elements with higher priority are served first.","An abstract data structure where each element has a priority, and elements with higher priority are served first.",A linear data structure that follows the LIFO (Last In First Out) principle for insertion and deletion.,A linear data structure that follows the LIFO (Last In First Out) principle for insertion and deletion.,A linear data structure that follows the FIFO (First In First Out) principle for insertion and deletion.,A linear data structure that follows the FIFO (First In First Out) principle for insertion and deletion.,B,"Priority Queue: An abstract data structure where each element has a priority, and elements with higher priority are served first.","प्रायोरिटी क्यू: एक अमूर्त डेटा संरचना जहां प्रत्येक तत्व की एक प्राथमिकता होती है, और उच्च प्राथमिकता वाले तत्वों को पहले सेवा दी जाती है.",DSA,डेटा स्ट्रक्चर एवं एल्गोरिद्म,Data Structures,डेटा स्ट्रक्चर,Medium,1,0.25
An exam asks which concept would be selected when the requirement is: A simple sorting algorithm that repeatedly swaps adjacent elements if they are in the wrong order.. Which concept fits best?,एक परीक्षा में आवश्यकता दी गई है: एक सरल सॉर्टिंग एल्गोरिथ्म जो बार-बार आसन्न तत्वों की अदला-बदली करता है यदि वे गलत क्रम में हों.। इसके लिए सबसे उपयुक्त concept कौन-सा है?,A simple sorting algorithm that repeatedly swaps adjacent elements if they are in the wrong order.,A simple sorting algorithm that repeatedly swaps adjacent elements if they are in the wrong order.,A sorting algorithm that repeatedly selects the minimum element from the unsorted part and places it at the beginning.,A sorting algorithm that repeatedly selects the minimum element from the unsorted part and places it at the beginning.,A sorting algorithm that builds the sorted array one element at a time by inserting each element into its correct position.,A sorting algorithm that builds the sorted array one element at a time by inserting each element into its correct position.,"A divide-and-conquer sorting algorithm that splits the array into halves, sorts them, and merges the sorted halves.","A divide-and-conquer sorting algorithm that splits the array into halves, sorts them, and merges the sorted halves.",A,Bubble Sort: A simple sorting algorithm that repeatedly swaps adjacent elements if they are in the wrong order.,बबल सॉर्ट: एक सरल सॉर्टिंग एल्गोरिथ्म जो बार-बार आसन्न तत्वों की अदला-बदली करता है यदि वे गलत क्रम में हों.,DSA,डेटा स्ट्रक्चर एवं एल्गोरिद्म,Sorting,सॉर्टिंग,Medium,1,0.25
A system designer needs the property described as: A simple sorting algorithm that repeatedly swaps adjacent elements if they are in the wrong order.. Which concept is being used?,एक system designer को यह property चाहिए: एक सरल सॉर्टिंग एल्गोरिथ्म जो बार-बार आसन्न तत्वों की अदला-बदली करता है यदि वे गलत क्रम में हों.। कौन-सा concept उपयोग हो रहा है?,A sorting algorithm that repeatedly selects the minimum element from the unsorted part and places it at the beginning.,A sorting algorithm that repeatedly selects the minimum element from the unsorted part and places it at the beginning.,A sorting algorithm that builds the sorted array one element at a time by inserting each element into its correct position.,A sorting algorithm that builds the sorted array one element at a time by inserting each element into its correct position.,"A divide-and-conquer sorting algorithm that splits the array into halves, sorts them, and merges the sorted halves.","A divide-and-conquer sorting algorithm that splits the array into halves, sorts them, and merges the sorted halves.",A simple sorting algorithm that repeatedly swaps adjacent elements if they are in the wrong order.,A simple sorting algorithm that repeatedly swaps adjacent elements if they are in the wrong order.,D,Bubble Sort: A simple sorting algorithm that repeatedly swaps adjacent elements if they are in the wrong order.,बबल सॉर्ट: एक सरल सॉर्टिंग एल्गोरिथ्म जो बार-बार आसन्न तत्वों की अदला-बदली करता है यदि वे गलत क्रम में हों.,DSA,डेटा स्ट्रक्चर एवं एल्गोरिद्म,Sorting,सॉर्टिंग,Hard,1,0.25
Which concept should an engineer identify from this technical description: A simple sorting algorithm that repeatedly swaps adjacent elements if they are in the wrong order.?,इस technical description से engineer को कौन-सा concept पहचानना चाहिए: एक सरल सॉर्टिंग एल्गोरिथ्म जो बार-बार आसन्न तत्वों की अदला-बदली करता है यदि वे गलत क्रम में हों.?,A sorting algorithm that builds the sorted array one element at a time by inserting each element into its correct position.,A sorting algorithm that builds the sorted array one element at a time by inserting each element into its correct position.,"A divide-and-conquer sorting algorithm that splits the array into halves, sorts them, and merges the sorted halves.","A divide-and-conquer sorting algorithm that splits the array into halves, sorts them, and merges the sorted halves.",A simple sorting algorithm that repeatedly swaps adjacent elements if they are in the wrong order.,A simple sorting algorithm that repeatedly swaps adjacent elements if they are in the wrong order.,A sorting algorithm that repeatedly selects the minimum element from the unsorted part and places it at the beginning.,A sorting algorithm that repeatedly selects the minimum element from the unsorted part and places it at the beginning.,C,Bubble Sort: A simple sorting algorithm that repeatedly swaps adjacent elements if they are in the wrong order.,बबल सॉर्ट: एक सरल सॉर्टिंग एल्गोरिथ्म जो बार-बार आसन्न तत्वों की अदला-बदली करता है यदि वे गलत क्रम में हों.,DSA,डेटा स्ट्रक्चर एवं एल्गोरिद्म,Sorting,सॉर्टिंग,Hard,1,0.25
In a scenario where the following behavior is required — A simple sorting algorithm that repeatedly swaps adjacent elements if they are in the wrong order. — which concept is appropriate?,जिस scenario में यह behavior चाहिए — एक सरल सॉर्टिंग एल्गोरिथ्म जो बार-बार आसन्न तत्वों की अदला-बदली करता है यदि वे गलत क्रम में हों. — वहाँ कौन-सा concept उपयुक्त है?,"A divide-and-conquer sorting algorithm that splits the array into halves, sorts them, and merges the sorted halves.","A divide-and-conquer sorting algorithm that splits the array into halves, sorts them, and merges the sorted halves.",A simple sorting algorithm that repeatedly swaps adjacent elements if they are in the wrong order.,A simple sorting algorithm that repeatedly swaps adjacent elements if they are in the wrong order.,A sorting algorithm that repeatedly selects the minimum element from the unsorted part and places it at the beginning.,A sorting algorithm that repeatedly selects the minimum element from the unsorted part and places it at the beginning.,A sorting algorithm that builds the sorted array one element at a time by inserting each element into its correct position.,A sorting algorithm that builds the sorted array one element at a time by inserting each element into its correct position.,B,Bubble Sort: A simple sorting algorithm that repeatedly swaps adjacent elements if they are in the wrong order.,बबल सॉर्ट: एक सरल सॉर्टिंग एल्गोरिथ्म जो बार-बार आसन्न तत्वों की अदला-बदली करता है यदि वे गलत क्रम में हों.,DSA,डेटा स्ट्रक्चर एवं एल्गोरिद्म,Sorting,सॉर्टिंग,Medium,1,0.25
An exam asks which concept would be selected when the requirement is: A sorting algorithm that repeatedly selects the minimum element from the unsorted part and places it at the beginning.. Which concept fits best?,एक परीक्षा में आवश्यकता दी गई है: एक सॉर्टिंग एल्गोरिथ्म जो असॉर्टेड भाग से न्यूनतम तत्व का बार-बार चयन करता है और उसे शुरुआत में रखता है.। इसके लिए सबसे उपयुक्त concept कौन-सा है?,A sorting algorithm that repeatedly selects the minimum element from the unsorted part and places it at the beginning.,A sorting algorithm that repeatedly selects the minimum element from the unsorted part and places it at the beginning.,A sorting algorithm that builds the sorted array one element at a time by inserting each element into its correct position.,A sorting algorithm that builds the sorted array one element at a time by inserting each element into its correct position.,"A divide-and-conquer sorting algorithm that splits the array into halves, sorts them, and merges the sorted halves.","A divide-and-conquer sorting algorithm that splits the array into halves, sorts them, and merges the sorted halves.",A divide-and-conquer sorting algorithm that selects a pivot element and partitions the array around it.,A divide-and-conquer sorting algorithm that selects a pivot element and partitions the array around it.,A,Selection Sort: A sorting algorithm that repeatedly selects the minimum element from the unsorted part and places it at the beginning.,सिलेक्शन सॉर्ट: एक सॉर्टिंग एल्गोरिथ्म जो असॉर्टेड भाग से न्यूनतम तत्व का बार-बार चयन करता है और उसे शुरुआत में रखता है.,DSA,डेटा स्ट्रक्चर एवं एल्गोरिद्म,Sorting,सॉर्टिंग,Hard,1,0.25
A system designer needs the property described as: A sorting algorithm that repeatedly selects the minimum element from the unsorted part and places it at the beginning.. Which concept is being used?,एक system designer को यह property चाहिए: एक सॉर्टिंग एल्गोरिथ्म जो असॉर्टेड भाग से न्यूनतम तत्व का बार-बार चयन करता है और उसे शुरुआत में रखता है.। कौन-सा concept उपयोग हो रहा है?,A sorting algorithm that builds the sorted array one element at a time by inserting each element into its correct position.,A sorting algorithm that builds the sorted array one element at a time by inserting each element into its correct position.,"A divide-and-conquer sorting algorithm that splits the array into halves, sorts them, and merges the sorted halves.","A divide-and-conquer sorting algorithm that splits the array into halves, sorts them, and merges the sorted halves.",A divide-and-conquer sorting algorithm that selects a pivot element and partitions the array around it.,A divide-and-conquer sorting algorithm that selects a pivot element and partitions the array around it.,A sorting algorithm that repeatedly selects the minimum element from the unsorted part and places it at the beginning.,A sorting algorithm that repeatedly selects the minimum element from the unsorted part and places it at the beginning.,D,Selection Sort: A sorting algorithm that repeatedly selects the minimum element from the unsorted part and places it at the beginning.,सिलेक्शन सॉर्ट: एक सॉर्टिंग एल्गोरिथ्म जो असॉर्टेड भाग से न्यूनतम तत्व का बार-बार चयन करता है और उसे शुरुआत में रखता है.,DSA,डेटा स्ट्रक्चर एवं एल्गोरिद्म,Sorting,सॉर्टिंग,Hard,1,0.25
Which concept should an engineer identify from this technical description: A sorting algorithm that repeatedly selects the minimum element from the unsorted part and places it at the beginning.?,इस technical description से engineer को कौन-सा concept पहचानना चाहिए: एक सॉर्टिंग एल्गोरिथ्म जो असॉर्टेड भाग से न्यूनतम तत्व का बार-बार चयन करता है और उसे शुरुआत में रखता है.?,"A divide-and-conquer sorting algorithm that splits the array into halves, sorts them, and merges the sorted halves.","A divide-and-conquer sorting algorithm that splits the array into halves, sorts them, and merges the sorted halves.",A divide-and-conquer sorting algorithm that selects a pivot element and partitions the array around it.,A divide-and-conquer sorting algorithm that selects a pivot element and partitions the array around it.,A sorting algorithm that repeatedly selects the minimum element from the unsorted part and places it at the beginning.,A sorting algorithm that repeatedly selects the minimum element from the unsorted part and places it at the beginning.,A sorting algorithm that builds the sorted array one element at a time by inserting each element into its correct position.,A sorting algorithm that builds the sorted array one element at a time by inserting each element into its correct position.,C,Selection Sort: A sorting algorithm that repeatedly selects the minimum element from the unsorted part and places it at the beginning.,सिलेक्शन सॉर्ट: एक सॉर्टिंग एल्गोरिथ्म जो असॉर्टेड भाग से न्यूनतम तत्व का बार-बार चयन करता है और उसे शुरुआत में रखता है.,DSA,डेटा स्ट्रक्चर एवं एल्गोरिद्म,Sorting,सॉर्टिंग,Medium,1,0.25
In a scenario where the following behavior is required — A sorting algorithm that repeatedly selects the minimum element from the unsorted part and places it at the beginning. — which concept is appropriate?,जिस scenario में यह behavior चाहिए — एक सॉर्टिंग एल्गोरिथ्म जो असॉर्टेड भाग से न्यूनतम तत्व का बार-बार चयन करता है और उसे शुरुआत में रखता है. — वहाँ कौन-सा concept उपयुक्त है?,A divide-and-conquer sorting algorithm that selects a pivot element and partitions the array around it.,A divide-and-conquer sorting algorithm that selects a pivot element and partitions the array around it.,A sorting algorithm that repeatedly selects the minimum element from the unsorted part and places it at the beginning.,A sorting algorithm that repeatedly selects the minimum element from the unsorted part and places it at the beginning.,A sorting algorithm that builds the sorted array one element at a time by inserting each element into its correct position.,A sorting algorithm that builds the sorted array one element at a time by inserting each element into its correct position.,"A divide-and-conquer sorting algorithm that splits the array into halves, sorts them, and merges the sorted halves.","A divide-and-conquer sorting algorithm that splits the array into halves, sorts them, and merges the sorted halves.",B,Selection Sort: A sorting algorithm that repeatedly selects the minimum element from the unsorted part and places it at the beginning.,सिलेक्शन सॉर्ट: एक सॉर्टिंग एल्गोरिथ्म जो असॉर्टेड भाग से न्यूनतम तत्व का बार-बार चयन करता है और उसे शुरुआत में रखता है.,DSA,डेटा स्ट्रक्चर एवं एल्गोरिद्म,Sorting,सॉर्टिंग,Hard,1,0.25
An exam asks which concept would be selected when the requirement is: A sorting algorithm that builds the sorted array one element at a time by inserting each element into its correct position.. Which concept fits best?,एक परीक्षा में आवश्यकता दी गई है: एक सॉर्टिंग एल्गोरिथ्म जो प्रत्येक तत्व को उसकी सही स्थिति में सम्मिलित करके एक समय में एक तत्व से सॉर्टेड ऐरे बनाता है.। इसके लिए सबसे उपयुक्त concept कौन-सा है?,A sorting algorithm that builds the sorted array one element at a time by inserting each element into its correct position.,A sorting algorithm that builds the sorted array one element at a time by inserting each element into its correct position.,"A divide-and-conquer sorting algorithm that splits the array into halves, sorts them, and merges the sorted halves.","A divide-and-conquer sorting algorithm that splits the array into halves, sorts them, and merges the sorted halves.",A divide-and-conquer sorting algorithm that selects a pivot element and partitions the array around it.,A divide-and-conquer sorting algorithm that selects a pivot element and partitions the array around it.,A sorting algorithm that uses a binary heap data structure to repeatedly extract the maximum (or minimum) element.,A sorting algorithm that uses a binary heap data structure to repeatedly extract the maximum (or minimum) element.,A,Insertion Sort: A sorting algorithm that builds the sorted array one element at a time by inserting each element into its correct position.,इंसर्शन सॉर्ट: एक सॉर्टिंग एल्गोरिथ्म जो प्रत्येक तत्व को उसकी सही स्थिति में सम्मिलित करके एक समय में एक तत्व से सॉर्टेड ऐरे बनाता है.,DSA,डेटा स्ट्रक्चर एवं एल्गोरिद्म,Sorting,सॉर्टिंग,Hard,1,0.25
A system designer needs the property described as: A sorting algorithm that builds the sorted array one element at a time by inserting each element into its correct position.. Which concept is being used?,एक system designer को यह property चाहिए: एक सॉर्टिंग एल्गोरिथ्म जो प्रत्येक तत्व को उसकी सही स्थिति में सम्मिलित करके एक समय में एक तत्व से सॉर्टेड ऐरे बनाता है.। कौन-सा concept उपयोग हो रहा है?,"A divide-and-conquer sorting algorithm that splits the array into halves, sorts them, and merges the sorted halves.","A divide-and-conquer sorting algorithm that splits the array into halves, sorts them, and merges the sorted halves.",A divide-and-conquer sorting algorithm that selects a pivot element and partitions the array around it.,A divide-and-conquer sorting algorithm that selects a pivot element and partitions the array around it.,A sorting algorithm that uses a binary heap data structure to repeatedly extract the maximum (or minimum) element.,A sorting algorithm that uses a binary heap data structure to repeatedly extract the maximum (or minimum) element.,A sorting algorithm that builds the sorted array one element at a time by inserting each element into its correct position.,A sorting algorithm that builds the sorted array one element at a time by inserting each element into its correct position.,D,Insertion Sort: A sorting algorithm that builds the sorted array one element at a time by inserting each element into its correct position.,इंसर्शन सॉर्ट: एक सॉर्टिंग एल्गोरिथ्म जो प्रत्येक तत्व को उसकी सही स्थिति में सम्मिलित करके एक समय में एक तत्व से सॉर्टेड ऐरे बनाता है.,DSA,डेटा स्ट्रक्चर एवं एल्गोरिद्म,Sorting,सॉर्टिंग,Medium,1,0.25
Which concept should an engineer identify from this technical description: A sorting algorithm that builds the sorted array one element at a time by inserting each element into its correct position.?,इस technical description से engineer को कौन-सा concept पहचानना चाहिए: एक सॉर्टिंग एल्गोरिथ्म जो प्रत्येक तत्व को उसकी सही स्थिति में सम्मिलित करके एक समय में एक तत्व से सॉर्टेड ऐरे बनाता है.?,A divide-and-conquer sorting algorithm that selects a pivot element and partitions the array around it.,A divide-and-conquer sorting algorithm that selects a pivot element and partitions the array around it.,A sorting algorithm that uses a binary heap data structure to repeatedly extract the maximum (or minimum) element.,A sorting algorithm that uses a binary heap data structure to repeatedly extract the maximum (or minimum) element.,A sorting algorithm that builds the sorted array one element at a time by inserting each element into its correct position.,A sorting algorithm that builds the sorted array one element at a time by inserting each element into its correct position.,"A divide-and-conquer sorting algorithm that splits the array into halves, sorts them, and merges the sorted halves.","A divide-and-conquer sorting algorithm that splits the array into halves, sorts them, and merges the sorted halves.",C,Insertion Sort: A sorting algorithm that builds the sorted array one element at a time by inserting each element into its correct position.,इंसर्शन सॉर्ट: एक सॉर्टिंग एल्गोरिथ्म जो प्रत्येक तत्व को उसकी सही स्थिति में सम्मिलित करके एक समय में एक तत्व से सॉर्टेड ऐरे बनाता है.,DSA,डेटा स्ट्रक्चर एवं एल्गोरिद्म,Sorting,सॉर्टिंग,Hard,1,0.25
In a scenario where the following behavior is required — A sorting algorithm that builds the sorted array one element at a time by inserting each element into its correct position. — which concept is appropriate?,जिस scenario में यह behavior चाहिए — एक सॉर्टिंग एल्गोरिथ्म जो प्रत्येक तत्व को उसकी सही स्थिति में सम्मिलित करके एक समय में एक तत्व से सॉर्टेड ऐरे बनाता है. — वहाँ कौन-सा concept उपयुक्त है?,A sorting algorithm that uses a binary heap data structure to repeatedly extract the maximum (or minimum) element.,A sorting algorithm that uses a binary heap data structure to repeatedly extract the maximum (or minimum) element.,A sorting algorithm that builds the sorted array one element at a time by inserting each element into its correct position.,A sorting algorithm that builds the sorted array one element at a time by inserting each element into its correct position.,"A divide-and-conquer sorting algorithm that splits the array into halves, sorts them, and merges the sorted halves.","A divide-and-conquer sorting algorithm that splits the array into halves, sorts them, and merges the sorted halves.",A divide-and-conquer sorting algorithm that selects a pivot element and partitions the array around it.,A divide-and-conquer sorting algorithm that selects a pivot element and partitions the array around it.,B,Insertion Sort: A sorting algorithm that builds the sorted array one element at a time by inserting each element into its correct position.,इंसर्शन सॉर्ट: एक सॉर्टिंग एल्गोरिथ्म जो प्रत्येक तत्व को उसकी सही स्थिति में सम्मिलित करके एक समय में एक तत्व से सॉर्टेड ऐरे बनाता है.,DSA,डेटा स्ट्रक्चर एवं एल्गोरिद्म,Sorting,सॉर्टिंग,Hard,1,0.25
"An exam asks which concept would be selected when the requirement is: A divide-and-conquer sorting algorithm that splits the array into halves, sorts them, and merges the sorted halves.. Which concept fits best?","एक परीक्षा में आवश्यकता दी गई है: एक विभाजन-और-विजय सॉर्टिंग एल्गोरिथ्म जो ऐरे को आधे भागों में विभाजित करता है, उन्हें सॉर्ट करता है, और सॉर्टेड आधे भागों को मर्ज करता है.। इसके लिए सबसे उपयुक्त concept कौन-सा है?","A divide-and-conquer sorting algorithm that splits the array into halves, sorts them, and merges the sorted halves.","A divide-and-conquer sorting algorithm that splits the array into halves, sorts them, and merges the sorted halves.",A divide-and-conquer sorting algorithm that selects a pivot element and partitions the array around it.,A divide-and-conquer sorting algorithm that selects a pivot element and partitions the array around it.,A sorting algorithm that uses a binary heap data structure to repeatedly extract the maximum (or minimum) element.,A sorting algorithm that uses a binary heap data structure to repeatedly extract the maximum (or minimum) element.,"A non-comparative sorting algorithm that sorts numbers digit by digit, starting from the least significant digit.","A non-comparative sorting algorithm that sorts numbers digit by digit, starting from the least significant digit.",A,"Merge Sort: A divide-and-conquer sorting algorithm that splits the array into halves, sorts them, and merges the sorted halves.","मर्ज सॉर्ट: एक विभाजन-और-विजय सॉर्टिंग एल्गोरिथ्म जो ऐरे को आधे भागों में विभाजित करता है, उन्हें सॉर्ट करता है, और सॉर्टेड आधे भागों को मर्ज करता है.",DSA,डेटा स्ट्रक्चर एवं एल्गोरिद्म,Sorting,सॉर्टिंग,Medium,1,0.25
"A system designer needs the property described as: A divide-and-conquer sorting algorithm that splits the array into halves, sorts them, and merges the sorted halves.. Which concept is being used?","एक system designer को यह property चाहिए: एक विभाजन-और-विजय सॉर्टिंग एल्गोरिथ्म जो ऐरे को आधे भागों में विभाजित करता है, उन्हें सॉर्ट करता है, और सॉर्टेड आधे भागों को मर्ज करता है.। कौन-सा concept उपयोग हो रहा है?",A divide-and-conquer sorting algorithm that selects a pivot element and partitions the array around it.,A divide-and-conquer sorting algorithm that selects a pivot element and partitions the array around it.,A sorting algorithm that uses a binary heap data structure to repeatedly extract the maximum (or minimum) element.,A sorting algorithm that uses a binary heap data structure to repeatedly extract the maximum (or minimum) element.,"A non-comparative sorting algorithm that sorts numbers digit by digit, starting from the least significant digit.","A non-comparative sorting algorithm that sorts numbers digit by digit, starting from the least significant digit.","A divide-and-conquer sorting algorithm that splits the array into halves, sorts them, and merges the sorted halves.","A divide-and-conquer sorting algorithm that splits the array into halves, sorts them, and merges the sorted halves.",D,"Merge Sort: A divide-and-conquer sorting algorithm that splits the array into halves, sorts them, and merges the sorted halves.","मर्ज सॉर्ट: एक विभाजन-और-विजय सॉर्टिंग एल्गोरिथ्म जो ऐरे को आधे भागों में विभाजित करता है, उन्हें सॉर्ट करता है, और सॉर्टेड आधे भागों को मर्ज करता है.",DSA,डेटा स्ट्रक्चर एवं एल्गोरिद्म,Sorting,सॉर्टिंग,Hard,1,0.25
"Which concept should an engineer identify from this technical description: A divide-and-conquer sorting algorithm that splits the array into halves, sorts them, and merges the sorted halves.?","इस technical description से engineer को कौन-सा concept पहचानना चाहिए: एक विभाजन-और-विजय सॉर्टिंग एल्गोरिथ्म जो ऐरे को आधे भागों में विभाजित करता है, उन्हें सॉर्ट करता है, और सॉर्टेड आधे भागों को मर्ज करता है.?",A sorting algorithm that uses a binary heap data structure to repeatedly extract the maximum (or minimum) element.,A sorting algorithm that uses a binary heap data structure to repeatedly extract the maximum (or minimum) element.,"A non-comparative sorting algorithm that sorts numbers digit by digit, starting from the least significant digit.","A non-comparative sorting algorithm that sorts numbers digit by digit, starting from the least significant digit.","A divide-and-conquer sorting algorithm that splits the array into halves, sorts them, and merges the sorted halves.","A divide-and-conquer sorting algorithm that splits the array into halves, sorts them, and merges the sorted halves.",A divide-and-conquer sorting algorithm that selects a pivot element and partitions the array around it.,A divide-and-conquer sorting algorithm that selects a pivot element and partitions the array around it.,C,"Merge Sort: A divide-and-conquer sorting algorithm that splits the array into halves, sorts them, and merges the sorted halves.","मर्ज सॉर्ट: एक विभाजन-और-विजय सॉर्टिंग एल्गोरिथ्म जो ऐरे को आधे भागों में विभाजित करता है, उन्हें सॉर्ट करता है, और सॉर्टेड आधे भागों को मर्ज करता है.",DSA,डेटा स्ट्रक्चर एवं एल्गोरिद्म,Sorting,सॉर्टिंग,Hard,1,0.25
"In a scenario where the following behavior is required — A divide-and-conquer sorting algorithm that splits the array into halves, sorts them, and merges the sorted halves. — which concept is appropriate?","जिस scenario में यह behavior चाहिए — एक विभाजन-और-विजय सॉर्टिंग एल्गोरिथ्म जो ऐरे को आधे भागों में विभाजित करता है, उन्हें सॉर्ट करता है, और सॉर्टेड आधे भागों को मर्ज करता है. — वहाँ कौन-सा concept उपयुक्त है?","A non-comparative sorting algorithm that sorts numbers digit by digit, starting from the least significant digit.","A non-comparative sorting algorithm that sorts numbers digit by digit, starting from the least significant digit.","A divide-and-conquer sorting algorithm that splits the array into halves, sorts them, and merges the sorted halves.","A divide-and-conquer sorting algorithm that splits the array into halves, sorts them, and merges the sorted halves.",A divide-and-conquer sorting algorithm that selects a pivot element and partitions the array around it.,A divide-and-conquer sorting algorithm that selects a pivot element and partitions the array around it.,A sorting algorithm that uses a binary heap data structure to repeatedly extract the maximum (or minimum) element.,A sorting algorithm that uses a binary heap data structure to repeatedly extract the maximum (or minimum) element.,B,"Merge Sort: A divide-and-conquer sorting algorithm that splits the array into halves, sorts them, and merges the sorted halves.","मर्ज सॉर्ट: एक विभाजन-और-विजय सॉर्टिंग एल्गोरिथ्म जो ऐरे को आधे भागों में विभाजित करता है, उन्हें सॉर्ट करता है, और सॉर्टेड आधे भागों को मर्ज करता है.",DSA,डेटा स्ट्रक्चर एवं एल्गोरिद्म,Sorting,सॉर्टिंग,Medium,1,0.25
An exam asks which concept would be selected when the requirement is: A divide-and-conquer sorting algorithm that selects a pivot element and partitions the array around it.. Which concept fits best?,एक परीक्षा में आवश्यकता दी गई है: एक विभाजन-और-विजय सॉर्टिंग एल्गोरिथ्म जो एक पिवट तत्व का चयन करता है और उसके चारों ओर ऐरे को विभाजित करता है.। इसके लिए सबसे उपयुक्त concept कौन-सा है?,A divide-and-conquer sorting algorithm that selects a pivot element and partitions the array around it.,A divide-and-conquer sorting algorithm that selects a pivot element and partitions the array around it.,A sorting algorithm that uses a binary heap data structure to repeatedly extract the maximum (or minimum) element.,A sorting algorithm that uses a binary heap data structure to repeatedly extract the maximum (or minimum) element.,"A non-comparative sorting algorithm that sorts numbers digit by digit, starting from the least significant digit.","A non-comparative sorting algorithm that sorts numbers digit by digit, starting from the least significant digit.",A simple sorting algorithm that repeatedly swaps adjacent elements if they are in the wrong order.,A simple sorting algorithm that repeatedly swaps adjacent elements if they are in the wrong order.,A,Quick Sort: A divide-and-conquer sorting algorithm that selects a pivot element and partitions the array around it.,क्विक सॉर्ट: एक विभाजन-और-विजय सॉर्टिंग एल्गोरिथ्म जो एक पिवट तत्व का चयन करता है और उसके चारों ओर ऐरे को विभाजित करता है.,DSA,डेटा स्ट्रक्चर एवं एल्गोरिद्म,Sorting,सॉर्टिंग,Hard,1,0.25
A system designer needs the property described as: A divide-and-conquer sorting algorithm that selects a pivot element and partitions the array around it.. Which concept is being used?,एक system designer को यह property चाहिए: एक विभाजन-और-विजय सॉर्टिंग एल्गोरिथ्म जो एक पिवट तत्व का चयन करता है और उसके चारों ओर ऐरे को विभाजित करता है.। कौन-सा concept उपयोग हो रहा है?,A sorting algorithm that uses a binary heap data structure to repeatedly extract the maximum (or minimum) element.,A sorting algorithm that uses a binary heap data structure to repeatedly extract the maximum (or minimum) element.,"A non-comparative sorting algorithm that sorts numbers digit by digit, starting from the least significant digit.","A non-comparative sorting algorithm that sorts numbers digit by digit, starting from the least significant digit.",A simple sorting algorithm that repeatedly swaps adjacent elements if they are in the wrong order.,A simple sorting algorithm that repeatedly swaps adjacent elements if they are in the wrong order.,A divide-and-conquer sorting algorithm that selects a pivot element and partitions the array around it.,A divide-and-conquer sorting algorithm that selects a pivot element and partitions the array around it.,D,Quick Sort: A divide-and-conquer sorting algorithm that selects a pivot element and partitions the array around it.,क्विक सॉर्ट: एक विभाजन-और-विजय सॉर्टिंग एल्गोरिथ्म जो एक पिवट तत्व का चयन करता है और उसके चारों ओर ऐरे को विभाजित करता है.,DSA,डेटा स्ट्रक्चर एवं एल्गोरिद्म,Sorting,सॉर्टिंग,Hard,1,0.25
Which concept should an engineer identify from this technical description: A divide-and-conquer sorting algorithm that selects a pivot element and partitions the array around it.?,इस technical description से engineer को कौन-सा concept पहचानना चाहिए: एक विभाजन-और-विजय सॉर्टिंग एल्गोरिथ्म जो एक पिवट तत्व का चयन करता है और उसके चारों ओर ऐरे को विभाजित करता है.?,"A non-comparative sorting algorithm that sorts numbers digit by digit, starting from the least significant digit.","A non-comparative sorting algorithm that sorts numbers digit by digit, starting from the least significant digit.",A simple sorting algorithm that repeatedly swaps adjacent elements if they are in the wrong order.,A simple sorting algorithm that repeatedly swaps adjacent elements if they are in the wrong order.,A divide-and-conquer sorting algorithm that selects a pivot element and partitions the array around it.,A divide-and-conquer sorting algorithm that selects a pivot element and partitions the array around it.,A sorting algorithm that uses a binary heap data structure to repeatedly extract the maximum (or minimum) element.,A sorting algorithm that uses a binary heap data structure to repeatedly extract the maximum (or minimum) element.,C,Quick Sort: A divide-and-conquer sorting algorithm that selects a pivot element and partitions the array around it.,क्विक सॉर्ट: एक विभाजन-और-विजय सॉर्टिंग एल्गोरिथ्म जो एक पिवट तत्व का चयन करता है और उसके चारों ओर ऐरे को विभाजित करता है.,DSA,डेटा स्ट्रक्चर एवं एल्गोरिद्म,Sorting,सॉर्टिंग,Medium,1,0.25
In a scenario where the following behavior is required — A divide-and-conquer sorting algorithm that selects a pivot element and partitions the array around it. — which concept is appropriate?,जिस scenario में यह behavior चाहिए — एक विभाजन-और-विजय सॉर्टिंग एल्गोरिथ्म जो एक पिवट तत्व का चयन करता है और उसके चारों ओर ऐरे को विभाजित करता है. — वहाँ कौन-सा concept उपयुक्त है?,A simple sorting algorithm that repeatedly swaps adjacent elements if they are in the wrong order.,A simple sorting algorithm that repeatedly swaps adjacent elements if they are in the wrong order.,A divide-and-conquer sorting algorithm that selects a pivot element and partitions the array around it.,A divide-and-conquer sorting algorithm that selects a pivot element and partitions the array around it.,A sorting algorithm that uses a binary heap data structure to repeatedly extract the maximum (or minimum) element.,A sorting algorithm that uses a binary heap data structure to repeatedly extract the maximum (or minimum) element.,"A non-comparative sorting algorithm that sorts numbers digit by digit, starting from the least significant digit.","A non-comparative sorting algorithm that sorts numbers digit by digit, starting from the least significant digit.",B,Quick Sort: A divide-and-conquer sorting algorithm that selects a pivot element and partitions the array around it.,क्विक सॉर्ट: एक विभाजन-और-विजय सॉर्टिंग एल्गोरिथ्म जो एक पिवट तत्व का चयन करता है और उसके चारों ओर ऐरे को विभाजित करता है.,DSA,डेटा स्ट्रक्चर एवं एल्गोरिद्म,Sorting,सॉर्टिंग,Hard,1,0.25
An exam asks which concept would be selected when the requirement is: A sorting algorithm that uses a binary heap data structure to repeatedly extract the maximum (or minimum) element.. Which concept fits best?,एक परीक्षा में आवश्यकता दी गई है: एक सॉर्टिंग एल्गोरिथ्म जो अधिकतम (या न्यूनतम) तत्व को बार-बार निकालने के लिए बाइनरी हीप डेटा संरचना का उपयोग करता है.। इसके लिए सबसे उपयुक्त concept कौन-सा है?,A sorting algorithm that uses a binary heap data structure to repeatedly extract the maximum (or minimum) element.,A sorting algorithm that uses a binary heap data structure to repeatedly extract the maximum (or minimum) element.,"A non-comparative sorting algorithm that sorts numbers digit by digit, starting from the least significant digit.","A non-comparative sorting algorithm that sorts numbers digit by digit, starting from the least significant digit.",A simple sorting algorithm that repeatedly swaps adjacent elements if they are in the wrong order.,A simple sorting algorithm that repeatedly swaps adjacent elements if they are in the wrong order.,A sorting algorithm that repeatedly selects the minimum element from the unsorted part and places it at the beginning.,A sorting algorithm that repeatedly selects the minimum element from the unsorted part and places it at the beginning.,A,Heap Sort: A sorting algorithm that uses a binary heap data structure to repeatedly extract the maximum (or minimum) element.,हीप सॉर्ट: एक सॉर्टिंग एल्गोरिथ्म जो अधिकतम (या न्यूनतम) तत्व को बार-बार निकालने के लिए बाइनरी हीप डेटा संरचना का उपयोग करता है.,DSA,डेटा स्ट्रक्चर एवं एल्गोरिद्म,Sorting,सॉर्टिंग,Hard,1,0.25
A system designer needs the property described as: A sorting algorithm that uses a binary heap data structure to repeatedly extract the maximum (or minimum) element.. Which concept is being used?,एक system designer को यह property चाहिए: एक सॉर्टिंग एल्गोरिथ्म जो अधिकतम (या न्यूनतम) तत्व को बार-बार निकालने के लिए बाइनरी हीप डेटा संरचना का उपयोग करता है.। कौन-सा concept उपयोग हो रहा है?,"A non-comparative sorting algorithm that sorts numbers digit by digit, starting from the least significant digit.","A non-comparative sorting algorithm that sorts numbers digit by digit, starting from the least significant digit.",A simple sorting algorithm that repeatedly swaps adjacent elements if they are in the wrong order.,A simple sorting algorithm that repeatedly swaps adjacent elements if they are in the wrong order.,A sorting algorithm that repeatedly selects the minimum element from the unsorted part and places it at the beginning.,A sorting algorithm that repeatedly selects the minimum element from the unsorted part and places it at the beginning.,A sorting algorithm that uses a binary heap data structure to repeatedly extract the maximum (or minimum) element.,A sorting algorithm that uses a binary heap data structure to repeatedly extract the maximum (or minimum) element.,D,Heap Sort: A sorting algorithm that uses a binary heap data structure to repeatedly extract the maximum (or minimum) element.,हीप सॉर्ट: एक सॉर्टिंग एल्गोरिथ्म जो अधिकतम (या न्यूनतम) तत्व को बार-बार निकालने के लिए बाइनरी हीप डेटा संरचना का उपयोग करता है.,DSA,डेटा स्ट्रक्चर एवं एल्गोरिद्म,Sorting,सॉर्टिंग,Medium,1,0.25
Which concept should an engineer identify from this technical description: A sorting algorithm that uses a binary heap data structure to repeatedly extract the maximum (or minimum) element.?,इस technical description से engineer को कौन-सा concept पहचानना चाहिए: एक सॉर्टिंग एल्गोरिथ्म जो अधिकतम (या न्यूनतम) तत्व को बार-बार निकालने के लिए बाइनरी हीप डेटा संरचना का उपयोग करता है.?,A simple sorting algorithm that repeatedly swaps adjacent elements if they are in the wrong order.,A simple sorting algorithm that repeatedly swaps adjacent elements if they are in the wrong order.,A sorting algorithm that repeatedly selects the minimum element from the unsorted part and places it at the beginning.,A sorting algorithm that repeatedly selects the minimum element from the unsorted part and places it at the beginning.,A sorting algorithm that uses a binary heap data structure to repeatedly extract the maximum (or minimum) element.,A sorting algorithm that uses a binary heap data structure to repeatedly extract the maximum (or minimum) element.,"A non-comparative sorting algorithm that sorts numbers digit by digit, starting from the least significant digit.","A non-comparative sorting algorithm that sorts numbers digit by digit, starting from the least significant digit.",C,Heap Sort: A sorting algorithm that uses a binary heap data structure to repeatedly extract the maximum (or minimum) element.,हीप सॉर्ट: एक सॉर्टिंग एल्गोरिथ्म जो अधिकतम (या न्यूनतम) तत्व को बार-बार निकालने के लिए बाइनरी हीप डेटा संरचना का उपयोग करता है.,DSA,डेटा स्ट्रक्चर एवं एल्गोरिद्म,Sorting,सॉर्टिंग,Hard,1,0.25
In a scenario where the following behavior is required — A sorting algorithm that uses a binary heap data structure to repeatedly extract the maximum (or minimum) element. — which concept is appropriate?,जिस scenario में यह behavior चाहिए — एक सॉर्टिंग एल्गोरिथ्म जो अधिकतम (या न्यूनतम) तत्व को बार-बार निकालने के लिए बाइनरी हीप डेटा संरचना का उपयोग करता है. — वहाँ कौन-सा concept उपयुक्त है?,A sorting algorithm that repeatedly selects the minimum element from the unsorted part and places it at the beginning.,A sorting algorithm that repeatedly selects the minimum element from the unsorted part and places it at the beginning.,A sorting algorithm that uses a binary heap data structure to repeatedly extract the maximum (or minimum) element.,A sorting algorithm that uses a binary heap data structure to repeatedly extract the maximum (or minimum) element.,"A non-comparative sorting algorithm that sorts numbers digit by digit, starting from the least significant digit.","A non-comparative sorting algorithm that sorts numbers digit by digit, starting from the least significant digit.",A simple sorting algorithm that repeatedly swaps adjacent elements if they are in the wrong order.,A simple sorting algorithm that repeatedly swaps adjacent elements if they are in the wrong order.,B,Heap Sort: A sorting algorithm that uses a binary heap data structure to repeatedly extract the maximum (or minimum) element.,हीप सॉर्ट: एक सॉर्टिंग एल्गोरिथ्म जो अधिकतम (या न्यूनतम) तत्व को बार-बार निकालने के लिए बाइनरी हीप डेटा संरचना का उपयोग करता है.,DSA,डेटा स्ट्रक्चर एवं एल्गोरिद्म,Sorting,सॉर्टिंग,Hard,1,0.25
"An exam asks which concept would be selected when the requirement is: A non-comparative sorting algorithm that sorts numbers digit by digit, starting from the least significant digit.. Which concept fits best?","एक परीक्षा में आवश्यकता दी गई है: एक गैर-तुलनात्मक सॉर्टिंग एल्गोरिथ्म जो संख्याओं को अंक दर अंक सॉर्ट करता है, सबसे कम महत्वपूर्ण अंक से शुरू करते हुए.। इसके लिए सबसे उपयुक्त concept कौन-सा है?","A non-comparative sorting algorithm that sorts numbers digit by digit, starting from the least significant digit.","A non-comparative sorting algorithm that sorts numbers digit by digit, starting from the least significant digit.",A simple sorting algorithm that repeatedly swaps adjacent elements if they are in the wrong order.,A simple sorting algorithm that repeatedly swaps adjacent elements if they are in the wrong order.,A sorting algorithm that repeatedly selects the minimum element from the unsorted part and places it at the beginning.,A sorting algorithm that repeatedly selects the minimum element from the unsorted part and places it at the beginning.,A sorting algorithm that builds the sorted array one element at a time by inserting each element into its correct position.,A sorting algorithm that builds the sorted array one element at a time by inserting each element into its correct position.,A,"Radix Sort: A non-comparative sorting algorithm that sorts numbers digit by digit, starting from the least significant digit.","रेडिक्स सॉर्ट: एक गैर-तुलनात्मक सॉर्टिंग एल्गोरिथ्म जो संख्याओं को अंक दर अंक सॉर्ट करता है, सबसे कम महत्वपूर्ण अंक से शुरू करते हुए.",DSA,डेटा स्ट्रक्चर एवं एल्गोरिद्म,Sorting,सॉर्टिंग,Medium,1,0.25
"A system designer needs the property described as: A non-comparative sorting algorithm that sorts numbers digit by digit, starting from the least significant digit.. Which concept is being used?","एक system designer को यह property चाहिए: एक गैर-तुलनात्मक सॉर्टिंग एल्गोरिथ्म जो संख्याओं को अंक दर अंक सॉर्ट करता है, सबसे कम महत्वपूर्ण अंक से शुरू करते हुए.। कौन-सा concept उपयोग हो रहा है?",A simple sorting algorithm that repeatedly swaps adjacent elements if they are in the wrong order.,A simple sorting algorithm that repeatedly swaps adjacent elements if they are in the wrong order.,A sorting algorithm that repeatedly selects the minimum element from the unsorted part and places it at the beginning.,A sorting algorithm that repeatedly selects the minimum element from the unsorted part and places it at the beginning.,A sorting algorithm that builds the sorted array one element at a time by inserting each element into its correct position.,A sorting algorithm that builds the sorted array one element at a time by inserting each element into its correct position.,"A non-comparative sorting algorithm that sorts numbers digit by digit, starting from the least significant digit.","A non-comparative sorting algorithm that sorts numbers digit by digit, starting from the least significant digit.",D,"Radix Sort: A non-comparative sorting algorithm that sorts numbers digit by digit, starting from the least significant digit.","रेडिक्स सॉर्ट: एक गैर-तुलनात्मक सॉर्टिंग एल्गोरिथ्म जो संख्याओं को अंक दर अंक सॉर्ट करता है, सबसे कम महत्वपूर्ण अंक से शुरू करते हुए.",DSA,डेटा स्ट्रक्चर एवं एल्गोरिद्म,Sorting,सॉर्टिंग,Hard,1,0.25
"Which concept should an engineer identify from this technical description: A non-comparative sorting algorithm that sorts numbers digit by digit, starting from the least significant digit.?","इस technical description से engineer को कौन-सा concept पहचानना चाहिए: एक गैर-तुलनात्मक सॉर्टिंग एल्गोरिथ्म जो संख्याओं को अंक दर अंक सॉर्ट करता है, सबसे कम महत्वपूर्ण अंक से शुरू करते हुए.?",A sorting algorithm that repeatedly selects the minimum element from the unsorted part and places it at the beginning.,A sorting algorithm that repeatedly selects the minimum element from the unsorted part and places it at the beginning.,A sorting algorithm that builds the sorted array one element at a time by inserting each element into its correct position.,A sorting algorithm that builds the sorted array one element at a time by inserting each element into its correct position.,"A non-comparative sorting algorithm that sorts numbers digit by digit, starting from the least significant digit.","A non-comparative sorting algorithm that sorts numbers digit by digit, starting from the least significant digit.",A simple sorting algorithm that repeatedly swaps adjacent elements if they are in the wrong order.,A simple sorting algorithm that repeatedly swaps adjacent elements if they are in the wrong order.,C,"Radix Sort: A non-comparative sorting algorithm that sorts numbers digit by digit, starting from the least significant digit.","रेडिक्स सॉर्ट: एक गैर-तुलनात्मक सॉर्टिंग एल्गोरिथ्म जो संख्याओं को अंक दर अंक सॉर्ट करता है, सबसे कम महत्वपूर्ण अंक से शुरू करते हुए.",DSA,डेटा स्ट्रक्चर एवं एल्गोरिद्म,Sorting,सॉर्टिंग,Hard,1,0.25
"In a scenario where the following behavior is required — A non-comparative sorting algorithm that sorts numbers digit by digit, starting from the least significant digit. — which concept is appropriate?","जिस scenario में यह behavior चाहिए — एक गैर-तुलनात्मक सॉर्टिंग एल्गोरिथ्म जो संख्याओं को अंक दर अंक सॉर्ट करता है, सबसे कम महत्वपूर्ण अंक से शुरू करते हुए. — वहाँ कौन-सा concept उपयुक्त है?",A sorting algorithm that builds the sorted array one element at a time by inserting each element into its correct position.,A sorting algorithm that builds the sorted array one element at a time by inserting each element into its correct position.,"A non-comparative sorting algorithm that sorts numbers digit by digit, starting from the least significant digit.","A non-comparative sorting algorithm that sorts numbers digit by digit, starting from the least significant digit.",A simple sorting algorithm that repeatedly swaps adjacent elements if they are in the wrong order.,A simple sorting algorithm that repeatedly swaps adjacent elements if they are in the wrong order.,A sorting algorithm that repeatedly selects the minimum element from the unsorted part and places it at the beginning.,A sorting algorithm that repeatedly selects the minimum element from the unsorted part and places it at the beginning.,B,"Radix Sort: A non-comparative sorting algorithm that sorts numbers digit by digit, starting from the least significant digit.","रेडिक्स सॉर्ट: एक गैर-तुलनात्मक सॉर्टिंग एल्गोरिथ्म जो संख्याओं को अंक दर अंक सॉर्ट करता है, सबसे कम महत्वपूर्ण अंक से शुरू करते हुए.",DSA,डेटा स्ट्रक्चर एवं एल्गोरिद्म,Sorting,सॉर्टिंग,Medium,1,0.25
An exam asks which concept would be selected when the requirement is: A finite automaton where for each state and input symbol there is exactly one transition to a next state.. Which concept fits best?,एक परीक्षा में आवश्यकता दी गई है: एक परिमित ऑटोमेटा जहां प्रत्येक स्थिति और इनपुट प्रतीक के लिए अगली स्थिति में बिल्कुल एक ही ट्रांज़िशन होता है.। इसके लिए सबसे उपयुक्त concept कौन-सा है?,A finite automaton where for each state and input symbol there is exactly one transition to a next state.,A finite automaton where for each state and input symbol there is exactly one transition to a next state.,"A finite automaton where for a given state and input, there can be multiple or zero possible next states.","A finite automaton where for a given state and input, there can be multiple or zero possible next states.","A sequence of characters that defines a search pattern, used to describe regular languages.","A sequence of characters that defines a search pattern, used to describe regular languages.",A formal grammar where every production rule has a single non-terminal symbol on its left-hand side.,A formal grammar where every production rule has a single non-terminal symbol on its left-hand side.,A,Deterministic Finite Automaton (DFA): A finite automaton where for each state and input symbol there is exactly one transition to a next state.,निश्चयात्मक परिमित ऑटोमेटा (DFA): एक परिमित ऑटोमेटा जहां प्रत्येक स्थिति और इनपुट प्रतीक के लिए अगली स्थिति में बिल्कुल एक ही ट्रांज़िशन होता है.,Algorithms & Theory of Computation,एल्गोरिद्म एवं संगणना सिद्धांत,Automata Theory,ऑटोमेटा सिद्धांत,Medium,1,0.25
A system designer needs the property described as: A finite automaton where for each state and input symbol there is exactly one transition to a next state.. Which concept is being used?,एक system designer को यह property चाहिए: एक परिमित ऑटोमेटा जहां प्रत्येक स्थिति और इनपुट प्रतीक के लिए अगली स्थिति में बिल्कुल एक ही ट्रांज़िशन होता है.। कौन-सा concept उपयोग हो रहा है?,"A finite automaton where for a given state and input, there can be multiple or zero possible next states.","A finite automaton where for a given state and input, there can be multiple or zero possible next states.","A sequence of characters that defines a search pattern, used to describe regular languages.","A sequence of characters that defines a search pattern, used to describe regular languages.",A formal grammar where every production rule has a single non-terminal symbol on its left-hand side.,A formal grammar where every production rule has a single non-terminal symbol on its left-hand side.,A finite automaton where for each state and input symbol there is exactly one transition to a next state.,A finite automaton where for each state and input symbol there is exactly one transition to a next state.,D,Deterministic Finite Automaton (DFA): A finite automaton where for each state and input symbol there is exactly one transition to a next state.,निश्चयात्मक परिमित ऑटोमेटा (DFA): एक परिमित ऑटोमेटा जहां प्रत्येक स्थिति और इनपुट प्रतीक के लिए अगली स्थिति में बिल्कुल एक ही ट्रांज़िशन होता है.,Algorithms & Theory of Computation,एल्गोरिद्म एवं संगणना सिद्धांत,Automata Theory,ऑटोमेटा सिद्धांत,Hard,1,0.25
Which concept should an engineer identify from this technical description: A finite automaton where for each state and input symbol there is exactly one transition to a next state.?,इस technical description से engineer को कौन-सा concept पहचानना चाहिए: एक परिमित ऑटोमेटा जहां प्रत्येक स्थिति और इनपुट प्रतीक के लिए अगली स्थिति में बिल्कुल एक ही ट्रांज़िशन होता है.?,"A sequence of characters that defines a search pattern, used to describe regular languages.","A sequence of characters that defines a search pattern, used to describe regular languages.",A formal grammar where every production rule has a single non-terminal symbol on its left-hand side.,A formal grammar where every production rule has a single non-terminal symbol on its left-hand side.,A finite automaton where for each state and input symbol there is exactly one transition to a next state.,A finite automaton where for each state and input symbol there is exactly one transition to a next state.,"A finite automaton where for a given state and input, there can be multiple or zero possible next states.","A finite automaton where for a given state and input, there can be multiple or zero possible next states.",C,Deterministic Finite Automaton (DFA): A finite automaton where for each state and input symbol there is exactly one transition to a next state.,निश्चयात्मक परिमित ऑटोमेटा (DFA): एक परिमित ऑटोमेटा जहां प्रत्येक स्थिति और इनपुट प्रतीक के लिए अगली स्थिति में बिल्कुल एक ही ट्रांज़िशन होता है.,Algorithms & Theory of Computation,एल्गोरिद्म एवं संगणना सिद्धांत,Automata Theory,ऑटोमेटा सिद्धांत,Hard,1,0.25
In a scenario where the following behavior is required — A finite automaton where for each state and input symbol there is exactly one transition to a next state. — which concept is appropriate?,जिस scenario में यह behavior चाहिए — एक परिमित ऑटोमेटा जहां प्रत्येक स्थिति और इनपुट प्रतीक के लिए अगली स्थिति में बिल्कुल एक ही ट्रांज़िशन होता है. — वहाँ कौन-सा concept उपयुक्त है?,A formal grammar where every production rule has a single non-terminal symbol on its left-hand side.,A formal grammar where every production rule has a single non-terminal symbol on its left-hand side.,A finite automaton where for each state and input symbol there is exactly one transition to a next state.,A finite automaton where for each state and input symbol there is exactly one transition to a next state.,"A finite automaton where for a given state and input, there can be multiple or zero possible next states.","A finite automaton where for a given state and input, there can be multiple or zero possible next states.","A sequence of characters that defines a search pattern, used to describe regular languages.","A sequence of characters that defines a search pattern, used to describe regular languages.",B,Deterministic Finite Automaton (DFA): A finite automaton where for each state and input symbol there is exactly one transition to a next state.,निश्चयात्मक परिमित ऑटोमेटा (DFA): एक परिमित ऑटोमेटा जहां प्रत्येक स्थिति और इनपुट प्रतीक के लिए अगली स्थिति में बिल्कुल एक ही ट्रांज़िशन होता है.,Algorithms & Theory of Computation,एल्गोरिद्म एवं संगणना सिद्धांत,Automata Theory,ऑटोमेटा सिद्धांत,Medium,1,0.25
"An exam asks which concept would be selected when the requirement is: A finite automaton where for a given state and input, there can be multiple or zero possible next states.. Which concept fits best?",एक परीक्षा में आवश्यकता दी गई है: एक परिमित ऑटोमेटा जहां किसी दी गई स्थिति और इनपुट के लिए कई या शून्य संभावित अगली स्थितियां हो सकती हैं.। इसके लिए सबसे उपयुक्त concept कौन-सा है?,"A finite automaton where for a given state and input, there can be multiple or zero possible next states.","A finite automaton where for a given state and input, there can be multiple or zero possible next states.","A sequence of characters that defines a search pattern, used to describe regular languages.","A sequence of characters that defines a search pattern, used to describe regular languages.",A formal grammar where every production rule has a single non-terminal symbol on its left-hand side.,A formal grammar where every production rule has a single non-terminal symbol on its left-hand side.,"A finite automaton augmented with a stack, capable of recognizing context-free languages.","A finite automaton augmented with a stack, capable of recognizing context-free languages.",A,"Non-Deterministic Finite Automaton (NFA): A finite automaton where for a given state and input, there can be multiple or zero possible next states.",अनिश्चयात्मक परिमित ऑटोमेटा (NFA): एक परिमित ऑटोमेटा जहां किसी दी गई स्थिति और इनपुट के लिए कई या शून्य संभावित अगली स्थितियां हो सकती हैं.,Algorithms & Theory of Computation,एल्गोरिद्म एवं संगणना सिद्धांत,Automata Theory,ऑटोमेटा सिद्धांत,Hard,1,0.25
"A system designer needs the property described as: A finite automaton where for a given state and input, there can be multiple or zero possible next states.. Which concept is being used?",एक system designer को यह property चाहिए: एक परिमित ऑटोमेटा जहां किसी दी गई स्थिति और इनपुट के लिए कई या शून्य संभावित अगली स्थितियां हो सकती हैं.। कौन-सा concept उपयोग हो रहा है?,"A sequence of characters that defines a search pattern, used to describe regular languages.","A sequence of characters that defines a search pattern, used to describe regular languages.",A formal grammar where every production rule has a single non-terminal symbol on its left-hand side.,A formal grammar where every production rule has a single non-terminal symbol on its left-hand side.,"A finite automaton augmented with a stack, capable of recognizing context-free languages.","A finite automaton augmented with a stack, capable of recognizing context-free languages.","A finite automaton where for a given state and input, there can be multiple or zero possible next states.","A finite automaton where for a given state and input, there can be multiple or zero possible next states.",D,"Non-Deterministic Finite Automaton (NFA): A finite automaton where for a given state and input, there can be multiple or zero possible next states.",अनिश्चयात्मक परिमित ऑटोमेटा (NFA): एक परिमित ऑटोमेटा जहां किसी दी गई स्थिति और इनपुट के लिए कई या शून्य संभावित अगली स्थितियां हो सकती हैं.,Algorithms & Theory of Computation,एल्गोरिद्म एवं संगणना सिद्धांत,Automata Theory,ऑटोमेटा सिद्धांत,Hard,1,0.25
"Which concept should an engineer identify from this technical description: A finite automaton where for a given state and input, there can be multiple or zero possible next states.?",इस technical description से engineer को कौन-सा concept पहचानना चाहिए: एक परिमित ऑटोमेटा जहां किसी दी गई स्थिति और इनपुट के लिए कई या शून्य संभावित अगली स्थितियां हो सकती हैं.?,A formal grammar where every production rule has a single non-terminal symbol on its left-hand side.,A formal grammar where every production rule has a single non-terminal symbol on its left-hand side.,"A finite automaton augmented with a stack, capable of recognizing context-free languages.","A finite automaton augmented with a stack, capable of recognizing context-free languages.","A finite automaton where for a given state and input, there can be multiple or zero possible next states.","A finite automaton where for a given state and input, there can be multiple or zero possible next states.","A sequence of characters that defines a search pattern, used to describe regular languages.","A sequence of characters that defines a search pattern, used to describe regular languages.",C,"Non-Deterministic Finite Automaton (NFA): A finite automaton where for a given state and input, there can be multiple or zero possible next states.",अनिश्चयात्मक परिमित ऑटोमेटा (NFA): एक परिमित ऑटोमेटा जहां किसी दी गई स्थिति और इनपुट के लिए कई या शून्य संभावित अगली स्थितियां हो सकती हैं.,Algorithms & Theory of Computation,एल्गोरिद्म एवं संगणना सिद्धांत,Automata Theory,ऑटोमेटा सिद्धांत,Medium,1,0.25
"In a scenario where the following behavior is required — A finite automaton where for a given state and input, there can be multiple or zero possible next states. — which concept is appropriate?",जिस scenario में यह behavior चाहिए — एक परिमित ऑटोमेटा जहां किसी दी गई स्थिति और इनपुट के लिए कई या शून्य संभावित अगली स्थितियां हो सकती हैं. — वहाँ कौन-सा concept उपयुक्त है?,"A finite automaton augmented with a stack, capable of recognizing context-free languages.","A finite automaton augmented with a stack, capable of recognizing context-free languages.","A finite automaton where for a given state and input, there can be multiple or zero possible next states.","A finite automaton where for a given state and input, there can be multiple or zero possible next states.","A sequence of characters that defines a search pattern, used to describe regular languages.","A sequence of characters that defines a search pattern, used to describe regular languages.",A formal grammar where every production rule has a single non-terminal symbol on its left-hand side.,A formal grammar where every production rule has a single non-terminal symbol on its left-hand side.,B,"Non-Deterministic Finite Automaton (NFA): A finite automaton where for a given state and input, there can be multiple or zero possible next states.",अनिश्चयात्मक परिमित ऑटोमेटा (NFA): एक परिमित ऑटोमेटा जहां किसी दी गई स्थिति और इनपुट के लिए कई या शून्य संभावित अगली स्थितियां हो सकती हैं.,Algorithms & Theory of Computation,एल्गोरिद्म एवं संगणना सिद्धांत,Automata Theory,ऑटोमेटा सिद्धांत,Hard,1,0.25
"An exam asks which concept would be selected when the requirement is: A sequence of characters that defines a search pattern, used to describe regular languages.. Which concept fits best?","एक परीक्षा में आवश्यकता दी गई है: वर्णों का एक क्रम जो एक खोज पैटर्न को परिभाषित करता है, जिसका उपयोग नियमित भाषाओं का वर्णन करने के लिए किया जाता है.। इसके लिए सबसे उपयुक्त concept कौन-सा है?","A sequence of characters that defines a search pattern, used to describe regular languages.","A sequence of characters that defines a search pattern, used to describe regular languages.",A formal grammar where every production rule has a single non-terminal symbol on its left-hand side.,A formal grammar where every production rule has a single non-terminal symbol on its left-hand side.,"A finite automaton augmented with a stack, capable of recognizing context-free languages.","A finite automaton augmented with a stack, capable of recognizing context-free languages.",A theoretical computational model with an infinite tape that can simulate any computer algorithm.,A theoretical computational model with an infinite tape that can simulate any computer algorithm.,A,"Regular Expression: A sequence of characters that defines a search pattern, used to describe regular languages.","रेगुलर एक्सप्रेशन: वर्णों का एक क्रम जो एक खोज पैटर्न को परिभाषित करता है, जिसका उपयोग नियमित भाषाओं का वर्णन करने के लिए किया जाता है.",Algorithms & Theory of Computation,एल्गोरिद्म एवं संगणना सिद्धांत,Automata Theory,ऑटोमेटा सिद्धांत,Hard,1,0.25
"A system designer needs the property described as: A sequence of characters that defines a search pattern, used to describe regular languages.. Which concept is being used?","एक system designer को यह property चाहिए: वर्णों का एक क्रम जो एक खोज पैटर्न को परिभाषित करता है, जिसका उपयोग नियमित भाषाओं का वर्णन करने के लिए किया जाता है.। कौन-सा concept उपयोग हो रहा है?",A formal grammar where every production rule has a single non-terminal symbol on its left-hand side.,A formal grammar where every production rule has a single non-terminal symbol on its left-hand side.,"A finite automaton augmented with a stack, capable of recognizing context-free languages.","A finite automaton augmented with a stack, capable of recognizing context-free languages.",A theoretical computational model with an infinite tape that can simulate any computer algorithm.,A theoretical computational model with an infinite tape that can simulate any computer algorithm.,"A sequence of characters that defines a search pattern, used to describe regular languages.","A sequence of characters that defines a search pattern, used to describe regular languages.",D,"Regular Expression: A sequence of characters that defines a search pattern, used to describe regular languages.","रेगुलर एक्सप्रेशन: वर्णों का एक क्रम जो एक खोज पैटर्न को परिभाषित करता है, जिसका उपयोग नियमित भाषाओं का वर्णन करने के लिए किया जाता है.",Algorithms & Theory of Computation,एल्गोरिद्म एवं संगणना सिद्धांत,Automata Theory,ऑटोमेटा सिद्धांत,Medium,1,0.25
"Which concept should an engineer identify from this technical description: A sequence of characters that defines a search pattern, used to describe regular languages.?","इस technical description से engineer को कौन-सा concept पहचानना चाहिए: वर्णों का एक क्रम जो एक खोज पैटर्न को परिभाषित करता है, जिसका उपयोग नियमित भाषाओं का वर्णन करने के लिए किया जाता है.?","A finite automaton augmented with a stack, capable of recognizing context-free languages.","A finite automaton augmented with a stack, capable of recognizing context-free languages.",A theoretical computational model with an infinite tape that can simulate any computer algorithm.,A theoretical computational model with an infinite tape that can simulate any computer algorithm.,"A sequence of characters that defines a search pattern, used to describe regular languages.","A sequence of characters that defines a search pattern, used to describe regular languages.",A formal grammar where every production rule has a single non-terminal symbol on its left-hand side.,A formal grammar where every production rule has a single non-terminal symbol on its left-hand side.,C,"Regular Expression: A sequence of characters that defines a search pattern, used to describe regular languages.","रेगुलर एक्सप्रेशन: वर्णों का एक क्रम जो एक खोज पैटर्न को परिभाषित करता है, जिसका उपयोग नियमित भाषाओं का वर्णन करने के लिए किया जाता है.",Algorithms & Theory of Computation,एल्गोरिद्म एवं संगणना सिद्धांत,Automata Theory,ऑटोमेटा सिद्धांत,Hard,1,0.25
"In a scenario where the following behavior is required — A sequence of characters that defines a search pattern, used to describe regular languages. — which concept is appropriate?","जिस scenario में यह behavior चाहिए — वर्णों का एक क्रम जो एक खोज पैटर्न को परिभाषित करता है, जिसका उपयोग नियमित भाषाओं का वर्णन करने के लिए किया जाता है. — वहाँ कौन-सा concept उपयुक्त है?",A theoretical computational model with an infinite tape that can simulate any computer algorithm.,A theoretical computational model with an infinite tape that can simulate any computer algorithm.,"A sequence of characters that defines a search pattern, used to describe regular languages.","A sequence of characters that defines a search pattern, used to describe regular languages.",A formal grammar where every production rule has a single non-terminal symbol on its left-hand side.,A formal grammar where every production rule has a single non-terminal symbol on its left-hand side.,"A finite automaton augmented with a stack, capable of recognizing context-free languages.","A finite automaton augmented with a stack, capable of recognizing context-free languages.",B,"Regular Expression: A sequence of characters that defines a search pattern, used to describe regular languages.","रेगुलर एक्सप्रेशन: वर्णों का एक क्रम जो एक खोज पैटर्न को परिभाषित करता है, जिसका उपयोग नियमित भाषाओं का वर्णन करने के लिए किया जाता है.",Algorithms & Theory of Computation,एल्गोरिद्म एवं संगणना सिद्धांत,Automata Theory,ऑटोमेटा सिद्धांत,Hard,1,0.25
An exam asks which concept would be selected when the requirement is: A formal grammar where every production rule has a single non-terminal symbol on its left-hand side.. Which concept fits best?,एक परीक्षा में आवश्यकता दी गई है: एक औपचारिक व्याकरण जहां प्रत्येक उत्पादन नियम के बाईं ओर एक एकल गैर-टर्मिनल प्रतीक होता है.। इसके लिए सबसे उपयुक्त concept कौन-सा है?,A formal grammar where every production rule has a single non-terminal symbol on its left-hand side.,A formal grammar where every production rule has a single non-terminal symbol on its left-hand side.,"A finite automaton augmented with a stack, capable of recognizing context-free languages.","A finite automaton augmented with a stack, capable of recognizing context-free languages.",A theoretical computational model with an infinite tape that can simulate any computer algorithm.,A theoretical computational model with an infinite tape that can simulate any computer algorithm.,A language that can be expressed by a regular expression or accepted by a finite automaton.,A language that can be expressed by a regular expression or accepted by a finite automaton.,A,Context-Free Grammar (CFG): A formal grammar where every production rule has a single non-terminal symbol on its left-hand side.,संदर्भ-मुक्त व्याकरण (CFG): एक औपचारिक व्याकरण जहां प्रत्येक उत्पादन नियम के बाईं ओर एक एकल गैर-टर्मिनल प्रतीक होता है.,Algorithms & Theory of Computation,एल्गोरिद्म एवं संगणना सिद्धांत,Automata Theory,ऑटोमेटा सिद्धांत,Medium,1,0.25
A system designer needs the property described as: A formal grammar where every production rule has a single non-terminal symbol on its left-hand side.. Which concept is being used?,एक system designer को यह property चाहिए: एक औपचारिक व्याकरण जहां प्रत्येक उत्पादन नियम के बाईं ओर एक एकल गैर-टर्मिनल प्रतीक होता है.। कौन-सा concept उपयोग हो रहा है?,"A finite automaton augmented with a stack, capable of recognizing context-free languages.","A finite automaton augmented with a stack, capable of recognizing context-free languages.",A theoretical computational model with an infinite tape that can simulate any computer algorithm.,A theoretical computational model with an infinite tape that can simulate any computer algorithm.,A language that can be expressed by a regular expression or accepted by a finite automaton.,A language that can be expressed by a regular expression or accepted by a finite automaton.,A formal grammar where every production rule has a single non-terminal symbol on its left-hand side.,A formal grammar where every production rule has a single non-terminal symbol on its left-hand side.,D,Context-Free Grammar (CFG): A formal grammar where every production rule has a single non-terminal symbol on its left-hand side.,संदर्भ-मुक्त व्याकरण (CFG): एक औपचारिक व्याकरण जहां प्रत्येक उत्पादन नियम के बाईं ओर एक एकल गैर-टर्मिनल प्रतीक होता है.,Algorithms & Theory of Computation,एल्गोरिद्म एवं संगणना सिद्धांत,Automata Theory,ऑटोमेटा सिद्धांत,Hard,1,0.25
Which concept should an engineer identify from this technical description: A formal grammar where every production rule has a single non-terminal symbol on its left-hand side.?,इस technical description से engineer को कौन-सा concept पहचानना चाहिए: एक औपचारिक व्याकरण जहां प्रत्येक उत्पादन नियम के बाईं ओर एक एकल गैर-टर्मिनल प्रतीक होता है.?,A theoretical computational model with an infinite tape that can simulate any computer algorithm.,A theoretical computational model with an infinite tape that can simulate any computer algorithm.,A language that can be expressed by a regular expression or accepted by a finite automaton.,A language that can be expressed by a regular expression or accepted by a finite automaton.,A formal grammar where every production rule has a single non-terminal symbol on its left-hand side.,A formal grammar where every production rule has a single non-terminal symbol on its left-hand side.,"A finite automaton augmented with a stack, capable of recognizing context-free languages.","A finite automaton augmented with a stack, capable of recognizing context-free languages.",C,Context-Free Grammar (CFG): A formal grammar where every production rule has a single non-terminal symbol on its left-hand side.,संदर्भ-मुक्त व्याकरण (CFG): एक औपचारिक व्याकरण जहां प्रत्येक उत्पादन नियम के बाईं ओर एक एकल गैर-टर्मिनल प्रतीक होता है.,Algorithms & Theory of Computation,एल्गोरिद्म एवं संगणना सिद्धांत,Automata Theory,ऑटोमेटा सिद्धांत,Hard,1,0.25
In a scenario where the following behavior is required — A formal grammar where every production rule has a single non-terminal symbol on its left-hand side. — which concept is appropriate?,जिस scenario में यह behavior चाहिए — एक औपचारिक व्याकरण जहां प्रत्येक उत्पादन नियम के बाईं ओर एक एकल गैर-टर्मिनल प्रतीक होता है. — वहाँ कौन-सा concept उपयुक्त है?,A language that can be expressed by a regular expression or accepted by a finite automaton.,A language that can be expressed by a regular expression or accepted by a finite automaton.,A formal grammar where every production rule has a single non-terminal symbol on its left-hand side.,A formal grammar where every production rule has a single non-terminal symbol on its left-hand side.,"A finite automaton augmented with a stack, capable of recognizing context-free languages.","A finite automaton augmented with a stack, capable of recognizing context-free languages.",A theoretical computational model with an infinite tape that can simulate any computer algorithm.,A theoretical computational model with an infinite tape that can simulate any computer algorithm.,B,Context-Free Grammar (CFG): A formal grammar where every production rule has a single non-terminal symbol on its left-hand side.,संदर्भ-मुक्त व्याकरण (CFG): एक औपचारिक व्याकरण जहां प्रत्येक उत्पादन नियम के बाईं ओर एक एकल गैर-टर्मिनल प्रतीक होता है.,Algorithms & Theory of Computation,एल्गोरिद्म एवं संगणना सिद्धांत,Automata Theory,ऑटोमेटा सिद्धांत,Medium,1,0.25
"An exam asks which concept would be selected when the requirement is: A finite automaton augmented with a stack, capable of recognizing context-free languages.. Which concept fits best?","एक परीक्षा में आवश्यकता दी गई है: एक स्टैक से युक्त परिमित ऑटोमेटा, जो संदर्भ-मुक्त भाषाओं को पहचानने में सक्षम है.। इसके लिए सबसे उपयुक्त concept कौन-सा है?","A finite automaton augmented with a stack, capable of recognizing context-free languages.","A finite automaton augmented with a stack, capable of recognizing context-free languages.",A theoretical computational model with an infinite tape that can simulate any computer algorithm.,A theoretical computational model with an infinite tape that can simulate any computer algorithm.,A language that can be expressed by a regular expression or accepted by a finite automaton.,A language that can be expressed by a regular expression or accepted by a finite automaton.,A finite automaton where for each state and input symbol there is exactly one transition to a next state.,A finite automaton where for each state and input symbol there is exactly one transition to a next state.,A,"Pushdown Automaton (PDA): A finite automaton augmented with a stack, capable of recognizing context-free languages.","पुशडाउन ऑटोमेटा (PDA): एक स्टैक से युक्त परिमित ऑटोमेटा, जो संदर्भ-मुक्त भाषाओं को पहचानने में सक्षम है.",Algorithms & Theory of Computation,एल्गोरिद्म एवं संगणना सिद्धांत,Automata Theory,ऑटोमेटा सिद्धांत,Hard,1,0.25
"A system designer needs the property described as: A finite automaton augmented with a stack, capable of recognizing context-free languages.. Which concept is being used?","एक system designer को यह property चाहिए: एक स्टैक से युक्त परिमित ऑटोमेटा, जो संदर्भ-मुक्त भाषाओं को पहचानने में सक्षम है.। कौन-सा concept उपयोग हो रहा है?",A theoretical computational model with an infinite tape that can simulate any computer algorithm.,A theoretical computational model with an infinite tape that can simulate any computer algorithm.,A language that can be expressed by a regular expression or accepted by a finite automaton.,A language that can be expressed by a regular expression or accepted by a finite automaton.,A finite automaton where for each state and input symbol there is exactly one transition to a next state.,A finite automaton where for each state and input symbol there is exactly one transition to a next state.,"A finite automaton augmented with a stack, capable of recognizing context-free languages.","A finite automaton augmented with a stack, capable of recognizing context-free languages.",D,"Pushdown Automaton (PDA): A finite automaton augmented with a stack, capable of recognizing context-free languages.","पुशडाउन ऑटोमेटा (PDA): एक स्टैक से युक्त परिमित ऑटोमेटा, जो संदर्भ-मुक्त भाषाओं को पहचानने में सक्षम है.",Algorithms & Theory of Computation,एल्गोरिद्म एवं संगणना सिद्धांत,Automata Theory,ऑटोमेटा सिद्धांत,Hard,1,0.25
"Which concept should an engineer identify from this technical description: A finite automaton augmented with a stack, capable of recognizing context-free languages.?","इस technical description से engineer को कौन-सा concept पहचानना चाहिए: एक स्टैक से युक्त परिमित ऑटोमेटा, जो संदर्भ-मुक्त भाषाओं को पहचानने में सक्षम है.?",A language that can be expressed by a regular expression or accepted by a finite automaton.,A language that can be expressed by a regular expression or accepted by a finite automaton.,A finite automaton where for each state and input symbol there is exactly one transition to a next state.,A finite automaton where for each state and input symbol there is exactly one transition to a next state.,"A finite automaton augmented with a stack, capable of recognizing context-free languages.","A finite automaton augmented with a stack, capable of recognizing context-free languages.",A theoretical computational model with an infinite tape that can simulate any computer algorithm.,A theoretical computational model with an infinite tape that can simulate any computer algorithm.,C,"Pushdown Automaton (PDA): A finite automaton augmented with a stack, capable of recognizing context-free languages.","पुशडाउन ऑटोमेटा (PDA): एक स्टैक से युक्त परिमित ऑटोमेटा, जो संदर्भ-मुक्त भाषाओं को पहचानने में सक्षम है.",Algorithms & Theory of Computation,एल्गोरिद्म एवं संगणना सिद्धांत,Automata Theory,ऑटोमेटा सिद्धांत,Medium,1,0.25
"In a scenario where the following behavior is required — A finite automaton augmented with a stack, capable of recognizing context-free languages. — which concept is appropriate?","जिस scenario में यह behavior चाहिए — एक स्टैक से युक्त परिमित ऑटोमेटा, जो संदर्भ-मुक्त भाषाओं को पहचानने में सक्षम है. — वहाँ कौन-सा concept उपयुक्त है?",A finite automaton where for each state and input symbol there is exactly one transition to a next state.,A finite automaton where for each state and input symbol there is exactly one transition to a next state.,"A finite automaton augmented with a stack, capable of recognizing context-free languages.","A finite automaton augmented with a stack, capable of recognizing context-free languages.",A theoretical computational model with an infinite tape that can simulate any computer algorithm.,A theoretical computational model with an infinite tape that can simulate any computer algorithm.,A language that can be expressed by a regular expression or accepted by a finite automaton.,A language that can be expressed by a regular expression or accepted by a finite automaton.,B,"Pushdown Automaton (PDA): A finite automaton augmented with a stack, capable of recognizing context-free languages.","पुशडाउन ऑटोमेटा (PDA): एक स्टैक से युक्त परिमित ऑटोमेटा, जो संदर्भ-मुक्त भाषाओं को पहचानने में सक्षम है.",Algorithms & Theory of Computation,एल्गोरिद्म एवं संगणना सिद्धांत,Automata Theory,ऑटोमेटा सिद्धांत,Hard,1,0.25
An exam asks which concept would be selected when the requirement is: A theoretical computational model with an infinite tape that can simulate any computer algorithm.. Which concept fits best?,एक परीक्षा में आवश्यकता दी गई है: एक सैद्धांतिक गणना मॉडल जिसमें एक अनंत टेप होता है जो किसी भी कंप्यूटर एल्गोरिथ्म का अनुकरण कर सकता है.। इसके लिए सबसे उपयुक्त concept कौन-सा है?,A theoretical computational model with an infinite tape that can simulate any computer algorithm.,A theoretical computational model with an infinite tape that can simulate any computer algorithm.,A language that can be expressed by a regular expression or accepted by a finite automaton.,A language that can be expressed by a regular expression or accepted by a finite automaton.,A finite automaton where for each state and input symbol there is exactly one transition to a next state.,A finite automaton where for each state and input symbol there is exactly one transition to a next state.,"A finite automaton where for a given state and input, there can be multiple or zero possible next states.","A finite automaton where for a given state and input, there can be multiple or zero possible next states.",A,Turing Machine: A theoretical computational model with an infinite tape that can simulate any computer algorithm.,ट्यूरिंग मशीन: एक सैद्धांतिक गणना मॉडल जिसमें एक अनंत टेप होता है जो किसी भी कंप्यूटर एल्गोरिथ्म का अनुकरण कर सकता है.,Algorithms & Theory of Computation,एल्गोरिद्म एवं संगणना सिद्धांत,Automata Theory,ऑटोमेटा सिद्धांत,Hard,1,0.25
A system designer needs the property described as: A theoretical computational model with an infinite tape that can simulate any computer algorithm.. Which concept is being used?,एक system designer को यह property चाहिए: एक सैद्धांतिक गणना मॉडल जिसमें एक अनंत टेप होता है जो किसी भी कंप्यूटर एल्गोरिथ्म का अनुकरण कर सकता है.। कौन-सा concept उपयोग हो रहा है?,A language that can be expressed by a regular expression or accepted by a finite automaton.,A language that can be expressed by a regular expression or accepted by a finite automaton.,A finite automaton where for each state and input symbol there is exactly one transition to a next state.,A finite automaton where for each state and input symbol there is exactly one transition to a next state.,"A finite automaton where for a given state and input, there can be multiple or zero possible next states.","A finite automaton where for a given state and input, there can be multiple or zero possible next states.",A theoretical computational model with an infinite tape that can simulate any computer algorithm.,A theoretical computational model with an infinite tape that can simulate any computer algorithm.,D,Turing Machine: A theoretical computational model with an infinite tape that can simulate any computer algorithm.,ट्यूरिंग मशीन: एक सैद्धांतिक गणना मॉडल जिसमें एक अनंत टेप होता है जो किसी भी कंप्यूटर एल्गोरिथ्म का अनुकरण कर सकता है.,Algorithms & Theory of Computation,एल्गोरिद्म एवं संगणना सिद्धांत,Automata Theory,ऑटोमेटा सिद्धांत,Medium,1,0.25
Which concept should an engineer identify from this technical description: A theoretical computational model with an infinite tape that can simulate any computer algorithm.?,इस technical description से engineer को कौन-सा concept पहचानना चाहिए: एक सैद्धांतिक गणना मॉडल जिसमें एक अनंत टेप होता है जो किसी भी कंप्यूटर एल्गोरिथ्म का अनुकरण कर सकता है.?,A finite automaton where for each state and input symbol there is exactly one transition to a next state.,A finite automaton where for each state and input symbol there is exactly one transition to a next state.,"A finite automaton where for a given state and input, there can be multiple or zero possible next states.","A finite automaton where for a given state and input, there can be multiple or zero possible next states.",A theoretical computational model with an infinite tape that can simulate any computer algorithm.,A theoretical computational model with an infinite tape that can simulate any computer algorithm.,A language that can be expressed by a regular expression or accepted by a finite automaton.,A language that can be expressed by a regular expression or accepted by a finite automaton.,C,Turing Machine: A theoretical computational model with an infinite tape that can simulate any computer algorithm.,ट्यूरिंग मशीन: एक सैद्धांतिक गणना मॉडल जिसमें एक अनंत टेप होता है जो किसी भी कंप्यूटर एल्गोरिथ्म का अनुकरण कर सकता है.,Algorithms & Theory of Computation,एल्गोरिद्म एवं संगणना सिद्धांत,Automata Theory,ऑटोमेटा सिद्धांत,Hard,1,0.25
In a scenario where the following behavior is required — A theoretical computational model with an infinite tape that can simulate any computer algorithm. — which concept is appropriate?,जिस scenario में यह behavior चाहिए — एक सैद्धांतिक गणना मॉडल जिसमें एक अनंत टेप होता है जो किसी भी कंप्यूटर एल्गोरिथ्म का अनुकरण कर सकता है. — वहाँ कौन-सा concept उपयुक्त है?,"A finite automaton where for a given state and input, there can be multiple or zero possible next states.","A finite automaton where for a given state and input, there can be multiple or zero possible next states.",A theoretical computational model with an infinite tape that can simulate any computer algorithm.,A theoretical computational model with an infinite tape that can simulate any computer algorithm.,A language that can be expressed by a regular expression or accepted by a finite automaton.,A language that can be expressed by a regular expression or accepted by a finite automaton.,A finite automaton where for each state and input symbol there is exactly one transition to a next state.,A finite automaton where for each state and input symbol there is exactly one transition to a next state.,B,Turing Machine: A theoretical computational model with an infinite tape that can simulate any computer algorithm.,ट्यूरिंग मशीन: एक सैद्धांतिक गणना मॉडल जिसमें एक अनंत टेप होता है जो किसी भी कंप्यूटर एल्गोरिथ्म का अनुकरण कर सकता है.,Algorithms & Theory of Computation,एल्गोरिद्म एवं संगणना सिद्धांत,Automata Theory,ऑटोमेटा सिद्धांत,Hard,1,0.25
An exam asks which concept would be selected when the requirement is: A language that can be expressed by a regular expression or accepted by a finite automaton.. Which concept fits best?,एक परीक्षा में आवश्यकता दी गई है: एक भाषा जिसे रेगुलर एक्सप्रेशन द्वारा व्यक्त किया जा सकता है या परिमित ऑटोमेटा द्वारा स्वीकार किया जा सकता है.। इसके लिए सबसे उपयुक्त concept कौन-सा है?,A language that can be expressed by a regular expression or accepted by a finite automaton.,A language that can be expressed by a regular expression or accepted by a finite automaton.,A finite automaton where for each state and input symbol there is exactly one transition to a next state.,A finite automaton where for each state and input symbol there is exactly one transition to a next state.,"A finite automaton where for a given state and input, there can be multiple or zero possible next states.","A finite automaton where for a given state and input, there can be multiple or zero possible next states.","A sequence of characters that defines a search pattern, used to describe regular languages.","A sequence of characters that defines a search pattern, used to describe regular languages.",A,Regular Language: A language that can be expressed by a regular expression or accepted by a finite automaton.,नियमित भाषा (Regular Language): एक भाषा जिसे रेगुलर एक्सप्रेशन द्वारा व्यक्त किया जा सकता है या परिमित ऑटोमेटा द्वारा स्वीकार किया जा सकता है.,Algorithms & Theory of Computation,एल्गोरिद्म एवं संगणना सिद्धांत,Automata Theory,ऑटोमेटा सिद्धांत,Medium,1,0.25
A system designer needs the property described as: A language that can be expressed by a regular expression or accepted by a finite automaton.. Which concept is being used?,एक system designer को यह property चाहिए: एक भाषा जिसे रेगुलर एक्सप्रेशन द्वारा व्यक्त किया जा सकता है या परिमित ऑटोमेटा द्वारा स्वीकार किया जा सकता है.। कौन-सा concept उपयोग हो रहा है?,A finite automaton where for each state and input symbol there is exactly one transition to a next state.,A finite automaton where for each state and input symbol there is exactly one transition to a next state.,"A finite automaton where for a given state and input, there can be multiple or zero possible next states.","A finite automaton where for a given state and input, there can be multiple or zero possible next states.","A sequence of characters that defines a search pattern, used to describe regular languages.","A sequence of characters that defines a search pattern, used to describe regular languages.",A language that can be expressed by a regular expression or accepted by a finite automaton.,A language that can be expressed by a regular expression or accepted by a finite automaton.,D,Regular Language: A language that can be expressed by a regular expression or accepted by a finite automaton.,नियमित भाषा (Regular Language): एक भाषा जिसे रेगुलर एक्सप्रेशन द्वारा व्यक्त किया जा सकता है या परिमित ऑटोमेटा द्वारा स्वीकार किया जा सकता है.,Algorithms & Theory of Computation,एल्गोरिद्म एवं संगणना सिद्धांत,Automata Theory,ऑटोमेटा सिद्धांत,Hard,1,0.25
Which concept should an engineer identify from this technical description: A language that can be expressed by a regular expression or accepted by a finite automaton.?,इस technical description से engineer को कौन-सा concept पहचानना चाहिए: एक भाषा जिसे रेगुलर एक्सप्रेशन द्वारा व्यक्त किया जा सकता है या परिमित ऑटोमेटा द्वारा स्वीकार किया जा सकता है.?,"A finite automaton where for a given state and input, there can be multiple or zero possible next states.","A finite automaton where for a given state and input, there can be multiple or zero possible next states.","A sequence of characters that defines a search pattern, used to describe regular languages.","A sequence of characters that defines a search pattern, used to describe regular languages.",A language that can be expressed by a regular expression or accepted by a finite automaton.,A language that can be expressed by a regular expression or accepted by a finite automaton.,A finite automaton where for each state and input symbol there is exactly one transition to a next state.,A finite automaton where for each state and input symbol there is exactly one transition to a next state.,C,Regular Language: A language that can be expressed by a regular expression or accepted by a finite automaton.,नियमित भाषा (Regular Language): एक भाषा जिसे रेगुलर एक्सप्रेशन द्वारा व्यक्त किया जा सकता है या परिमित ऑटोमेटा द्वारा स्वीकार किया जा सकता है.,Algorithms & Theory of Computation,एल्गोरिद्म एवं संगणना सिद्धांत,Automata Theory,ऑटोमेटा सिद्धांत,Hard,1,0.25
In a scenario where the following behavior is required — A language that can be expressed by a regular expression or accepted by a finite automaton. — which concept is appropriate?,जिस scenario में यह behavior चाहिए — एक भाषा जिसे रेगुलर एक्सप्रेशन द्वारा व्यक्त किया जा सकता है या परिमित ऑटोमेटा द्वारा स्वीकार किया जा सकता है. — वहाँ कौन-सा concept उपयुक्त है?,"A sequence of characters that defines a search pattern, used to describe regular languages.","A sequence of characters that defines a search pattern, used to describe regular languages.",A language that can be expressed by a regular expression or accepted by a finite automaton.,A language that can be expressed by a regular expression or accepted by a finite automaton.,A finite automaton where for each state and input symbol there is exactly one transition to a next state.,A finite automaton where for each state and input symbol there is exactly one transition to a next state.,"A finite automaton where for a given state and input, there can be multiple or zero possible next states.","A finite automaton where for a given state and input, there can be multiple or zero possible next states.",B,Regular Language: A language that can be expressed by a regular expression or accepted by a finite automaton.,नियमित भाषा (Regular Language): एक भाषा जिसे रेगुलर एक्सप्रेशन द्वारा व्यक्त किया जा सकता है या परिमित ऑटोमेटा द्वारा स्वीकार किया जा सकता है.,Algorithms & Theory of Computation,एल्गोरिद्म एवं संगणना सिद्धांत,Automata Theory,ऑटोमेटा सिद्धांत,Medium,1,0.25
An exam asks which concept would be selected when the requirement is: The first phase of a compiler that converts a sequence of characters into a sequence of tokens.. Which concept fits best?,एक परीक्षा में आवश्यकता दी गई है: कंपाइलर का पहला चरण जो वर्णों के अनुक्रम को टोकनों के अनुक्रम में परिवर्तित करता है.। इसके लिए सबसे उपयुक्त concept कौन-सा है?,The first phase of a compiler that converts a sequence of characters into a sequence of tokens.,The first phase of a compiler that converts a sequence of characters into a sequence of tokens.,The phase that analyzes the token stream against the grammar rules and builds a parse tree.,The phase that analyzes the token stream against the grammar rules and builds a parse tree.,"The phase that checks for semantic consistency, such as type checking, based on the language rules.","The phase that checks for semantic consistency, such as type checking, based on the language rules.","The phase that translates the source code into an intermediate representation, independent of the target machine.","The phase that translates the source code into an intermediate representation, independent of the target machine.",A,Lexical Analysis: The first phase of a compiler that converts a sequence of characters into a sequence of tokens.,लेक्सिकल विश्लेषण: कंपाइलर का पहला चरण जो वर्णों के अनुक्रम को टोकनों के अनुक्रम में परिवर्तित करता है.,Operating Systems & Compiler Design,ऑपरेटिंग सिस्टम एवं कंपाइलर डिज़ाइन,Compiler Design,कंपाइलर डिज़ाइन,Medium,1,0.25
A system designer needs the property described as: The first phase of a compiler that converts a sequence of characters into a sequence of tokens.. Which concept is being used?,एक system designer को यह property चाहिए: कंपाइलर का पहला चरण जो वर्णों के अनुक्रम को टोकनों के अनुक्रम में परिवर्तित करता है.। कौन-सा concept उपयोग हो रहा है?,The phase that analyzes the token stream against the grammar rules and builds a parse tree.,The phase that analyzes the token stream against the grammar rules and builds a parse tree.,"The phase that checks for semantic consistency, such as type checking, based on the language rules.","The phase that checks for semantic consistency, such as type checking, based on the language rules.","The phase that translates the source code into an intermediate representation, independent of the target machine.","The phase that translates the source code into an intermediate representation, independent of the target machine.",The first phase of a compiler that converts a sequence of characters into a sequence of tokens.,The first phase of a compiler that converts a sequence of characters into a sequence of tokens.,D,Lexical Analysis: The first phase of a compiler that converts a sequence of characters into a sequence of tokens.,लेक्सिकल विश्लेषण: कंपाइलर का पहला चरण जो वर्णों के अनुक्रम को टोकनों के अनुक्रम में परिवर्तित करता है.,Operating Systems & Compiler Design,ऑपरेटिंग सिस्टम एवं कंपाइलर डिज़ाइन,Compiler Design,कंपाइलर डिज़ाइन,Hard,1,0.25
Which concept should an engineer identify from this technical description: The first phase of a compiler that converts a sequence of characters into a sequence of tokens.?,इस technical description से engineer को कौन-सा concept पहचानना चाहिए: कंपाइलर का पहला चरण जो वर्णों के अनुक्रम को टोकनों के अनुक्रम में परिवर्तित करता है.?,"The phase that checks for semantic consistency, such as type checking, based on the language rules.","The phase that checks for semantic consistency, such as type checking, based on the language rules.","The phase that translates the source code into an intermediate representation, independent of the target machine.","The phase that translates the source code into an intermediate representation, independent of the target machine.",The first phase of a compiler that converts a sequence of characters into a sequence of tokens.,The first phase of a compiler that converts a sequence of characters into a sequence of tokens.,The phase that analyzes the token stream against the grammar rules and builds a parse tree.,The phase that analyzes the token stream against the grammar rules and builds a parse tree.,C,Lexical Analysis: The first phase of a compiler that converts a sequence of characters into a sequence of tokens.,लेक्सिकल विश्लेषण: कंपाइलर का पहला चरण जो वर्णों के अनुक्रम को टोकनों के अनुक्रम में परिवर्तित करता है.,Operating Systems & Compiler Design,ऑपरेटिंग सिस्टम एवं कंपाइलर डिज़ाइन,Compiler Design,कंपाइलर डिज़ाइन,Hard,1,0.25
In a scenario where the following behavior is required — The first phase of a compiler that converts a sequence of characters into a sequence of tokens. — which concept is appropriate?,जिस scenario में यह behavior चाहिए — कंपाइलर का पहला चरण जो वर्णों के अनुक्रम को टोकनों के अनुक्रम में परिवर्तित करता है. — वहाँ कौन-सा concept उपयुक्त है?,"The phase that translates the source code into an intermediate representation, independent of the target machine.","The phase that translates the source code into an intermediate representation, independent of the target machine.",The first phase of a compiler that converts a sequence of characters into a sequence of tokens.,The first phase of a compiler that converts a sequence of characters into a sequence of tokens.,The phase that analyzes the token stream against the grammar rules and builds a parse tree.,The phase that analyzes the token stream against the grammar rules and builds a parse tree.,"The phase that checks for semantic consistency, such as type checking, based on the language rules.","The phase that checks for semantic consistency, such as type checking, based on the language rules.",B,Lexical Analysis: The first phase of a compiler that converts a sequence of characters into a sequence of tokens.,लेक्सिकल विश्लेषण: कंपाइलर का पहला चरण जो वर्णों के अनुक्रम को टोकनों के अनुक्रम में परिवर्तित करता है.,Operating Systems & Compiler Design,ऑपरेटिंग सिस्टम एवं कंपाइलर डिज़ाइन,Compiler Design,कंपाइलर डिज़ाइन,Medium,1,0.25
An exam asks which concept would be selected when the requirement is: The phase that analyzes the token stream against the grammar rules and builds a parse tree.. Which concept fits best?,एक परीक्षा में आवश्यकता दी गई है: वह चरण जो टोकन स्ट्रीम का व्याकरण नियमों के विरुद्ध विश्लेषण करता है और एक पार्स ट्री बनाता है.। इसके लिए सबसे उपयुक्त concept कौन-सा है?,The phase that analyzes the token stream against the grammar rules and builds a parse tree.,The phase that analyzes the token stream against the grammar rules and builds a parse tree.,"The phase that checks for semantic consistency, such as type checking, based on the language rules.","The phase that checks for semantic consistency, such as type checking, based on the language rules.","The phase that translates the source code into an intermediate representation, independent of the target machine.","The phase that translates the source code into an intermediate representation, independent of the target machine.",The phase that improves the intermediate code to make it run faster or use fewer resources without changing its meaning.,The phase that improves the intermediate code to make it run faster or use fewer resources without changing its meaning.,A,Syntax Analysis (Parsing): The phase that analyzes the token stream against the grammar rules and builds a parse tree.,सिंटैक्स विश्लेषण (पार्सिंग): वह चरण जो टोकन स्ट्रीम का व्याकरण नियमों के विरुद्ध विश्लेषण करता है और एक पार्स ट्री बनाता है.,Operating Systems & Compiler Design,ऑपरेटिंग सिस्टम एवं कंपाइलर डिज़ाइन,Compiler Design,कंपाइलर डिज़ाइन,Hard,1,0.25
A system designer needs the property described as: The phase that analyzes the token stream against the grammar rules and builds a parse tree.. Which concept is being used?,एक system designer को यह property चाहिए: वह चरण जो टोकन स्ट्रीम का व्याकरण नियमों के विरुद्ध विश्लेषण करता है और एक पार्स ट्री बनाता है.। कौन-सा concept उपयोग हो रहा है?,"The phase that checks for semantic consistency, such as type checking, based on the language rules.","The phase that checks for semantic consistency, such as type checking, based on the language rules.","The phase that translates the source code into an intermediate representation, independent of the target machine.","The phase that translates the source code into an intermediate representation, independent of the target machine.",The phase that improves the intermediate code to make it run faster or use fewer resources without changing its meaning.,The phase that improves the intermediate code to make it run faster or use fewer resources without changing its meaning.,The phase that analyzes the token stream against the grammar rules and builds a parse tree.,The phase that analyzes the token stream against the grammar rules and builds a parse tree.,D,Syntax Analysis (Parsing): The phase that analyzes the token stream against the grammar rules and builds a parse tree.,सिंटैक्स विश्लेषण (पार्सिंग): वह चरण जो टोकन स्ट्रीम का व्याकरण नियमों के विरुद्ध विश्लेषण करता है और एक पार्स ट्री बनाता है.,Operating Systems & Compiler Design,ऑपरेटिंग सिस्टम एवं कंपाइलर डिज़ाइन,Compiler Design,कंपाइलर डिज़ाइन,Hard,1,0.25
Which concept should an engineer identify from this technical description: The phase that analyzes the token stream against the grammar rules and builds a parse tree.?,इस technical description से engineer को कौन-सा concept पहचानना चाहिए: वह चरण जो टोकन स्ट्रीम का व्याकरण नियमों के विरुद्ध विश्लेषण करता है और एक पार्स ट्री बनाता है.?,"The phase that translates the source code into an intermediate representation, independent of the target machine.","The phase that translates the source code into an intermediate representation, independent of the target machine.",The phase that improves the intermediate code to make it run faster or use fewer resources without changing its meaning.,The phase that improves the intermediate code to make it run faster or use fewer resources without changing its meaning.,The phase that analyzes the token stream against the grammar rules and builds a parse tree.,The phase that analyzes the token stream against the grammar rules and builds a parse tree.,"The phase that checks for semantic consistency, such as type checking, based on the language rules.","The phase that checks for semantic consistency, such as type checking, based on the language rules.",C,Syntax Analysis (Parsing): The phase that analyzes the token stream against the grammar rules and builds a parse tree.,सिंटैक्स विश्लेषण (पार्सिंग): वह चरण जो टोकन स्ट्रीम का व्याकरण नियमों के विरुद्ध विश्लेषण करता है और एक पार्स ट्री बनाता है.,Operating Systems & Compiler Design,ऑपरेटिंग सिस्टम एवं कंपाइलर डिज़ाइन,Compiler Design,कंपाइलर डिज़ाइन,Medium,1,0.25
In a scenario where the following behavior is required — The phase that analyzes the token stream against the grammar rules and builds a parse tree. — which concept is appropriate?,जिस scenario में यह behavior चाहिए — वह चरण जो टोकन स्ट्रीम का व्याकरण नियमों के विरुद्ध विश्लेषण करता है और एक पार्स ट्री बनाता है. — वहाँ कौन-सा concept उपयुक्त है?,The phase that improves the intermediate code to make it run faster or use fewer resources without changing its meaning.,The phase that improves the intermediate code to make it run faster or use fewer resources without changing its meaning.,The phase that analyzes the token stream against the grammar rules and builds a parse tree.,The phase that analyzes the token stream against the grammar rules and builds a parse tree.,"The phase that checks for semantic consistency, such as type checking, based on the language rules.","The phase that checks for semantic consistency, such as type checking, based on the language rules.","The phase that translates the source code into an intermediate representation, independent of the target machine.","The phase that translates the source code into an intermediate representation, independent of the target machine.",B,Syntax Analysis (Parsing): The phase that analyzes the token stream against the grammar rules and builds a parse tree.,सिंटैक्स विश्लेषण (पार्सिंग): वह चरण जो टोकन स्ट्रीम का व्याकरण नियमों के विरुद्ध विश्लेषण करता है और एक पार्स ट्री बनाता है.,Operating Systems & Compiler Design,ऑपरेटिंग सिस्टम एवं कंपाइलर डिज़ाइन,Compiler Design,कंपाइलर डिज़ाइन,Hard,1,0.25
"An exam asks which concept would be selected when the requirement is: The phase that checks for semantic consistency, such as type checking, based on the language rules.. Which concept fits best?","एक परीक्षा में आवश्यकता दी गई है: वह चरण जो भाषा के नियमों के आधार पर सिमेंटिक स्थिरता की जांच करता है, जैसे टाइप चेकिंग.। इसके लिए सबसे उपयुक्त concept कौन-सा है?","The phase that checks for semantic consistency, such as type checking, based on the language rules.","The phase that checks for semantic consistency, such as type checking, based on the language rules.","The phase that translates the source code into an intermediate representation, independent of the target machine.","The phase that translates the source code into an intermediate representation, independent of the target machine.",The phase that improves the intermediate code to make it run faster or use fewer resources without changing its meaning.,The phase that improves the intermediate code to make it run faster or use fewer resources without changing its meaning.,The final phase that converts the optimized intermediate code into target machine code.,The final phase that converts the optimized intermediate code into target machine code.,A,"Semantic Analysis: The phase that checks for semantic consistency, such as type checking, based on the language rules.","सिमेंटिक विश्लेषण: वह चरण जो भाषा के नियमों के आधार पर सिमेंटिक स्थिरता की जांच करता है, जैसे टाइप चेकिंग.",Operating Systems & Compiler Design,ऑपरेटिंग सिस्टम एवं कंपाइलर डिज़ाइन,Compiler Design,कंपाइलर डिज़ाइन,Hard,1,0.25
"A system designer needs the property described as: The phase that checks for semantic consistency, such as type checking, based on the language rules.. Which concept is being used?","एक system designer को यह property चाहिए: वह चरण जो भाषा के नियमों के आधार पर सिमेंटिक स्थिरता की जांच करता है, जैसे टाइप चेकिंग.। कौन-सा concept उपयोग हो रहा है?","The phase that translates the source code into an intermediate representation, independent of the target machine.","The phase that translates the source code into an intermediate representation, independent of the target machine.",The phase that improves the intermediate code to make it run faster or use fewer resources without changing its meaning.,The phase that improves the intermediate code to make it run faster or use fewer resources without changing its meaning.,The final phase that converts the optimized intermediate code into target machine code.,The final phase that converts the optimized intermediate code into target machine code.,"The phase that checks for semantic consistency, such as type checking, based on the language rules.","The phase that checks for semantic consistency, such as type checking, based on the language rules.",D,"Semantic Analysis: The phase that checks for semantic consistency, such as type checking, based on the language rules.","सिमेंटिक विश्लेषण: वह चरण जो भाषा के नियमों के आधार पर सिमेंटिक स्थिरता की जांच करता है, जैसे टाइप चेकिंग.",Operating Systems & Compiler Design,ऑपरेटिंग सिस्टम एवं कंपाइलर डिज़ाइन,Compiler Design,कंपाइलर डिज़ाइन,Medium,1,0.25
"Which concept should an engineer identify from this technical description: The phase that checks for semantic consistency, such as type checking, based on the language rules.?","इस technical description से engineer को कौन-सा concept पहचानना चाहिए: वह चरण जो भाषा के नियमों के आधार पर सिमेंटिक स्थिरता की जांच करता है, जैसे टाइप चेकिंग.?",The phase that improves the intermediate code to make it run faster or use fewer resources without changing its meaning.,The phase that improves the intermediate code to make it run faster or use fewer resources without changing its meaning.,The final phase that converts the optimized intermediate code into target machine code.,The final phase that converts the optimized intermediate code into target machine code.,"The phase that checks for semantic consistency, such as type checking, based on the language rules.","The phase that checks for semantic consistency, such as type checking, based on the language rules.","The phase that translates the source code into an intermediate representation, independent of the target machine.","The phase that translates the source code into an intermediate representation, independent of the target machine.",C,"Semantic Analysis: The phase that checks for semantic consistency, such as type checking, based on the language rules.","सिमेंटिक विश्लेषण: वह चरण जो भाषा के नियमों के आधार पर सिमेंटिक स्थिरता की जांच करता है, जैसे टाइप चेकिंग.",Operating Systems & Compiler Design,ऑपरेटिंग सिस्टम एवं कंपाइलर डिज़ाइन,Compiler Design,कंपाइलर डिज़ाइन,Hard,1,0.25
"In a scenario where the following behavior is required — The phase that checks for semantic consistency, such as type checking, based on the language rules. — which concept is appropriate?","जिस scenario में यह behavior चाहिए — वह चरण जो भाषा के नियमों के आधार पर सिमेंटिक स्थिरता की जांच करता है, जैसे टाइप चेकिंग. — वहाँ कौन-सा concept उपयुक्त है?",The final phase that converts the optimized intermediate code into target machine code.,The final phase that converts the optimized intermediate code into target machine code.,"The phase that checks for semantic consistency, such as type checking, based on the language rules.","The phase that checks for semantic consistency, such as type checking, based on the language rules.","The phase that translates the source code into an intermediate representation, independent of the target machine.","The phase that translates the source code into an intermediate representation, independent of the target machine.",The phase that improves the intermediate code to make it run faster or use fewer resources without changing its meaning.,The phase that improves the intermediate code to make it run faster or use fewer resources without changing its meaning.,B,"Semantic Analysis: The phase that checks for semantic consistency, such as type checking, based on the language rules.","सिमेंटिक विश्लेषण: वह चरण जो भाषा के नियमों के आधार पर सिमेंटिक स्थिरता की जांच करता है, जैसे टाइप चेकिंग.",Operating Systems & Compiler Design,ऑपरेटिंग सिस्टम एवं कंपाइलर डिज़ाइन,Compiler Design,कंपाइलर डिज़ाइन,Hard,1,0.25
"An exam asks which concept would be selected when the requirement is: The phase that translates the source code into an intermediate representation, independent of the target machine.. Which concept fits best?",एक परीक्षा में आवश्यकता दी गई है: वह चरण जो स्रोत कोड को लक्ष्य मशीन से स्वतंत्र एक मध्यवर्ती प्रतिनिधित्व में अनुवादित करता है.। इसके लिए सबसे उपयुक्त concept कौन-सा है?,"The phase that translates the source code into an intermediate representation, independent of the target machine.","The phase that translates the source code into an intermediate representation, independent of the target machine.",The phase that improves the intermediate code to make it run faster or use fewer resources without changing its meaning.,The phase that improves the intermediate code to make it run faster or use fewer resources without changing its meaning.,The final phase that converts the optimized intermediate code into target machine code.,The final phase that converts the optimized intermediate code into target machine code.,A data structure used by a compiler to store information about identifiers such as variables and functions.,A data structure used by a compiler to store information about identifiers such as variables and functions.,A,"Intermediate Code Generation: The phase that translates the source code into an intermediate representation, independent of the target machine.",इंटरमीडिएट कोड जनरेशन: वह चरण जो स्रोत कोड को लक्ष्य मशीन से स्वतंत्र एक मध्यवर्ती प्रतिनिधित्व में अनुवादित करता है.,Operating Systems & Compiler Design,ऑपरेटिंग सिस्टम एवं कंपाइलर डिज़ाइन,Compiler Design,कंपाइलर डिज़ाइन,Medium,1,0.25
"A system designer needs the property described as: The phase that translates the source code into an intermediate representation, independent of the target machine.. Which concept is being used?",एक system designer को यह property चाहिए: वह चरण जो स्रोत कोड को लक्ष्य मशीन से स्वतंत्र एक मध्यवर्ती प्रतिनिधित्व में अनुवादित करता है.। कौन-सा concept उपयोग हो रहा है?,The phase that improves the intermediate code to make it run faster or use fewer resources without changing its meaning.,The phase that improves the intermediate code to make it run faster or use fewer resources without changing its meaning.,The final phase that converts the optimized intermediate code into target machine code.,The final phase that converts the optimized intermediate code into target machine code.,A data structure used by a compiler to store information about identifiers such as variables and functions.,A data structure used by a compiler to store information about identifiers such as variables and functions.,"The phase that translates the source code into an intermediate representation, independent of the target machine.","The phase that translates the source code into an intermediate representation, independent of the target machine.",D,"Intermediate Code Generation: The phase that translates the source code into an intermediate representation, independent of the target machine.",इंटरमीडिएट कोड जनरेशन: वह चरण जो स्रोत कोड को लक्ष्य मशीन से स्वतंत्र एक मध्यवर्ती प्रतिनिधित्व में अनुवादित करता है.,Operating Systems & Compiler Design,ऑपरेटिंग सिस्टम एवं कंपाइलर डिज़ाइन,Compiler Design,कंपाइलर डिज़ाइन,Hard,1,0.25
"Which concept should an engineer identify from this technical description: The phase that translates the source code into an intermediate representation, independent of the target machine.?",इस technical description से engineer को कौन-सा concept पहचानना चाहिए: वह चरण जो स्रोत कोड को लक्ष्य मशीन से स्वतंत्र एक मध्यवर्ती प्रतिनिधित्व में अनुवादित करता है.?,The final phase that converts the optimized intermediate code into target machine code.,The final phase that converts the optimized intermediate code into target machine code.,A data structure used by a compiler to store information about identifiers such as variables and functions.,A data structure used by a compiler to store information about identifiers such as variables and functions.,"The phase that translates the source code into an intermediate representation, independent of the target machine.","The phase that translates the source code into an intermediate representation, independent of the target machine.",The phase that improves the intermediate code to make it run faster or use fewer resources without changing its meaning.,The phase that improves the intermediate code to make it run faster or use fewer resources without changing its meaning.,C,"Intermediate Code Generation: The phase that translates the source code into an intermediate representation, independent of the target machine.",इंटरमीडिएट कोड जनरेशन: वह चरण जो स्रोत कोड को लक्ष्य मशीन से स्वतंत्र एक मध्यवर्ती प्रतिनिधित्व में अनुवादित करता है.,Operating Systems & Compiler Design,ऑपरेटिंग सिस्टम एवं कंपाइलर डिज़ाइन,Compiler Design,कंपाइलर डिज़ाइन,Hard,1,0.25
"In a scenario where the following behavior is required — The phase that translates the source code into an intermediate representation, independent of the target machine. — which concept is appropriate?",जिस scenario में यह behavior चाहिए — वह चरण जो स्रोत कोड को लक्ष्य मशीन से स्वतंत्र एक मध्यवर्ती प्रतिनिधित्व में अनुवादित करता है. — वहाँ कौन-सा concept उपयुक्त है?,A data structure used by a compiler to store information about identifiers such as variables and functions.,A data structure used by a compiler to store information about identifiers such as variables and functions.,"The phase that translates the source code into an intermediate representation, independent of the target machine.","The phase that translates the source code into an intermediate representation, independent of the target machine.",The phase that improves the intermediate code to make it run faster or use fewer resources without changing its meaning.,The phase that improves the intermediate code to make it run faster or use fewer resources without changing its meaning.,The final phase that converts the optimized intermediate code into target machine code.,The final phase that converts the optimized intermediate code into target machine code.,B,"Intermediate Code Generation: The phase that translates the source code into an intermediate representation, independent of the target machine.",इंटरमीडिएट कोड जनरेशन: वह चरण जो स्रोत कोड को लक्ष्य मशीन से स्वतंत्र एक मध्यवर्ती प्रतिनिधित्व में अनुवादित करता है.,Operating Systems & Compiler Design,ऑपरेटिंग सिस्टम एवं कंपाइलर डिज़ाइन,Compiler Design,कंपाइलर डिज़ाइन,Medium,1,0.25
An exam asks which concept would be selected when the requirement is: The phase that improves the intermediate code to make it run faster or use fewer resources without changing its meaning.. Which concept fits best?,एक परीक्षा में आवश्यकता दी गई है: वह चरण जो मध्यवर्ती कोड को उसके अर्थ को बदले बिना तेज़ चलाने या कम संसाधनों का उपयोग करने के लिए बेहतर बनाता है.। इसके लिए सबसे उपयुक्त concept कौन-सा है?,The phase that improves the intermediate code to make it run faster or use fewer resources without changing its meaning.,The phase that improves the intermediate code to make it run faster or use fewer resources without changing its meaning.,The final phase that converts the optimized intermediate code into target machine code.,The final phase that converts the optimized intermediate code into target machine code.,A data structure used by a compiler to store information about identifiers such as variables and functions.,A data structure used by a compiler to store information about identifiers such as variables and functions.,The first phase of a compiler that converts a sequence of characters into a sequence of tokens.,The first phase of a compiler that converts a sequence of characters into a sequence of tokens.,A,Code Optimization: The phase that improves the intermediate code to make it run faster or use fewer resources without changing its meaning.,कोड ऑप्टिमाइज़ेशन: वह चरण जो मध्यवर्ती कोड को उसके अर्थ को बदले बिना तेज़ चलाने या कम संसाधनों का उपयोग करने के लिए बेहतर बनाता है.,Operating Systems & Compiler Design,ऑपरेटिंग सिस्टम एवं कंपाइलर डिज़ाइन,Compiler Design,कंपाइलर डिज़ाइन,Hard,1,0.25
A system designer needs the property described as: The phase that improves the intermediate code to make it run faster or use fewer resources without changing its meaning.. Which concept is being used?,एक system designer को यह property चाहिए: वह चरण जो मध्यवर्ती कोड को उसके अर्थ को बदले बिना तेज़ चलाने या कम संसाधनों का उपयोग करने के लिए बेहतर बनाता है.। कौन-सा concept उपयोग हो रहा है?,The final phase that converts the optimized intermediate code into target machine code.,The final phase that converts the optimized intermediate code into target machine code.,A data structure used by a compiler to store information about identifiers such as variables and functions.,A data structure used by a compiler to store information about identifiers such as variables and functions.,The first phase of a compiler that converts a sequence of characters into a sequence of tokens.,The first phase of a compiler that converts a sequence of characters into a sequence of tokens.,The phase that improves the intermediate code to make it run faster or use fewer resources without changing its meaning.,The phase that improves the intermediate code to make it run faster or use fewer resources without changing its meaning.,D,Code Optimization: The phase that improves the intermediate code to make it run faster or use fewer resources without changing its meaning.,कोड ऑप्टिमाइज़ेशन: वह चरण जो मध्यवर्ती कोड को उसके अर्थ को बदले बिना तेज़ चलाने या कम संसाधनों का उपयोग करने के लिए बेहतर बनाता है.,Operating Systems & Compiler Design,ऑपरेटिंग सिस्टम एवं कंपाइलर डिज़ाइन,Compiler Design,कंपाइलर डिज़ाइन,Hard,1,0.25
Which concept should an engineer identify from this technical description: The phase that improves the intermediate code to make it run faster or use fewer resources without changing its meaning.?,इस technical description से engineer को कौन-सा concept पहचानना चाहिए: वह चरण जो मध्यवर्ती कोड को उसके अर्थ को बदले बिना तेज़ चलाने या कम संसाधनों का उपयोग करने के लिए बेहतर बनाता है.?,A data structure used by a compiler to store information about identifiers such as variables and functions.,A data structure used by a compiler to store information about identifiers such as variables and functions.,The first phase of a compiler that converts a sequence of characters into a sequence of tokens.,The first phase of a compiler that converts a sequence of characters into a sequence of tokens.,The phase that improves the intermediate code to make it run faster or use fewer resources without changing its meaning.,The phase that improves the intermediate code to make it run faster or use fewer resources without changing its meaning.,The final phase that converts the optimized intermediate code into target machine code.,The final phase that converts the optimized intermediate code into target machine code.,C,Code Optimization: The phase that improves the intermediate code to make it run faster or use fewer resources without changing its meaning.,कोड ऑप्टिमाइज़ेशन: वह चरण जो मध्यवर्ती कोड को उसके अर्थ को बदले बिना तेज़ चलाने या कम संसाधनों का उपयोग करने के लिए बेहतर बनाता है.,Operating Systems & Compiler Design,ऑपरेटिंग सिस्टम एवं कंपाइलर डिज़ाइन,Compiler Design,कंपाइलर डिज़ाइन,Medium,1,0.25
In a scenario where the following behavior is required — The phase that improves the intermediate code to make it run faster or use fewer resources without changing its meaning. — which concept is appropriate?,जिस scenario में यह behavior चाहिए — वह चरण जो मध्यवर्ती कोड को उसके अर्थ को बदले बिना तेज़ चलाने या कम संसाधनों का उपयोग करने के लिए बेहतर बनाता है. — वहाँ कौन-सा concept उपयुक्त है?,The first phase of a compiler that converts a sequence of characters into a sequence of tokens.,The first phase of a compiler that converts a sequence of characters into a sequence of tokens.,The phase that improves the intermediate code to make it run faster or use fewer resources without changing its meaning.,The phase that improves the intermediate code to make it run faster or use fewer resources without changing its meaning.,The final phase that converts the optimized intermediate code into target machine code.,The final phase that converts the optimized intermediate code into target machine code.,A data structure used by a compiler to store information about identifiers such as variables and functions.,A data structure used by a compiler to store information about identifiers such as variables and functions.,B,Code Optimization: The phase that improves the intermediate code to make it run faster or use fewer resources without changing its meaning.,कोड ऑप्टिमाइज़ेशन: वह चरण जो मध्यवर्ती कोड को उसके अर्थ को बदले बिना तेज़ चलाने या कम संसाधनों का उपयोग करने के लिए बेहतर बनाता है.,Operating Systems & Compiler Design,ऑपरेटिंग सिस्टम एवं कंपाइलर डिज़ाइन,Compiler Design,कंपाइलर डिज़ाइन,Hard,1,0.25
An exam asks which concept would be selected when the requirement is: The final phase that converts the optimized intermediate code into target machine code.. Which concept fits best?,एक परीक्षा में आवश्यकता दी गई है: अंतिम चरण जो ऑप्टिमाइज़ किए गए मध्यवर्ती कोड को लक्ष्य मशीन कोड में परिवर्तित करता है.। इसके लिए सबसे उपयुक्त concept कौन-सा है?,The final phase that converts the optimized intermediate code into target machine code.,The final phase that converts the optimized intermediate code into target machine code.,A data structure used by a compiler to store information about identifiers such as variables and functions.,A data structure used by a compiler to store information about identifiers such as variables and functions.,The first phase of a compiler that converts a sequence of characters into a sequence of tokens.,The first phase of a compiler that converts a sequence of characters into a sequence of tokens.,The phase that analyzes the token stream against the grammar rules and builds a parse tree.,The phase that analyzes the token stream against the grammar rules and builds a parse tree.,A,Code Generation: The final phase that converts the optimized intermediate code into target machine code.,कोड जनरेशन: अंतिम चरण जो ऑप्टिमाइज़ किए गए मध्यवर्ती कोड को लक्ष्य मशीन कोड में परिवर्तित करता है.,Operating Systems & Compiler Design,ऑपरेटिंग सिस्टम एवं कंपाइलर डिज़ाइन,Compiler Design,कंपाइलर डिज़ाइन,Hard,1,0.25
A system designer needs the property described as: The final phase that converts the optimized intermediate code into target machine code.. Which concept is being used?,एक system designer को यह property चाहिए: अंतिम चरण जो ऑप्टिमाइज़ किए गए मध्यवर्ती कोड को लक्ष्य मशीन कोड में परिवर्तित करता है.। कौन-सा concept उपयोग हो रहा है?,A data structure used by a compiler to store information about identifiers such as variables and functions.,A data structure used by a compiler to store information about identifiers such as variables and functions.,The first phase of a compiler that converts a sequence of characters into a sequence of tokens.,The first phase of a compiler that converts a sequence of characters into a sequence of tokens.,The phase that analyzes the token stream against the grammar rules and builds a parse tree.,The phase that analyzes the token stream against the grammar rules and builds a parse tree.,The final phase that converts the optimized intermediate code into target machine code.,The final phase that converts the optimized intermediate code into target machine code.,D,Code Generation: The final phase that converts the optimized intermediate code into target machine code.,कोड जनरेशन: अंतिम चरण जो ऑप्टिमाइज़ किए गए मध्यवर्ती कोड को लक्ष्य मशीन कोड में परिवर्तित करता है.,Operating Systems & Compiler Design,ऑपरेटिंग सिस्टम एवं कंपाइलर डिज़ाइन,Compiler Design,कंपाइलर डिज़ाइन,Medium,1,0.25
Which concept should an engineer identify from this technical description: The final phase that converts the optimized intermediate code into target machine code.?,इस technical description से engineer को कौन-सा concept पहचानना चाहिए: अंतिम चरण जो ऑप्टिमाइज़ किए गए मध्यवर्ती कोड को लक्ष्य मशीन कोड में परिवर्तित करता है.?,The first phase of a compiler that converts a sequence of characters into a sequence of tokens.,The first phase of a compiler that converts a sequence of characters into a sequence of tokens.,The phase that analyzes the token stream against the grammar rules and builds a parse tree.,The phase that analyzes the token stream against the grammar rules and builds a parse tree.,The final phase that converts the optimized intermediate code into target machine code.,The final phase that converts the optimized intermediate code into target machine code.,A data structure used by a compiler to store information about identifiers such as variables and functions.,A data structure used by a compiler to store information about identifiers such as variables and functions.,C,Code Generation: The final phase that converts the optimized intermediate code into target machine code.,कोड जनरेशन: अंतिम चरण जो ऑप्टिमाइज़ किए गए मध्यवर्ती कोड को लक्ष्य मशीन कोड में परिवर्तित करता है.,Operating Systems & Compiler Design,ऑपरेटिंग सिस्टम एवं कंपाइलर डिज़ाइन,Compiler Design,कंपाइलर डिज़ाइन,Hard,1,0.25
In a scenario where the following behavior is required — The final phase that converts the optimized intermediate code into target machine code. — which concept is appropriate?,जिस scenario में यह behavior चाहिए — अंतिम चरण जो ऑप्टिमाइज़ किए गए मध्यवर्ती कोड को लक्ष्य मशीन कोड में परिवर्तित करता है. — वहाँ कौन-सा concept उपयुक्त है?,The phase that analyzes the token stream against the grammar rules and builds a parse tree.,The phase that analyzes the token stream against the grammar rules and builds a parse tree.,The final phase that converts the optimized intermediate code into target machine code.,The final phase that converts the optimized intermediate code into target machine code.,A data structure used by a compiler to store information about identifiers such as variables and functions.,A data structure used by a compiler to store information about identifiers such as variables and functions.,The first phase of a compiler that converts a sequence of characters into a sequence of tokens.,The first phase of a compiler that converts a sequence of characters into a sequence of tokens.,B,Code Generation: The final phase that converts the optimized intermediate code into target machine code.,कोड जनरेशन: अंतिम चरण जो ऑप्टिमाइज़ किए गए मध्यवर्ती कोड को लक्ष्य मशीन कोड में परिवर्तित करता है.,Operating Systems & Compiler Design,ऑपरेटिंग सिस्टम एवं कंपाइलर डिज़ाइन,Compiler Design,कंपाइलर डिज़ाइन,Hard,1,0.25
An exam asks which concept would be selected when the requirement is: A data structure used by a compiler to store information about identifiers such as variables and functions.. Which concept fits best?,एक परीक्षा में आवश्यकता दी गई है: कंपाइलर द्वारा वेरिएबल और फंक्शन जैसे पहचानकर्ताओं के बारे में जानकारी संग्रहीत करने के लिए उपयोग की जाने वाली डेटा संरचना.। इसके लिए सबसे उपयुक्त concept कौन-सा है?,A data structure used by a compiler to store information about identifiers such as variables and functions.,A data structure used by a compiler to store information about identifiers such as variables and functions.,The first phase of a compiler that converts a sequence of characters into a sequence of tokens.,The first phase of a compiler that converts a sequence of characters into a sequence of tokens.,The phase that analyzes the token stream against the grammar rules and builds a parse tree.,The phase that analyzes the token stream against the grammar rules and builds a parse tree.,"The phase that checks for semantic consistency, such as type checking, based on the language rules.","The phase that checks for semantic consistency, such as type checking, based on the language rules.",A,Symbol Table: A data structure used by a compiler to store information about identifiers such as variables and functions.,सिंबल टेबल: कंपाइलर द्वारा वेरिएबल और फंक्शन जैसे पहचानकर्ताओं के बारे में जानकारी संग्रहीत करने के लिए उपयोग की जाने वाली डेटा संरचना.,Operating Systems & Compiler Design,ऑपरेटिंग सिस्टम एवं कंपाइलर डिज़ाइन,Compiler Design,कंपाइलर डिज़ाइन,Medium,1,0.25
A system designer needs the property described as: A data structure used by a compiler to store information about identifiers such as variables and functions.. Which concept is being used?,एक system designer को यह property चाहिए: कंपाइलर द्वारा वेरिएबल और फंक्शन जैसे पहचानकर्ताओं के बारे में जानकारी संग्रहीत करने के लिए उपयोग की जाने वाली डेटा संरचना.। कौन-सा concept उपयोग हो रहा है?,The first phase of a compiler that converts a sequence of characters into a sequence of tokens.,The first phase of a compiler that converts a sequence of characters into a sequence of tokens.,The phase that analyzes the token stream against the grammar rules and builds a parse tree.,The phase that analyzes the token stream against the grammar rules and builds a parse tree.,"The phase that checks for semantic consistency, such as type checking, based on the language rules.","The phase that checks for semantic consistency, such as type checking, based on the language rules.",A data structure used by a compiler to store information about identifiers such as variables and functions.,A data structure used by a compiler to store information about identifiers such as variables and functions.,D,Symbol Table: A data structure used by a compiler to store information about identifiers such as variables and functions.,सिंबल टेबल: कंपाइलर द्वारा वेरिएबल और फंक्शन जैसे पहचानकर्ताओं के बारे में जानकारी संग्रहीत करने के लिए उपयोग की जाने वाली डेटा संरचना.,Operating Systems & Compiler Design,ऑपरेटिंग सिस्टम एवं कंपाइलर डिज़ाइन,Compiler Design,कंपाइलर डिज़ाइन,Hard,1,0.25
Which concept should an engineer identify from this technical description: A data structure used by a compiler to store information about identifiers such as variables and functions.?,इस technical description से engineer को कौन-सा concept पहचानना चाहिए: कंपाइलर द्वारा वेरिएबल और फंक्शन जैसे पहचानकर्ताओं के बारे में जानकारी संग्रहीत करने के लिए उपयोग की जाने वाली डेटा संरचना.?,The phase that analyzes the token stream against the grammar rules and builds a parse tree.,The phase that analyzes the token stream against the grammar rules and builds a parse tree.,"The phase that checks for semantic consistency, such as type checking, based on the language rules.","The phase that checks for semantic consistency, such as type checking, based on the language rules.",A data structure used by a compiler to store information about identifiers such as variables and functions.,A data structure used by a compiler to store information about identifiers such as variables and functions.,The first phase of a compiler that converts a sequence of characters into a sequence of tokens.,The first phase of a compiler that converts a sequence of characters into a sequence of tokens.,C,Symbol Table: A data structure used by a compiler to store information about identifiers such as variables and functions.,सिंबल टेबल: कंपाइलर द्वारा वेरिएबल और फंक्शन जैसे पहचानकर्ताओं के बारे में जानकारी संग्रहीत करने के लिए उपयोग की जाने वाली डेटा संरचना.,Operating Systems & Compiler Design,ऑपरेटिंग सिस्टम एवं कंपाइलर डिज़ाइन,Compiler Design,कंपाइलर डिज़ाइन,Hard,1,0.25
In a scenario where the following behavior is required — A data structure used by a compiler to store information about identifiers such as variables and functions. — which concept is appropriate?,जिस scenario में यह behavior चाहिए — कंपाइलर द्वारा वेरिएबल और फंक्शन जैसे पहचानकर्ताओं के बारे में जानकारी संग्रहीत करने के लिए उपयोग की जाने वाली डेटा संरचना. — वहाँ कौन-सा concept उपयुक्त है?,"The phase that checks for semantic consistency, such as type checking, based on the language rules.","The phase that checks for semantic consistency, such as type checking, based on the language rules.",A data structure used by a compiler to store information about identifiers such as variables and functions.,A data structure used by a compiler to store information about identifiers such as variables and functions.,The first phase of a compiler that converts a sequence of characters into a sequence of tokens.,The first phase of a compiler that converts a sequence of characters into a sequence of tokens.,The phase that analyzes the token stream against the grammar rules and builds a parse tree.,The phase that analyzes the token stream against the grammar rules and builds a parse tree.,B,Symbol Table: A data structure used by a compiler to store information about identifiers such as variables and functions.,सिंबल टेबल: कंपाइलर द्वारा वेरिएबल और फंक्शन जैसे पहचानकर्ताओं के बारे में जानकारी संग्रहीत करने के लिए उपयोग की जाने वाली डेटा संरचना.,Operating Systems & Compiler Design,ऑपरेटिंग सिस्टम एवं कंपाइलर डिज़ाइन,Compiler Design,कंपाइलर डिज़ाइन,Medium,1,0.25
"An exam asks which concept would be selected when the requirement is: A small, high-speed memory located close to the CPU that stores frequently accessed data for quick retrieval.. Which concept fits best?","एक परीक्षा में आवश्यकता दी गई है: CPU के पास स्थित एक छोटी, उच्च गति वाली मेमोरी जो त्वरित पुनर्प्राप्ति के लिए बार-बार एक्सेस किए जाने वाले डेटा को संग्रहीत करती है.। इसके लिए सबसे उपयुक्त concept कौन-सा है?","A small, high-speed memory located close to the CPU that stores frequently accessed data for quick retrieval.","A small, high-speed memory located close to the CPU that stores frequently accessed data for quick retrieval.","A small, very fast storage location within the CPU used to hold data temporarily during processing.","A small, very fast storage location within the CPU used to hold data temporarily during processing.",A technique that allows multiple instruction stages to overlap in execution to increase CPU throughput.,A technique that allows multiple instruction stages to overlap in execution to increase CPU throughput.,"A signal sent to the processor to indicate an event that needs immediate attention, pausing current execution.","A signal sent to the processor to indicate an event that needs immediate attention, pausing current execution.",A,"Cache Memory: A small, high-speed memory located close to the CPU that stores frequently accessed data for quick retrieval.","कैश मेमोरी: CPU के पास स्थित एक छोटी, उच्च गति वाली मेमोरी जो त्वरित पुनर्प्राप्ति के लिए बार-बार एक्सेस किए जाने वाले डेटा को संग्रहीत करती है.",Computer Organization & Architecture,कंप्यूटर संगठन एवं आर्किटेक्चर,CPU Organization,CPU संगठन,Medium,1,0.25
"A system designer needs the property described as: A small, high-speed memory located close to the CPU that stores frequently accessed data for quick retrieval.. Which concept is being used?","एक system designer को यह property चाहिए: CPU के पास स्थित एक छोटी, उच्च गति वाली मेमोरी जो त्वरित पुनर्प्राप्ति के लिए बार-बार एक्सेस किए जाने वाले डेटा को संग्रहीत करती है.। कौन-सा concept उपयोग हो रहा है?","A small, very fast storage location within the CPU used to hold data temporarily during processing.","A small, very fast storage location within the CPU used to hold data temporarily during processing.",A technique that allows multiple instruction stages to overlap in execution to increase CPU throughput.,A technique that allows multiple instruction stages to overlap in execution to increase CPU throughput.,"A signal sent to the processor to indicate an event that needs immediate attention, pausing current execution.","A signal sent to the processor to indicate an event that needs immediate attention, pausing current execution.","A small, high-speed memory located close to the CPU that stores frequently accessed data for quick retrieval.","A small, high-speed memory located close to the CPU that stores frequently accessed data for quick retrieval.",D,"Cache Memory: A small, high-speed memory located close to the CPU that stores frequently accessed data for quick retrieval.","कैश मेमोरी: CPU के पास स्थित एक छोटी, उच्च गति वाली मेमोरी जो त्वरित पुनर्प्राप्ति के लिए बार-बार एक्सेस किए जाने वाले डेटा को संग्रहीत करती है.",Computer Organization & Architecture,कंप्यूटर संगठन एवं आर्किटेक्चर,CPU Organization,CPU संगठन,Hard,1,0.25
"Which concept should an engineer identify from this technical description: A small, high-speed memory located close to the CPU that stores frequently accessed data for quick retrieval.?","इस technical description से engineer को कौन-सा concept पहचानना चाहिए: CPU के पास स्थित एक छोटी, उच्च गति वाली मेमोरी जो त्वरित पुनर्प्राप्ति के लिए बार-बार एक्सेस किए जाने वाले डेटा को संग्रहीत करती है.?",A technique that allows multiple instruction stages to overlap in execution to increase CPU throughput.,A technique that allows multiple instruction stages to overlap in execution to increase CPU throughput.,"A signal sent to the processor to indicate an event that needs immediate attention, pausing current execution.","A signal sent to the processor to indicate an event that needs immediate attention, pausing current execution.","A small, high-speed memory located close to the CPU that stores frequently accessed data for quick retrieval.","A small, high-speed memory located close to the CPU that stores frequently accessed data for quick retrieval.","A small, very fast storage location within the CPU used to hold data temporarily during processing.","A small, very fast storage location within the CPU used to hold data temporarily during processing.",C,"Cache Memory: A small, high-speed memory located close to the CPU that stores frequently accessed data for quick retrieval.","कैश मेमोरी: CPU के पास स्थित एक छोटी, उच्च गति वाली मेमोरी जो त्वरित पुनर्प्राप्ति के लिए बार-बार एक्सेस किए जाने वाले डेटा को संग्रहीत करती है.",Computer Organization & Architecture,कंप्यूटर संगठन एवं आर्किटेक्चर,CPU Organization,CPU संगठन,Hard,1,0.25
"In a scenario where the following behavior is required — A small, high-speed memory located close to the CPU that stores frequently accessed data for quick retrieval. — which concept is appropriate?","जिस scenario में यह behavior चाहिए — CPU के पास स्थित एक छोटी, उच्च गति वाली मेमोरी जो त्वरित पुनर्प्राप्ति के लिए बार-बार एक्सेस किए जाने वाले डेटा को संग्रहीत करती है. — वहाँ कौन-सा concept उपयुक्त है?","A signal sent to the processor to indicate an event that needs immediate attention, pausing current execution.","A signal sent to the processor to indicate an event that needs immediate attention, pausing current execution.","A small, high-speed memory located close to the CPU that stores frequently accessed data for quick retrieval.","A small, high-speed memory located close to the CPU that stores frequently accessed data for quick retrieval.","A small, very fast storage location within the CPU used to hold data temporarily during processing.","A small, very fast storage location within the CPU used to hold data temporarily during processing.",A technique that allows multiple instruction stages to overlap in execution to increase CPU throughput.,A technique that allows multiple instruction stages to overlap in execution to increase CPU throughput.,B,"Cache Memory: A small, high-speed memory located close to the CPU that stores frequently accessed data for quick retrieval.","कैश मेमोरी: CPU के पास स्थित एक छोटी, उच्च गति वाली मेमोरी जो त्वरित पुनर्प्राप्ति के लिए बार-बार एक्सेस किए जाने वाले डेटा को संग्रहीत करती है.",Computer Organization & Architecture,कंप्यूटर संगठन एवं आर्किटेक्चर,CPU Organization,CPU संगठन,Medium,1,0.25
"An exam asks which concept would be selected when the requirement is: A small, very fast storage location within the CPU used to hold data temporarily during processing.. Which concept fits best?","एक परीक्षा में आवश्यकता दी गई है: CPU के भीतर एक छोटा, बहुत तेज़ भंडारण स्थान जिसका उपयोग प्रोसेसिंग के दौरान अस्थायी रूप से डेटा रखने के लिए किया जाता है.। इसके लिए सबसे उपयुक्त concept कौन-सा है?","A small, very fast storage location within the CPU used to hold data temporarily during processing.","A small, very fast storage location within the CPU used to hold data temporarily during processing.",A technique that allows multiple instruction stages to overlap in execution to increase CPU throughput.,A technique that allows multiple instruction stages to overlap in execution to increase CPU throughput.,"A signal sent to the processor to indicate an event that needs immediate attention, pausing current execution.","A signal sent to the processor to indicate an event that needs immediate attention, pausing current execution.","The basic operation cycle of a computer consisting of fetch, decode, and execute steps.","The basic operation cycle of a computer consisting of fetch, decode, and execute steps.",A,"Register: A small, very fast storage location within the CPU used to hold data temporarily during processing.","रजिस्टर: CPU के भीतर एक छोटा, बहुत तेज़ भंडारण स्थान जिसका उपयोग प्रोसेसिंग के दौरान अस्थायी रूप से डेटा रखने के लिए किया जाता है.",Computer Organization & Architecture,कंप्यूटर संगठन एवं आर्किटेक्चर,CPU Organization,CPU संगठन,Hard,1,0.25
"A system designer needs the property described as: A small, very fast storage location within the CPU used to hold data temporarily during processing.. Which concept is being used?","एक system designer को यह property चाहिए: CPU के भीतर एक छोटा, बहुत तेज़ भंडारण स्थान जिसका उपयोग प्रोसेसिंग के दौरान अस्थायी रूप से डेटा रखने के लिए किया जाता है.। कौन-सा concept उपयोग हो रहा है?",A technique that allows multiple instruction stages to overlap in execution to increase CPU throughput.,A technique that allows multiple instruction stages to overlap in execution to increase CPU throughput.,"A signal sent to the processor to indicate an event that needs immediate attention, pausing current execution.","A signal sent to the processor to indicate an event that needs immediate attention, pausing current execution.","The basic operation cycle of a computer consisting of fetch, decode, and execute steps.","The basic operation cycle of a computer consisting of fetch, decode, and execute steps.","A small, very fast storage location within the CPU used to hold data temporarily during processing.","A small, very fast storage location within the CPU used to hold data temporarily during processing.",D,"Register: A small, very fast storage location within the CPU used to hold data temporarily during processing.","रजिस्टर: CPU के भीतर एक छोटा, बहुत तेज़ भंडारण स्थान जिसका उपयोग प्रोसेसिंग के दौरान अस्थायी रूप से डेटा रखने के लिए किया जाता है.",Computer Organization & Architecture,कंप्यूटर संगठन एवं आर्किटेक्चर,CPU Organization,CPU संगठन,Hard,1,0.25
"Which concept should an engineer identify from this technical description: A small, very fast storage location within the CPU used to hold data temporarily during processing.?","इस technical description से engineer को कौन-सा concept पहचानना चाहिए: CPU के भीतर एक छोटा, बहुत तेज़ भंडारण स्थान जिसका उपयोग प्रोसेसिंग के दौरान अस्थायी रूप से डेटा रखने के लिए किया जाता है.?","A signal sent to the processor to indicate an event that needs immediate attention, pausing current execution.","A signal sent to the processor to indicate an event that needs immediate attention, pausing current execution.","The basic operation cycle of a computer consisting of fetch, decode, and execute steps.","The basic operation cycle of a computer consisting of fetch, decode, and execute steps.","A small, very fast storage location within the CPU used to hold data temporarily during processing.","A small, very fast storage location within the CPU used to hold data temporarily during processing.",A technique that allows multiple instruction stages to overlap in execution to increase CPU throughput.,A technique that allows multiple instruction stages to overlap in execution to increase CPU throughput.,C,"Register: A small, very fast storage location within the CPU used to hold data temporarily during processing.","रजिस्टर: CPU के भीतर एक छोटा, बहुत तेज़ भंडारण स्थान जिसका उपयोग प्रोसेसिंग के दौरान अस्थायी रूप से डेटा रखने के लिए किया जाता है.",Computer Organization & Architecture,कंप्यूटर संगठन एवं आर्किटेक्चर,CPU Organization,CPU संगठन,Medium,1,0.25
"In a scenario where the following behavior is required — A small, very fast storage location within the CPU used to hold data temporarily during processing. — which concept is appropriate?","जिस scenario में यह behavior चाहिए — CPU के भीतर एक छोटा, बहुत तेज़ भंडारण स्थान जिसका उपयोग प्रोसेसिंग के दौरान अस्थायी रूप से डेटा रखने के लिए किया जाता है. — वहाँ कौन-सा concept उपयुक्त है?","The basic operation cycle of a computer consisting of fetch, decode, and execute steps.","The basic operation cycle of a computer consisting of fetch, decode, and execute steps.","A small, very fast storage location within the CPU used to hold data temporarily during processing.","A small, very fast storage location within the CPU used to hold data temporarily during processing.",A technique that allows multiple instruction stages to overlap in execution to increase CPU throughput.,A technique that allows multiple instruction stages to overlap in execution to increase CPU throughput.,"A signal sent to the processor to indicate an event that needs immediate attention, pausing current execution.","A signal sent to the processor to indicate an event that needs immediate attention, pausing current execution.",B,"Register: A small, very fast storage location within the CPU used to hold data temporarily during processing.","रजिस्टर: CPU के भीतर एक छोटा, बहुत तेज़ भंडारण स्थान जिसका उपयोग प्रोसेसिंग के दौरान अस्थायी रूप से डेटा रखने के लिए किया जाता है.",Computer Organization & Architecture,कंप्यूटर संगठन एवं आर्किटेक्चर,CPU Organization,CPU संगठन,Hard,1,0.25
An exam asks which concept would be selected when the requirement is: A technique that allows multiple instruction stages to overlap in execution to increase CPU throughput.. Which concept fits best?,एक परीक्षा में आवश्यकता दी गई है: एक तकनीक जो CPU थ्रूपुट बढ़ाने के लिए कई निर्देश चरणों को निष्पादन में ओवरलैप करने की अनुमति देती है.। इसके लिए सबसे उपयुक्त concept कौन-सा है?,A technique that allows multiple instruction stages to overlap in execution to increase CPU throughput.,A technique that allows multiple instruction stages to overlap in execution to increase CPU throughput.,"A signal sent to the processor to indicate an event that needs immediate attention, pausing current execution.","A signal sent to the processor to indicate an event that needs immediate attention, pausing current execution.","The basic operation cycle of a computer consisting of fetch, decode, and execute steps.","The basic operation cycle of a computer consisting of fetch, decode, and execute steps.","A communication pathway used to transfer data, addresses, and control signals between components of a computer.","A communication pathway used to transfer data, addresses, and control signals between components of a computer.",A,Pipelining: A technique that allows multiple instruction stages to overlap in execution to increase CPU throughput.,पाइपलाइनिंग: एक तकनीक जो CPU थ्रूपुट बढ़ाने के लिए कई निर्देश चरणों को निष्पादन में ओवरलैप करने की अनुमति देती है.,Computer Organization & Architecture,कंप्यूटर संगठन एवं आर्किटेक्चर,CPU Organization,CPU संगठन,Hard,1,0.25
A system designer needs the property described as: A technique that allows multiple instruction stages to overlap in execution to increase CPU throughput.. Which concept is being used?,एक system designer को यह property चाहिए: एक तकनीक जो CPU थ्रूपुट बढ़ाने के लिए कई निर्देश चरणों को निष्पादन में ओवरलैप करने की अनुमति देती है.। कौन-सा concept उपयोग हो रहा है?,"A signal sent to the processor to indicate an event that needs immediate attention, pausing current execution.","A signal sent to the processor to indicate an event that needs immediate attention, pausing current execution.","The basic operation cycle of a computer consisting of fetch, decode, and execute steps.","The basic operation cycle of a computer consisting of fetch, decode, and execute steps.","A communication pathway used to transfer data, addresses, and control signals between components of a computer.","A communication pathway used to transfer data, addresses, and control signals between components of a computer.",A technique that allows multiple instruction stages to overlap in execution to increase CPU throughput.,A technique that allows multiple instruction stages to overlap in execution to increase CPU throughput.,D,Pipelining: A technique that allows multiple instruction stages to overlap in execution to increase CPU throughput.,पाइपलाइनिंग: एक तकनीक जो CPU थ्रूपुट बढ़ाने के लिए कई निर्देश चरणों को निष्पादन में ओवरलैप करने की अनुमति देती है.,Computer Organization & Architecture,कंप्यूटर संगठन एवं आर्किटेक्चर,CPU Organization,CPU संगठन,Medium,1,0.25
Which concept should an engineer identify from this technical description: A technique that allows multiple instruction stages to overlap in execution to increase CPU throughput.?,इस technical description से engineer को कौन-सा concept पहचानना चाहिए: एक तकनीक जो CPU थ्रूपुट बढ़ाने के लिए कई निर्देश चरणों को निष्पादन में ओवरलैप करने की अनुमति देती है.?,"The basic operation cycle of a computer consisting of fetch, decode, and execute steps.","The basic operation cycle of a computer consisting of fetch, decode, and execute steps.","A communication pathway used to transfer data, addresses, and control signals between components of a computer.","A communication pathway used to transfer data, addresses, and control signals between components of a computer.",A technique that allows multiple instruction stages to overlap in execution to increase CPU throughput.,A technique that allows multiple instruction stages to overlap in execution to increase CPU throughput.,"A signal sent to the processor to indicate an event that needs immediate attention, pausing current execution.","A signal sent to the processor to indicate an event that needs immediate attention, pausing current execution.",C,Pipelining: A technique that allows multiple instruction stages to overlap in execution to increase CPU throughput.,पाइपलाइनिंग: एक तकनीक जो CPU थ्रूपुट बढ़ाने के लिए कई निर्देश चरणों को निष्पादन में ओवरलैप करने की अनुमति देती है.,Computer Organization & Architecture,कंप्यूटर संगठन एवं आर्किटेक्चर,CPU Organization,CPU संगठन,Hard,1,0.25
In a scenario where the following behavior is required — A technique that allows multiple instruction stages to overlap in execution to increase CPU throughput. — which concept is appropriate?,जिस scenario में यह behavior चाहिए — एक तकनीक जो CPU थ्रूपुट बढ़ाने के लिए कई निर्देश चरणों को निष्पादन में ओवरलैप करने की अनुमति देती है. — वहाँ कौन-सा concept उपयुक्त है?,"A communication pathway used to transfer data, addresses, and control signals between components of a computer.","A communication pathway used to transfer data, addresses, and control signals between components of a computer.",A technique that allows multiple instruction stages to overlap in execution to increase CPU throughput.,A technique that allows multiple instruction stages to overlap in execution to increase CPU throughput.,"A signal sent to the processor to indicate an event that needs immediate attention, pausing current execution.","A signal sent to the processor to indicate an event that needs immediate attention, pausing current execution.","The basic operation cycle of a computer consisting of fetch, decode, and execute steps.","The basic operation cycle of a computer consisting of fetch, decode, and execute steps.",B,Pipelining: A technique that allows multiple instruction stages to overlap in execution to increase CPU throughput.,पाइपलाइनिंग: एक तकनीक जो CPU थ्रूपुट बढ़ाने के लिए कई निर्देश चरणों को निष्पादन में ओवरलैप करने की अनुमति देती है.,Computer Organization & Architecture,कंप्यूटर संगठन एवं आर्किटेक्चर,CPU Organization,CPU संगठन,Hard,1,0.25
"An exam asks which concept would be selected when the requirement is: A signal sent to the processor to indicate an event that needs immediate attention, pausing current execution.. Which concept fits best?","एक परीक्षा में आवश्यकता दी गई है: प्रोसेसर को भेजा गया एक संकेत जो किसी घटना को इंगित करता है जिस पर तत्काल ध्यान देने की आवश्यकता है, वर्तमान निष्पादन को रोकते हुए.। इसके लिए सबसे उपयुक्त concept कौन-सा है?","A signal sent to the processor to indicate an event that needs immediate attention, pausing current execution.","A signal sent to the processor to indicate an event that needs immediate attention, pausing current execution.","The basic operation cycle of a computer consisting of fetch, decode, and execute steps.","The basic operation cycle of a computer consisting of fetch, decode, and execute steps.","A communication pathway used to transfer data, addresses, and control signals between components of a computer.","A communication pathway used to transfer data, addresses, and control signals between components of a computer.",The part of the CPU that directs the operation of the processor by generating control signals.,The part of the CPU that directs the operation of the processor by generating control signals.,A,"Interrupt: A signal sent to the processor to indicate an event that needs immediate attention, pausing current execution.","इंटरप्ट: प्रोसेसर को भेजा गया एक संकेत जो किसी घटना को इंगित करता है जिस पर तत्काल ध्यान देने की आवश्यकता है, वर्तमान निष्पादन को रोकते हुए.",Computer Organization & Architecture,कंप्यूटर संगठन एवं आर्किटेक्चर,CPU Organization,CPU संगठन,Medium,1,0.25
"A system designer needs the property described as: A signal sent to the processor to indicate an event that needs immediate attention, pausing current execution.. Which concept is being used?","एक system designer को यह property चाहिए: प्रोसेसर को भेजा गया एक संकेत जो किसी घटना को इंगित करता है जिस पर तत्काल ध्यान देने की आवश्यकता है, वर्तमान निष्पादन को रोकते हुए.। कौन-सा concept उपयोग हो रहा है?","The basic operation cycle of a computer consisting of fetch, decode, and execute steps.","The basic operation cycle of a computer consisting of fetch, decode, and execute steps.","A communication pathway used to transfer data, addresses, and control signals between components of a computer.","A communication pathway used to transfer data, addresses, and control signals between components of a computer.",The part of the CPU that directs the operation of the processor by generating control signals.,The part of the CPU that directs the operation of the processor by generating control signals.,"A signal sent to the processor to indicate an event that needs immediate attention, pausing current execution.","A signal sent to the processor to indicate an event that needs immediate attention, pausing current execution.",D,"Interrupt: A signal sent to the processor to indicate an event that needs immediate attention, pausing current execution.","इंटरप्ट: प्रोसेसर को भेजा गया एक संकेत जो किसी घटना को इंगित करता है जिस पर तत्काल ध्यान देने की आवश्यकता है, वर्तमान निष्पादन को रोकते हुए.",Computer Organization & Architecture,कंप्यूटर संगठन एवं आर्किटेक्चर,CPU Organization,CPU संगठन,Hard,1,0.25
"Which concept should an engineer identify from this technical description: A signal sent to the processor to indicate an event that needs immediate attention, pausing current execution.?","इस technical description से engineer को कौन-सा concept पहचानना चाहिए: प्रोसेसर को भेजा गया एक संकेत जो किसी घटना को इंगित करता है जिस पर तत्काल ध्यान देने की आवश्यकता है, वर्तमान निष्पादन को रोकते हुए.?","A communication pathway used to transfer data, addresses, and control signals between components of a computer.","A communication pathway used to transfer data, addresses, and control signals between components of a computer.",The part of the CPU that directs the operation of the processor by generating control signals.,The part of the CPU that directs the operation of the processor by generating control signals.,"A signal sent to the processor to indicate an event that needs immediate attention, pausing current execution.","A signal sent to the processor to indicate an event that needs immediate attention, pausing current execution.","The basic operation cycle of a computer consisting of fetch, decode, and execute steps.","The basic operation cycle of a computer consisting of fetch, decode, and execute steps.",C,"Interrupt: A signal sent to the processor to indicate an event that needs immediate attention, pausing current execution.","इंटरप्ट: प्रोसेसर को भेजा गया एक संकेत जो किसी घटना को इंगित करता है जिस पर तत्काल ध्यान देने की आवश्यकता है, वर्तमान निष्पादन को रोकते हुए.",Computer Organization & Architecture,कंप्यूटर संगठन एवं आर्किटेक्चर,CPU Organization,CPU संगठन,Hard,1,0.25
"In a scenario where the following behavior is required — A signal sent to the processor to indicate an event that needs immediate attention, pausing current execution. — which concept is appropriate?","जिस scenario में यह behavior चाहिए — प्रोसेसर को भेजा गया एक संकेत जो किसी घटना को इंगित करता है जिस पर तत्काल ध्यान देने की आवश्यकता है, वर्तमान निष्पादन को रोकते हुए. — वहाँ कौन-सा concept उपयुक्त है?",The part of the CPU that directs the operation of the processor by generating control signals.,The part of the CPU that directs the operation of the processor by generating control signals.,"A signal sent to the processor to indicate an event that needs immediate attention, pausing current execution.","A signal sent to the processor to indicate an event that needs immediate attention, pausing current execution.","The basic operation cycle of a computer consisting of fetch, decode, and execute steps.","The basic operation cycle of a computer consisting of fetch, decode, and execute steps.","A communication pathway used to transfer data, addresses, and control signals between components of a computer.","A communication pathway used to transfer data, addresses, and control signals between components of a computer.",B,"Interrupt: A signal sent to the processor to indicate an event that needs immediate attention, pausing current execution.","इंटरप्ट: प्रोसेसर को भेजा गया एक संकेत जो किसी घटना को इंगित करता है जिस पर तत्काल ध्यान देने की आवश्यकता है, वर्तमान निष्पादन को रोकते हुए.",Computer Organization & Architecture,कंप्यूटर संगठन एवं आर्किटेक्चर,CPU Organization,CPU संगठन,Medium,1,0.25
"An exam asks which concept would be selected when the requirement is: The basic operation cycle of a computer consisting of fetch, decode, and execute steps.. Which concept fits best?","एक परीक्षा में आवश्यकता दी गई है: एक कंप्यूटर का मूल संचालन चक्र जिसमें फ़ेच, डिकोड और निष्पादन चरण शामिल हैं.। इसके लिए सबसे उपयुक्त concept कौन-सा है?","The basic operation cycle of a computer consisting of fetch, decode, and execute steps.","The basic operation cycle of a computer consisting of fetch, decode, and execute steps.","A communication pathway used to transfer data, addresses, and control signals between components of a computer.","A communication pathway used to transfer data, addresses, and control signals between components of a computer.",The part of the CPU that directs the operation of the processor by generating control signals.,The part of the CPU that directs the operation of the processor by generating control signals.,The part of the CPU responsible for performing arithmetic and logical operations.,The part of the CPU responsible for performing arithmetic and logical operations.,A,"Instruction Cycle: The basic operation cycle of a computer consisting of fetch, decode, and execute steps.","इंस्ट्रक्शन साइकिल: एक कंप्यूटर का मूल संचालन चक्र जिसमें फ़ेच, डिकोड और निष्पादन चरण शामिल हैं.",Computer Organization & Architecture,कंप्यूटर संगठन एवं आर्किटेक्चर,CPU Organization,CPU संगठन,Hard,1,0.25
"A system designer needs the property described as: The basic operation cycle of a computer consisting of fetch, decode, and execute steps.. Which concept is being used?","एक system designer को यह property चाहिए: एक कंप्यूटर का मूल संचालन चक्र जिसमें फ़ेच, डिकोड और निष्पादन चरण शामिल हैं.। कौन-सा concept उपयोग हो रहा है?","A communication pathway used to transfer data, addresses, and control signals between components of a computer.","A communication pathway used to transfer data, addresses, and control signals between components of a computer.",The part of the CPU that directs the operation of the processor by generating control signals.,The part of the CPU that directs the operation of the processor by generating control signals.,The part of the CPU responsible for performing arithmetic and logical operations.,The part of the CPU responsible for performing arithmetic and logical operations.,"The basic operation cycle of a computer consisting of fetch, decode, and execute steps.","The basic operation cycle of a computer consisting of fetch, decode, and execute steps.",D,"Instruction Cycle: The basic operation cycle of a computer consisting of fetch, decode, and execute steps.","इंस्ट्रक्शन साइकिल: एक कंप्यूटर का मूल संचालन चक्र जिसमें फ़ेच, डिकोड और निष्पादन चरण शामिल हैं.",Computer Organization & Architecture,कंप्यूटर संगठन एवं आर्किटेक्चर,CPU Organization,CPU संगठन,Hard,1,0.25
"Which concept should an engineer identify from this technical description: The basic operation cycle of a computer consisting of fetch, decode, and execute steps.?","इस technical description से engineer को कौन-सा concept पहचानना चाहिए: एक कंप्यूटर का मूल संचालन चक्र जिसमें फ़ेच, डिकोड और निष्पादन चरण शामिल हैं.?",The part of the CPU that directs the operation of the processor by generating control signals.,The part of the CPU that directs the operation of the processor by generating control signals.,The part of the CPU responsible for performing arithmetic and logical operations.,The part of the CPU responsible for performing arithmetic and logical operations.,"The basic operation cycle of a computer consisting of fetch, decode, and execute steps.","The basic operation cycle of a computer consisting of fetch, decode, and execute steps.","A communication pathway used to transfer data, addresses, and control signals between components of a computer.","A communication pathway used to transfer data, addresses, and control signals between components of a computer.",C,"Instruction Cycle: The basic operation cycle of a computer consisting of fetch, decode, and execute steps.","इंस्ट्रक्शन साइकिल: एक कंप्यूटर का मूल संचालन चक्र जिसमें फ़ेच, डिकोड और निष्पादन चरण शामिल हैं.",Computer Organization & Architecture,कंप्यूटर संगठन एवं आर्किटेक्चर,CPU Organization,CPU संगठन,Medium,1,0.25
"In a scenario where the following behavior is required — The basic operation cycle of a computer consisting of fetch, decode, and execute steps. — which concept is appropriate?","जिस scenario में यह behavior चाहिए — एक कंप्यूटर का मूल संचालन चक्र जिसमें फ़ेच, डिकोड और निष्पादन चरण शामिल हैं. — वहाँ कौन-सा concept उपयुक्त है?",The part of the CPU responsible for performing arithmetic and logical operations.,The part of the CPU responsible for performing arithmetic and logical operations.,"The basic operation cycle of a computer consisting of fetch, decode, and execute steps.","The basic operation cycle of a computer consisting of fetch, decode, and execute steps.","A communication pathway used to transfer data, addresses, and control signals between components of a computer.","A communication pathway used to transfer data, addresses, and control signals between components of a computer.",The part of the CPU that directs the operation of the processor by generating control signals.,The part of the CPU that directs the operation of the processor by generating control signals.,B,"Instruction Cycle: The basic operation cycle of a computer consisting of fetch, decode, and execute steps.","इंस्ट्रक्शन साइकिल: एक कंप्यूटर का मूल संचालन चक्र जिसमें फ़ेच, डिकोड और निष्पादन चरण शामिल हैं.",Computer Organization & Architecture,कंप्यूटर संगठन एवं आर्किटेक्चर,CPU Organization,CPU संगठन,Hard,1,0.25
"An exam asks which concept would be selected when the requirement is: A communication pathway used to transfer data, addresses, and control signals between components of a computer.. Which concept fits best?","एक परीक्षा में आवश्यकता दी गई है: एक कंप्यूटर के घटकों के बीच डेटा, पते और नियंत्रण संकेतों को स्थानांतरित करने के लिए उपयोग किया जाने वाला संचार मार्ग.। इसके लिए सबसे उपयुक्त concept कौन-सा है?","A communication pathway used to transfer data, addresses, and control signals between components of a computer.","A communication pathway used to transfer data, addresses, and control signals between components of a computer.",The part of the CPU that directs the operation of the processor by generating control signals.,The part of the CPU that directs the operation of the processor by generating control signals.,The part of the CPU responsible for performing arithmetic and logical operations.,The part of the CPU responsible for performing arithmetic and logical operations.,A register that holds the memory address of the next instruction to be executed.,A register that holds the memory address of the next instruction to be executed.,A,"System Bus: A communication pathway used to transfer data, addresses, and control signals between components of a computer.","सिस्टम बस: एक कंप्यूटर के घटकों के बीच डेटा, पते और नियंत्रण संकेतों को स्थानांतरित करने के लिए उपयोग किया जाने वाला संचार मार्ग.",Computer Organization & Architecture,कंप्यूटर संगठन एवं आर्किटेक्चर,CPU Organization,CPU संगठन,Hard,1,0.25
"A system designer needs the property described as: A communication pathway used to transfer data, addresses, and control signals between components of a computer.. Which concept is being used?","एक system designer को यह property चाहिए: एक कंप्यूटर के घटकों के बीच डेटा, पते और नियंत्रण संकेतों को स्थानांतरित करने के लिए उपयोग किया जाने वाला संचार मार्ग.। कौन-सा concept उपयोग हो रहा है?",The part of the CPU that directs the operation of the processor by generating control signals.,The part of the CPU that directs the operation of the processor by generating control signals.,The part of the CPU responsible for performing arithmetic and logical operations.,The part of the CPU responsible for performing arithmetic and logical operations.,A register that holds the memory address of the next instruction to be executed.,A register that holds the memory address of the next instruction to be executed.,"A communication pathway used to transfer data, addresses, and control signals between components of a computer.","A communication pathway used to transfer data, addresses, and control signals between components of a computer.",D,"System Bus: A communication pathway used to transfer data, addresses, and control signals between components of a computer.","सिस्टम बस: एक कंप्यूटर के घटकों के बीच डेटा, पते और नियंत्रण संकेतों को स्थानांतरित करने के लिए उपयोग किया जाने वाला संचार मार्ग.",Computer Organization & Architecture,कंप्यूटर संगठन एवं आर्किटेक्चर,CPU Organization,CPU संगठन,Medium,1,0.25
"Which concept should an engineer identify from this technical description: A communication pathway used to transfer data, addresses, and control signals between components of a computer.?","इस technical description से engineer को कौन-सा concept पहचानना चाहिए: एक कंप्यूटर के घटकों के बीच डेटा, पते और नियंत्रण संकेतों को स्थानांतरित करने के लिए उपयोग किया जाने वाला संचार मार्ग.?",The part of the CPU responsible for performing arithmetic and logical operations.,The part of the CPU responsible for performing arithmetic and logical operations.,A register that holds the memory address of the next instruction to be executed.,A register that holds the memory address of the next instruction to be executed.,"A communication pathway used to transfer data, addresses, and control signals between components of a computer.","A communication pathway used to transfer data, addresses, and control signals between components of a computer.",The part of the CPU that directs the operation of the processor by generating control signals.,The part of the CPU that directs the operation of the processor by generating control signals.,C,"System Bus: A communication pathway used to transfer data, addresses, and control signals between components of a computer.","सिस्टम बस: एक कंप्यूटर के घटकों के बीच डेटा, पते और नियंत्रण संकेतों को स्थानांतरित करने के लिए उपयोग किया जाने वाला संचार मार्ग.",Computer Organization & Architecture,कंप्यूटर संगठन एवं आर्किटेक्चर,CPU Organization,CPU संगठन,Hard,1,0.25
"In a scenario where the following behavior is required — A communication pathway used to transfer data, addresses, and control signals between components of a computer. — which concept is appropriate?","जिस scenario में यह behavior चाहिए — एक कंप्यूटर के घटकों के बीच डेटा, पते और नियंत्रण संकेतों को स्थानांतरित करने के लिए उपयोग किया जाने वाला संचार मार्ग. — वहाँ कौन-सा concept उपयुक्त है?",A register that holds the memory address of the next instruction to be executed.,A register that holds the memory address of the next instruction to be executed.,"A communication pathway used to transfer data, addresses, and control signals between components of a computer.","A communication pathway used to transfer data, addresses, and control signals between components of a computer.",The part of the CPU that directs the operation of the processor by generating control signals.,The part of the CPU that directs the operation of the processor by generating control signals.,The part of the CPU responsible for performing arithmetic and logical operations.,The part of the CPU responsible for performing arithmetic and logical operations.,B,"System Bus: A communication pathway used to transfer data, addresses, and control signals between components of a computer.","सिस्टम बस: एक कंप्यूटर के घटकों के बीच डेटा, पते और नियंत्रण संकेतों को स्थानांतरित करने के लिए उपयोग किया जाने वाला संचार मार्ग.",Computer Organization & Architecture,कंप्यूटर संगठन एवं आर्किटेक्चर,CPU Organization,CPU संगठन,Hard,1,0.25
An exam asks which concept would be selected when the requirement is: The part of the CPU that directs the operation of the processor by generating control signals.. Which concept fits best?,एक परीक्षा में आवश्यकता दी गई है: CPU का वह हिस्सा जो नियंत्रण संकेत उत्पन्न करके प्रोसेसर के संचालन को निर्देशित करता है.। इसके लिए सबसे उपयुक्त concept कौन-सा है?,The part of the CPU that directs the operation of the processor by generating control signals.,The part of the CPU that directs the operation of the processor by generating control signals.,The part of the CPU responsible for performing arithmetic and logical operations.,The part of the CPU responsible for performing arithmetic and logical operations.,A register that holds the memory address of the next instruction to be executed.,A register that holds the memory address of the next instruction to be executed.,A register used to store intermediate results of arithmetic and logic operations.,A register used to store intermediate results of arithmetic and logic operations.,A,Control Unit: The part of the CPU that directs the operation of the processor by generating control signals.,कंट्रोल यूनिट: CPU का वह हिस्सा जो नियंत्रण संकेत उत्पन्न करके प्रोसेसर के संचालन को निर्देशित करता है.,Computer Organization & Architecture,कंप्यूटर संगठन एवं आर्किटेक्चर,CPU Organization,CPU संगठन,Medium,1,0.25
A system designer needs the property described as: The part of the CPU that directs the operation of the processor by generating control signals.. Which concept is being used?,एक system designer को यह property चाहिए: CPU का वह हिस्सा जो नियंत्रण संकेत उत्पन्न करके प्रोसेसर के संचालन को निर्देशित करता है.। कौन-सा concept उपयोग हो रहा है?,The part of the CPU responsible for performing arithmetic and logical operations.,The part of the CPU responsible for performing arithmetic and logical operations.,A register that holds the memory address of the next instruction to be executed.,A register that holds the memory address of the next instruction to be executed.,A register used to store intermediate results of arithmetic and logic operations.,A register used to store intermediate results of arithmetic and logic operations.,The part of the CPU that directs the operation of the processor by generating control signals.,The part of the CPU that directs the operation of the processor by generating control signals.,D,Control Unit: The part of the CPU that directs the operation of the processor by generating control signals.,कंट्रोल यूनिट: CPU का वह हिस्सा जो नियंत्रण संकेत उत्पन्न करके प्रोसेसर के संचालन को निर्देशित करता है.,Computer Organization & Architecture,कंप्यूटर संगठन एवं आर्किटेक्चर,CPU Organization,CPU संगठन,Hard,1,0.25
Which concept should an engineer identify from this technical description: The part of the CPU that directs the operation of the processor by generating control signals.?,इस technical description से engineer को कौन-सा concept पहचानना चाहिए: CPU का वह हिस्सा जो नियंत्रण संकेत उत्पन्न करके प्रोसेसर के संचालन को निर्देशित करता है.?,A register that holds the memory address of the next instruction to be executed.,A register that holds the memory address of the next instruction to be executed.,A register used to store intermediate results of arithmetic and logic operations.,A register used to store intermediate results of arithmetic and logic operations.,The part of the CPU that directs the operation of the processor by generating control signals.,The part of the CPU that directs the operation of the processor by generating control signals.,The part of the CPU responsible for performing arithmetic and logical operations.,The part of the CPU responsible for performing arithmetic and logical operations.,C,Control Unit: The part of the CPU that directs the operation of the processor by generating control signals.,कंट्रोल यूनिट: CPU का वह हिस्सा जो नियंत्रण संकेत उत्पन्न करके प्रोसेसर के संचालन को निर्देशित करता है.,Computer Organization & Architecture,कंप्यूटर संगठन एवं आर्किटेक्चर,CPU Organization,CPU संगठन,Hard,1,0.25
In a scenario where the following behavior is required — The part of the CPU that directs the operation of the processor by generating control signals. — which concept is appropriate?,जिस scenario में यह behavior चाहिए — CPU का वह हिस्सा जो नियंत्रण संकेत उत्पन्न करके प्रोसेसर के संचालन को निर्देशित करता है. — वहाँ कौन-सा concept उपयुक्त है?,A register used to store intermediate results of arithmetic and logic operations.,A register used to store intermediate results of arithmetic and logic operations.,The part of the CPU that directs the operation of the processor by generating control signals.,The part of the CPU that directs the operation of the processor by generating control signals.,The part of the CPU responsible for performing arithmetic and logical operations.,The part of the CPU responsible for performing arithmetic and logical operations.,A register that holds the memory address of the next instruction to be executed.,A register that holds the memory address of the next instruction to be executed.,B,Control Unit: The part of the CPU that directs the operation of the processor by generating control signals.,कंट्रोल यूनिट: CPU का वह हिस्सा जो नियंत्रण संकेत उत्पन्न करके प्रोसेसर के संचालन को निर्देशित करता है.,Computer Organization & Architecture,कंप्यूटर संगठन एवं आर्किटेक्चर,CPU Organization,CPU संगठन,Medium,1,0.25
An exam asks which concept would be selected when the requirement is: The part of the CPU responsible for performing arithmetic and logical operations.. Which concept fits best?,एक परीक्षा में आवश्यकता दी गई है: CPU का वह हिस्सा जो अंकगणितीय और तार्किक संचालन करने के लिए जिम्मेदार है.। इसके लिए सबसे उपयुक्त concept कौन-सा है?,The part of the CPU responsible for performing arithmetic and logical operations.,The part of the CPU responsible for performing arithmetic and logical operations.,A register that holds the memory address of the next instruction to be executed.,A register that holds the memory address of the next instruction to be executed.,A register used to store intermediate results of arithmetic and logic operations.,A register used to store intermediate results of arithmetic and logic operations.,"A small, high-speed memory located close to the CPU that stores frequently accessed data for quick retrieval.","A small, high-speed memory located close to the CPU that stores frequently accessed data for quick retrieval.",A,ALU (Arithmetic Logic Unit): The part of the CPU responsible for performing arithmetic and logical operations.,ALU (अंकगणित तर्क इकाई): CPU का वह हिस्सा जो अंकगणितीय और तार्किक संचालन करने के लिए जिम्मेदार है.,Computer Organization & Architecture,कंप्यूटर संगठन एवं आर्किटेक्चर,CPU Organization,CPU संगठन,Hard,1,0.25
A system designer needs the property described as: The part of the CPU responsible for performing arithmetic and logical operations.. Which concept is being used?,एक system designer को यह property चाहिए: CPU का वह हिस्सा जो अंकगणितीय और तार्किक संचालन करने के लिए जिम्मेदार है.। कौन-सा concept उपयोग हो रहा है?,A register that holds the memory address of the next instruction to be executed.,A register that holds the memory address of the next instruction to be executed.,A register used to store intermediate results of arithmetic and logic operations.,A register used to store intermediate results of arithmetic and logic operations.,"A small, high-speed memory located close to the CPU that stores frequently accessed data for quick retrieval.","A small, high-speed memory located close to the CPU that stores frequently accessed data for quick retrieval.",The part of the CPU responsible for performing arithmetic and logical operations.,The part of the CPU responsible for performing arithmetic and logical operations.,D,ALU (Arithmetic Logic Unit): The part of the CPU responsible for performing arithmetic and logical operations.,ALU (अंकगणित तर्क इकाई): CPU का वह हिस्सा जो अंकगणितीय और तार्किक संचालन करने के लिए जिम्मेदार है.,Computer Organization & Architecture,कंप्यूटर संगठन एवं आर्किटेक्चर,CPU Organization,CPU संगठन,Hard,1,0.25
Which concept should an engineer identify from this technical description: The part of the CPU responsible for performing arithmetic and logical operations.?,इस technical description से engineer को कौन-सा concept पहचानना चाहिए: CPU का वह हिस्सा जो अंकगणितीय और तार्किक संचालन करने के लिए जिम्मेदार है.?,A register used to store intermediate results of arithmetic and logic operations.,A register used to store intermediate results of arithmetic and logic operations.,"A small, high-speed memory located close to the CPU that stores frequently accessed data for quick retrieval.","A small, high-speed memory located close to the CPU that stores frequently accessed data for quick retrieval.",The part of the CPU responsible for performing arithmetic and logical operations.,The part of the CPU responsible for performing arithmetic and logical operations.,A register that holds the memory address of the next instruction to be executed.,A register that holds the memory address of the next instruction to be executed.,C,ALU (Arithmetic Logic Unit): The part of the CPU responsible for performing arithmetic and logical operations.,ALU (अंकगणित तर्क इकाई): CPU का वह हिस्सा जो अंकगणितीय और तार्किक संचालन करने के लिए जिम्मेदार है.,Computer Organization & Architecture,कंप्यूटर संगठन एवं आर्किटेक्चर,CPU Organization,CPU संगठन,Medium,1,0.25
In a scenario where the following behavior is required — The part of the CPU responsible for performing arithmetic and logical operations. — which concept is appropriate?,जिस scenario में यह behavior चाहिए — CPU का वह हिस्सा जो अंकगणितीय और तार्किक संचालन करने के लिए जिम्मेदार है. — वहाँ कौन-सा concept उपयुक्त है?,"A small, high-speed memory located close to the CPU that stores frequently accessed data for quick retrieval.","A small, high-speed memory located close to the CPU that stores frequently accessed data for quick retrieval.",The part of the CPU responsible for performing arithmetic and logical operations.,The part of the CPU responsible for performing arithmetic and logical operations.,A register that holds the memory address of the next instruction to be executed.,A register that holds the memory address of the next instruction to be executed.,A register used to store intermediate results of arithmetic and logic operations.,A register used to store intermediate results of arithmetic and logic operations.,B,ALU (Arithmetic Logic Unit): The part of the CPU responsible for performing arithmetic and logical operations.,ALU (अंकगणित तर्क इकाई): CPU का वह हिस्सा जो अंकगणितीय और तार्किक संचालन करने के लिए जिम्मेदार है.,Computer Organization & Architecture,कंप्यूटर संगठन एवं आर्किटेक्चर,CPU Organization,CPU संगठन,Hard,1,0.25
An exam asks which concept would be selected when the requirement is: A register that holds the memory address of the next instruction to be executed.. Which concept fits best?,एक परीक्षा में आवश्यकता दी गई है: एक रजिस्टर जो अगले निष्पादित किए जाने वाले निर्देश का मेमोरी पता रखता है.। इसके लिए सबसे उपयुक्त concept कौन-सा है?,A register that holds the memory address of the next instruction to be executed.,A register that holds the memory address of the next instruction to be executed.,A register used to store intermediate results of arithmetic and logic operations.,A register used to store intermediate results of arithmetic and logic operations.,"A small, high-speed memory located close to the CPU that stores frequently accessed data for quick retrieval.","A small, high-speed memory located close to the CPU that stores frequently accessed data for quick retrieval.","A small, very fast storage location within the CPU used to hold data temporarily during processing.","A small, very fast storage location within the CPU used to hold data temporarily during processing.",A,Program Counter: A register that holds the memory address of the next instruction to be executed.,प्रोग्राम काउंटर: एक रजिस्टर जो अगले निष्पादित किए जाने वाले निर्देश का मेमोरी पता रखता है.,Computer Organization & Architecture,कंप्यूटर संगठन एवं आर्किटेक्चर,CPU Organization,CPU संगठन,Hard,1,0.25
A system designer needs the property described as: A register that holds the memory address of the next instruction to be executed.. Which concept is being used?,एक system designer को यह property चाहिए: एक रजिस्टर जो अगले निष्पादित किए जाने वाले निर्देश का मेमोरी पता रखता है.। कौन-सा concept उपयोग हो रहा है?,A register used to store intermediate results of arithmetic and logic operations.,A register used to store intermediate results of arithmetic and logic operations.,"A small, high-speed memory located close to the CPU that stores frequently accessed data for quick retrieval.","A small, high-speed memory located close to the CPU that stores frequently accessed data for quick retrieval.","A small, very fast storage location within the CPU used to hold data temporarily during processing.","A small, very fast storage location within the CPU used to hold data temporarily during processing.",A register that holds the memory address of the next instruction to be executed.,A register that holds the memory address of the next instruction to be executed.,D,Program Counter: A register that holds the memory address of the next instruction to be executed.,प्रोग्राम काउंटर: एक रजिस्टर जो अगले निष्पादित किए जाने वाले निर्देश का मेमोरी पता रखता है.,Computer Organization & Architecture,कंप्यूटर संगठन एवं आर्किटेक्चर,CPU Organization,CPU संगठन,Medium,1,0.25
Which concept should an engineer identify from this technical description: A register that holds the memory address of the next instruction to be executed.?,इस technical description से engineer को कौन-सा concept पहचानना चाहिए: एक रजिस्टर जो अगले निष्पादित किए जाने वाले निर्देश का मेमोरी पता रखता है.?,"A small, high-speed memory located close to the CPU that stores frequently accessed data for quick retrieval.","A small, high-speed memory located close to the CPU that stores frequently accessed data for quick retrieval.","A small, very fast storage location within the CPU used to hold data temporarily during processing.","A small, very fast storage location within the CPU used to hold data temporarily during processing.",A register that holds the memory address of the next instruction to be executed.,A register that holds the memory address of the next instruction to be executed.,A register used to store intermediate results of arithmetic and logic operations.,A register used to store intermediate results of arithmetic and logic operations.,C,Program Counter: A register that holds the memory address of the next instruction to be executed.,प्रोग्राम काउंटर: एक रजिस्टर जो अगले निष्पादित किए जाने वाले निर्देश का मेमोरी पता रखता है.,Computer Organization & Architecture,कंप्यूटर संगठन एवं आर्किटेक्चर,CPU Organization,CPU संगठन,Hard,1,0.25
In a scenario where the following behavior is required — A register that holds the memory address of the next instruction to be executed. — which concept is appropriate?,जिस scenario में यह behavior चाहिए — एक रजिस्टर जो अगले निष्पादित किए जाने वाले निर्देश का मेमोरी पता रखता है. — वहाँ कौन-सा concept उपयुक्त है?,"A small, very fast storage location within the CPU used to hold data temporarily during processing.","A small, very fast storage location within the CPU used to hold data temporarily during processing.",A register that holds the memory address of the next instruction to be executed.,A register that holds the memory address of the next instruction to be executed.,A register used to store intermediate results of arithmetic and logic operations.,A register used to store intermediate results of arithmetic and logic operations.,"A small, high-speed memory located close to the CPU that stores frequently accessed data for quick retrieval.","A small, high-speed memory located close to the CPU that stores frequently accessed data for quick retrieval.",B,Program Counter: A register that holds the memory address of the next instruction to be executed.,प्रोग्राम काउंटर: एक रजिस्टर जो अगले निष्पादित किए जाने वाले निर्देश का मेमोरी पता रखता है.,Computer Organization & Architecture,कंप्यूटर संगठन एवं आर्किटेक्चर,CPU Organization,CPU संगठन,Hard,1,0.25
An exam asks which concept would be selected when the requirement is: A register used to store intermediate results of arithmetic and logic operations.. Which concept fits best?,एक परीक्षा में आवश्यकता दी गई है: एक रजिस्टर जिसका उपयोग अंकगणितीय और तर्क संचालन के मध्यवर्ती परिणामों को संग्रहीत करने के लिए किया जाता है.। इसके लिए सबसे उपयुक्त concept कौन-सा है?,A register used to store intermediate results of arithmetic and logic operations.,A register used to store intermediate results of arithmetic and logic operations.,"A small, high-speed memory located close to the CPU that stores frequently accessed data for quick retrieval.","A small, high-speed memory located close to the CPU that stores frequently accessed data for quick retrieval.","A small, very fast storage location within the CPU used to hold data temporarily during processing.","A small, very fast storage location within the CPU used to hold data temporarily during processing.",A technique that allows multiple instruction stages to overlap in execution to increase CPU throughput.,A technique that allows multiple instruction stages to overlap in execution to increase CPU throughput.,A,Accumulator: A register used to store intermediate results of arithmetic and logic operations.,एक्युमुलेटर: एक रजिस्टर जिसका उपयोग अंकगणितीय और तर्क संचालन के मध्यवर्ती परिणामों को संग्रहीत करने के लिए किया जाता है.,Computer Organization & Architecture,कंप्यूटर संगठन एवं आर्किटेक्चर,CPU Organization,CPU संगठन,Medium,1,0.25
A system designer needs the property described as: A register used to store intermediate results of arithmetic and logic operations.. Which concept is being used?,एक system designer को यह property चाहिए: एक रजिस्टर जिसका उपयोग अंकगणितीय और तर्क संचालन के मध्यवर्ती परिणामों को संग्रहीत करने के लिए किया जाता है.। कौन-सा concept उपयोग हो रहा है?,"A small, high-speed memory located close to the CPU that stores frequently accessed data for quick retrieval.","A small, high-speed memory located close to the CPU that stores frequently accessed data for quick retrieval.","A small, very fast storage location within the CPU used to hold data temporarily during processing.","A small, very fast storage location within the CPU used to hold data temporarily during processing.",A technique that allows multiple instruction stages to overlap in execution to increase CPU throughput.,A technique that allows multiple instruction stages to overlap in execution to increase CPU throughput.,A register used to store intermediate results of arithmetic and logic operations.,A register used to store intermediate results of arithmetic and logic operations.,D,Accumulator: A register used to store intermediate results of arithmetic and logic operations.,एक्युमुलेटर: एक रजिस्टर जिसका उपयोग अंकगणितीय और तर्क संचालन के मध्यवर्ती परिणामों को संग्रहीत करने के लिए किया जाता है.,Computer Organization & Architecture,कंप्यूटर संगठन एवं आर्किटेक्चर,CPU Organization,CPU संगठन,Hard,1,0.25
Which concept should an engineer identify from this technical description: A register used to store intermediate results of arithmetic and logic operations.?,इस technical description से engineer को कौन-सा concept पहचानना चाहिए: एक रजिस्टर जिसका उपयोग अंकगणितीय और तर्क संचालन के मध्यवर्ती परिणामों को संग्रहीत करने के लिए किया जाता है.?,"A small, very fast storage location within the CPU used to hold data temporarily during processing.","A small, very fast storage location within the CPU used to hold data temporarily during processing.",A technique that allows multiple instruction stages to overlap in execution to increase CPU throughput.,A technique that allows multiple instruction stages to overlap in execution to increase CPU throughput.,A register used to store intermediate results of arithmetic and logic operations.,A register used to store intermediate results of arithmetic and logic operations.,"A small, high-speed memory located close to the CPU that stores frequently accessed data for quick retrieval.","A small, high-speed memory located close to the CPU that stores frequently accessed data for quick retrieval.",C,Accumulator: A register used to store intermediate results of arithmetic and logic operations.,एक्युमुलेटर: एक रजिस्टर जिसका उपयोग अंकगणितीय और तर्क संचालन के मध्यवर्ती परिणामों को संग्रहीत करने के लिए किया जाता है.,Computer Organization & Architecture,कंप्यूटर संगठन एवं आर्किटेक्चर,CPU Organization,CPU संगठन,Hard,1,0.25
In a scenario where the following behavior is required — A register used to store intermediate results of arithmetic and logic operations. — which concept is appropriate?,जिस scenario में यह behavior चाहिए — एक रजिस्टर जिसका उपयोग अंकगणितीय और तर्क संचालन के मध्यवर्ती परिणामों को संग्रहीत करने के लिए किया जाता है. — वहाँ कौन-सा concept उपयुक्त है?,A technique that allows multiple instruction stages to overlap in execution to increase CPU throughput.,A technique that allows multiple instruction stages to overlap in execution to increase CPU throughput.,A register used to store intermediate results of arithmetic and logic operations.,A register used to store intermediate results of arithmetic and logic operations.,"A small, high-speed memory located close to the CPU that stores frequently accessed data for quick retrieval.","A small, high-speed memory located close to the CPU that stores frequently accessed data for quick retrieval.","A small, very fast storage location within the CPU used to hold data temporarily during processing.","A small, very fast storage location within the CPU used to hold data temporarily during processing.",B,Accumulator: A register used to store intermediate results of arithmetic and logic operations.,एक्युमुलेटर: एक रजिस्टर जिसका उपयोग अंकगणितीय और तर्क संचालन के मध्यवर्ती परिणामों को संग्रहीत करने के लिए किया जाता है.,Computer Organization & Architecture,कंप्यूटर संगठन एवं आर्किटेक्चर,CPU Organization,CPU संगठन,Medium,1,0.25
An exam asks which concept would be selected when the requirement is: A variable that stores the memory address of another variable.. Which concept fits best?,एक परीक्षा में आवश्यकता दी गई है: एक वेरिएबल जो किसी अन्य वेरिएबल का मेमोरी पता संग्रहीत करता है.। इसके लिए सबसे उपयुक्त concept कौन-सा है?,A variable that stores the memory address of another variable.,A variable that stores the memory address of another variable.,A collection of elements of the same data type stored in contiguous memory locations.,A collection of elements of the same data type stored in contiguous memory locations.,A user-defined data type that groups variables of different data types under a single name.,A user-defined data type that groups variables of different data types under a single name.,"A user-defined data type where all members share the same memory location, unlike a structure.","A user-defined data type where all members share the same memory location, unlike a structure.",A,Pointer: A variable that stores the memory address of another variable.,पॉइंटर: एक वेरिएबल जो किसी अन्य वेरिएबल का मेमोरी पता संग्रहीत करता है.,Programming in C & Data Structures,C प्रोग्रामिंग एवं डेटा संरचनाएँ,C Programming,C प्रोग्रामिंग,Medium,1,0.25
A system designer needs the property described as: A variable that stores the memory address of another variable.. Which concept is being used?,एक system designer को यह property चाहिए: एक वेरिएबल जो किसी अन्य वेरिएबल का मेमोरी पता संग्रहीत करता है.। कौन-सा concept उपयोग हो रहा है?,A collection of elements of the same data type stored in contiguous memory locations.,A collection of elements of the same data type stored in contiguous memory locations.,A user-defined data type that groups variables of different data types under a single name.,A user-defined data type that groups variables of different data types under a single name.,"A user-defined data type where all members share the same memory location, unlike a structure.","A user-defined data type where all members share the same memory location, unlike a structure.",A variable that stores the memory address of another variable.,A variable that stores the memory address of another variable.,D,Pointer: A variable that stores the memory address of another variable.,पॉइंटर: एक वेरिएबल जो किसी अन्य वेरिएबल का मेमोरी पता संग्रहीत करता है.,Programming in C & Data Structures,C प्रोग्रामिंग एवं डेटा संरचनाएँ,C Programming,C प्रोग्रामिंग,Hard,1,0.25
Which concept should an engineer identify from this technical description: A variable that stores the memory address of another variable.?,इस technical description से engineer को कौन-सा concept पहचानना चाहिए: एक वेरिएबल जो किसी अन्य वेरिएबल का मेमोरी पता संग्रहीत करता है.?,A user-defined data type that groups variables of different data types under a single name.,A user-defined data type that groups variables of different data types under a single name.,"A user-defined data type where all members share the same memory location, unlike a structure.","A user-defined data type where all members share the same memory location, unlike a structure.",A variable that stores the memory address of another variable.,A variable that stores the memory address of another variable.,A collection of elements of the same data type stored in contiguous memory locations.,A collection of elements of the same data type stored in contiguous memory locations.,C,Pointer: A variable that stores the memory address of another variable.,पॉइंटर: एक वेरिएबल जो किसी अन्य वेरिएबल का मेमोरी पता संग्रहीत करता है.,Programming in C & Data Structures,C प्रोग्रामिंग एवं डेटा संरचनाएँ,C Programming,C प्रोग्रामिंग,Hard,1,0.25
In a scenario where the following behavior is required — A variable that stores the memory address of another variable. — which concept is appropriate?,जिस scenario में यह behavior चाहिए — एक वेरिएबल जो किसी अन्य वेरिएबल का मेमोरी पता संग्रहीत करता है. — वहाँ कौन-सा concept उपयुक्त है?,"A user-defined data type where all members share the same memory location, unlike a structure.","A user-defined data type where all members share the same memory location, unlike a structure.",A variable that stores the memory address of another variable.,A variable that stores the memory address of another variable.,A collection of elements of the same data type stored in contiguous memory locations.,A collection of elements of the same data type stored in contiguous memory locations.,A user-defined data type that groups variables of different data types under a single name.,A user-defined data type that groups variables of different data types under a single name.,B,Pointer: A variable that stores the memory address of another variable.,पॉइंटर: एक वेरिएबल जो किसी अन्य वेरिएबल का मेमोरी पता संग्रहीत करता है.,Programming in C & Data Structures,C प्रोग्रामिंग एवं डेटा संरचनाएँ,C Programming,C प्रोग्रामिंग,Medium,1,0.25
An exam asks which concept would be selected when the requirement is: A collection of elements of the same data type stored in contiguous memory locations.. Which concept fits best?,एक परीक्षा में आवश्यकता दी गई है: समान डेटा प्रकार के तत्वों का एक संग्रह जो सन्निहित मेमोरी स्थानों में संग्रहीत होता है.। इसके लिए सबसे उपयुक्त concept कौन-सा है?,A collection of elements of the same data type stored in contiguous memory locations.,A collection of elements of the same data type stored in contiguous memory locations.,A user-defined data type that groups variables of different data types under a single name.,A user-defined data type that groups variables of different data types under a single name.,"A user-defined data type where all members share the same memory location, unlike a structure.","A user-defined data type where all members share the same memory location, unlike a structure.","A block of code designed to perform a particular task, which can be called and reused.","A block of code designed to perform a particular task, which can be called and reused.",A,Array: A collection of elements of the same data type stored in contiguous memory locations.,ऐरे (Array): समान डेटा प्रकार के तत्वों का एक संग्रह जो सन्निहित मेमोरी स्थानों में संग्रहीत होता है.,Programming in C & Data Structures,C प्रोग्रामिंग एवं डेटा संरचनाएँ,C Programming,C प्रोग्रामिंग,Hard,1,0.25
A system designer needs the property described as: A collection of elements of the same data type stored in contiguous memory locations.. Which concept is being used?,एक system designer को यह property चाहिए: समान डेटा प्रकार के तत्वों का एक संग्रह जो सन्निहित मेमोरी स्थानों में संग्रहीत होता है.। कौन-सा concept उपयोग हो रहा है?,A user-defined data type that groups variables of different data types under a single name.,A user-defined data type that groups variables of different data types under a single name.,"A user-defined data type where all members share the same memory location, unlike a structure.","A user-defined data type where all members share the same memory location, unlike a structure.","A block of code designed to perform a particular task, which can be called and reused.","A block of code designed to perform a particular task, which can be called and reused.",A collection of elements of the same data type stored in contiguous memory locations.,A collection of elements of the same data type stored in contiguous memory locations.,D,Array: A collection of elements of the same data type stored in contiguous memory locations.,ऐरे (Array): समान डेटा प्रकार के तत्वों का एक संग्रह जो सन्निहित मेमोरी स्थानों में संग्रहीत होता है.,Programming in C & Data Structures,C प्रोग्रामिंग एवं डेटा संरचनाएँ,C Programming,C प्रोग्रामिंग,Hard,1,0.25
Which concept should an engineer identify from this technical description: A collection of elements of the same data type stored in contiguous memory locations.?,इस technical description से engineer को कौन-सा concept पहचानना चाहिए: समान डेटा प्रकार के तत्वों का एक संग्रह जो सन्निहित मेमोरी स्थानों में संग्रहीत होता है.?,"A user-defined data type where all members share the same memory location, unlike a structure.","A user-defined data type where all members share the same memory location, unlike a structure.","A block of code designed to perform a particular task, which can be called and reused.","A block of code designed to perform a particular task, which can be called and reused.",A collection of elements of the same data type stored in contiguous memory locations.,A collection of elements of the same data type stored in contiguous memory locations.,A user-defined data type that groups variables of different data types under a single name.,A user-defined data type that groups variables of different data types under a single name.,C,Array: A collection of elements of the same data type stored in contiguous memory locations.,ऐरे (Array): समान डेटा प्रकार के तत्वों का एक संग्रह जो सन्निहित मेमोरी स्थानों में संग्रहीत होता है.,Programming in C & Data Structures,C प्रोग्रामिंग एवं डेटा संरचनाएँ,C Programming,C प्रोग्रामिंग,Medium,1,0.25
In a scenario where the following behavior is required — A collection of elements of the same data type stored in contiguous memory locations. — which concept is appropriate?,जिस scenario में यह behavior चाहिए — समान डेटा प्रकार के तत्वों का एक संग्रह जो सन्निहित मेमोरी स्थानों में संग्रहीत होता है. — वहाँ कौन-सा concept उपयुक्त है?,"A block of code designed to perform a particular task, which can be called and reused.","A block of code designed to perform a particular task, which can be called and reused.",A collection of elements of the same data type stored in contiguous memory locations.,A collection of elements of the same data type stored in contiguous memory locations.,A user-defined data type that groups variables of different data types under a single name.,A user-defined data type that groups variables of different data types under a single name.,"A user-defined data type where all members share the same memory location, unlike a structure.","A user-defined data type where all members share the same memory location, unlike a structure.",B,Array: A collection of elements of the same data type stored in contiguous memory locations.,ऐरे (Array): समान डेटा प्रकार के तत्वों का एक संग्रह जो सन्निहित मेमोरी स्थानों में संग्रहीत होता है.,Programming in C & Data Structures,C प्रोग्रामिंग एवं डेटा संरचनाएँ,C Programming,C प्रोग्रामिंग,Hard,1,0.25
An exam asks which concept would be selected when the requirement is: A user-defined data type that groups variables of different data types under a single name.. Which concept fits best?,एक परीक्षा में आवश्यकता दी गई है: एक उपयोगकर्ता-परिभाषित डेटा प्रकार जो विभिन्न डेटा प्रकारों के वेरिएबल्स को एक ही नाम के अंतर्गत समूहित करता है.। इसके लिए सबसे उपयुक्त concept कौन-सा है?,A user-defined data type that groups variables of different data types under a single name.,A user-defined data type that groups variables of different data types under a single name.,"A user-defined data type where all members share the same memory location, unlike a structure.","A user-defined data type where all members share the same memory location, unlike a structure.","A block of code designed to perform a particular task, which can be called and reused.","A block of code designed to perform a particular task, which can be called and reused.",A technique where a function calls itself directly or indirectly to solve a problem.,A technique where a function calls itself directly or indirectly to solve a problem.,A,Structure (struct): A user-defined data type that groups variables of different data types under a single name.,स्ट्रक्चर (struct): एक उपयोगकर्ता-परिभाषित डेटा प्रकार जो विभिन्न डेटा प्रकारों के वेरिएबल्स को एक ही नाम के अंतर्गत समूहित करता है.,Programming in C & Data Structures,C प्रोग्रामिंग एवं डेटा संरचनाएँ,C Programming,C प्रोग्रामिंग,Hard,1,0.25
A system designer needs the property described as: A user-defined data type that groups variables of different data types under a single name.. Which concept is being used?,एक system designer को यह property चाहिए: एक उपयोगकर्ता-परिभाषित डेटा प्रकार जो विभिन्न डेटा प्रकारों के वेरिएबल्स को एक ही नाम के अंतर्गत समूहित करता है.। कौन-सा concept उपयोग हो रहा है?,"A user-defined data type where all members share the same memory location, unlike a structure.","A user-defined data type where all members share the same memory location, unlike a structure.","A block of code designed to perform a particular task, which can be called and reused.","A block of code designed to perform a particular task, which can be called and reused.",A technique where a function calls itself directly or indirectly to solve a problem.,A technique where a function calls itself directly or indirectly to solve a problem.,A user-defined data type that groups variables of different data types under a single name.,A user-defined data type that groups variables of different data types under a single name.,D,Structure (struct): A user-defined data type that groups variables of different data types under a single name.,स्ट्रक्चर (struct): एक उपयोगकर्ता-परिभाषित डेटा प्रकार जो विभिन्न डेटा प्रकारों के वेरिएबल्स को एक ही नाम के अंतर्गत समूहित करता है.,Programming in C & Data Structures,C प्रोग्रामिंग एवं डेटा संरचनाएँ,C Programming,C प्रोग्रामिंग,Medium,1,0.25
Which concept should an engineer identify from this technical description: A user-defined data type that groups variables of different data types under a single name.?,इस technical description से engineer को कौन-सा concept पहचानना चाहिए: एक उपयोगकर्ता-परिभाषित डेटा प्रकार जो विभिन्न डेटा प्रकारों के वेरिएबल्स को एक ही नाम के अंतर्गत समूहित करता है.?,"A block of code designed to perform a particular task, which can be called and reused.","A block of code designed to perform a particular task, which can be called and reused.",A technique where a function calls itself directly or indirectly to solve a problem.,A technique where a function calls itself directly or indirectly to solve a problem.,A user-defined data type that groups variables of different data types under a single name.,A user-defined data type that groups variables of different data types under a single name.,"A user-defined data type where all members share the same memory location, unlike a structure.","A user-defined data type where all members share the same memory location, unlike a structure.",C,Structure (struct): A user-defined data type that groups variables of different data types under a single name.,स्ट्रक्चर (struct): एक उपयोगकर्ता-परिभाषित डेटा प्रकार जो विभिन्न डेटा प्रकारों के वेरिएबल्स को एक ही नाम के अंतर्गत समूहित करता है.,Programming in C & Data Structures,C प्रोग्रामिंग एवं डेटा संरचनाएँ,C Programming,C प्रोग्रामिंग,Hard,1,0.25
In a scenario where the following behavior is required — A user-defined data type that groups variables of different data types under a single name. — which concept is appropriate?,जिस scenario में यह behavior चाहिए — एक उपयोगकर्ता-परिभाषित डेटा प्रकार जो विभिन्न डेटा प्रकारों के वेरिएबल्स को एक ही नाम के अंतर्गत समूहित करता है. — वहाँ कौन-सा concept उपयुक्त है?,A technique where a function calls itself directly or indirectly to solve a problem.,A technique where a function calls itself directly or indirectly to solve a problem.,A user-defined data type that groups variables of different data types under a single name.,A user-defined data type that groups variables of different data types under a single name.,"A user-defined data type where all members share the same memory location, unlike a structure.","A user-defined data type where all members share the same memory location, unlike a structure.","A block of code designed to perform a particular task, which can be called and reused.","A block of code designed to perform a particular task, which can be called and reused.",B,Structure (struct): A user-defined data type that groups variables of different data types under a single name.,स्ट्रक्चर (struct): एक उपयोगकर्ता-परिभाषित डेटा प्रकार जो विभिन्न डेटा प्रकारों के वेरिएबल्स को एक ही नाम के अंतर्गत समूहित करता है.,Programming in C & Data Structures,C प्रोग्रामिंग एवं डेटा संरचनाएँ,C Programming,C प्रोग्रामिंग,Hard,1,0.25
"An exam asks which concept would be selected when the requirement is: A user-defined data type where all members share the same memory location, unlike a structure.. Which concept fits best?",एक परीक्षा में आवश्यकता दी गई है: एक उपयोगकर्ता-परिभाषित डेटा प्रकार जिसमें स्ट्रक्चर के विपरीत सभी सदस्य समान मेमोरी स्थान साझा करते हैं.। इसके लिए सबसे उपयुक्त concept कौन-सा है?,"A user-defined data type where all members share the same memory location, unlike a structure.","A user-defined data type where all members share the same memory location, unlike a structure.","A block of code designed to perform a particular task, which can be called and reused.","A block of code designed to perform a particular task, which can be called and reused.",A technique where a function calls itself directly or indirectly to solve a problem.,A technique where a function calls itself directly or indirectly to solve a problem.,A variable that retains its value between function calls and is initialized only once.,A variable that retains its value between function calls and is initialized only once.,A,"Union: A user-defined data type where all members share the same memory location, unlike a structure.",यूनियन (Union): एक उपयोगकर्ता-परिभाषित डेटा प्रकार जिसमें स्ट्रक्चर के विपरीत सभी सदस्य समान मेमोरी स्थान साझा करते हैं.,Programming in C & Data Structures,C प्रोग्रामिंग एवं डेटा संरचनाएँ,C Programming,C प्रोग्रामिंग,Medium,1,0.25
"A system designer needs the property described as: A user-defined data type where all members share the same memory location, unlike a structure.. Which concept is being used?",एक system designer को यह property चाहिए: एक उपयोगकर्ता-परिभाषित डेटा प्रकार जिसमें स्ट्रक्चर के विपरीत सभी सदस्य समान मेमोरी स्थान साझा करते हैं.। कौन-सा concept उपयोग हो रहा है?,"A block of code designed to perform a particular task, which can be called and reused.","A block of code designed to perform a particular task, which can be called and reused.",A technique where a function calls itself directly or indirectly to solve a problem.,A technique where a function calls itself directly or indirectly to solve a problem.,A variable that retains its value between function calls and is initialized only once.,A variable that retains its value between function calls and is initialized only once.,"A user-defined data type where all members share the same memory location, unlike a structure.","A user-defined data type where all members share the same memory location, unlike a structure.",D,"Union: A user-defined data type where all members share the same memory location, unlike a structure.",यूनियन (Union): एक उपयोगकर्ता-परिभाषित डेटा प्रकार जिसमें स्ट्रक्चर के विपरीत सभी सदस्य समान मेमोरी स्थान साझा करते हैं.,Programming in C & Data Structures,C प्रोग्रामिंग एवं डेटा संरचनाएँ,C Programming,C प्रोग्रामिंग,Hard,1,0.25
"Which concept should an engineer identify from this technical description: A user-defined data type where all members share the same memory location, unlike a structure.?",इस technical description से engineer को कौन-सा concept पहचानना चाहिए: एक उपयोगकर्ता-परिभाषित डेटा प्रकार जिसमें स्ट्रक्चर के विपरीत सभी सदस्य समान मेमोरी स्थान साझा करते हैं.?,A technique where a function calls itself directly or indirectly to solve a problem.,A technique where a function calls itself directly or indirectly to solve a problem.,A variable that retains its value between function calls and is initialized only once.,A variable that retains its value between function calls and is initialized only once.,"A user-defined data type where all members share the same memory location, unlike a structure.","A user-defined data type where all members share the same memory location, unlike a structure.","A block of code designed to perform a particular task, which can be called and reused.","A block of code designed to perform a particular task, which can be called and reused.",C,"Union: A user-defined data type where all members share the same memory location, unlike a structure.",यूनियन (Union): एक उपयोगकर्ता-परिभाषित डेटा प्रकार जिसमें स्ट्रक्चर के विपरीत सभी सदस्य समान मेमोरी स्थान साझा करते हैं.,Programming in C & Data Structures,C प्रोग्रामिंग एवं डेटा संरचनाएँ,C Programming,C प्रोग्रामिंग,Hard,1,0.25
"In a scenario where the following behavior is required — A user-defined data type where all members share the same memory location, unlike a structure. — which concept is appropriate?",जिस scenario में यह behavior चाहिए — एक उपयोगकर्ता-परिभाषित डेटा प्रकार जिसमें स्ट्रक्चर के विपरीत सभी सदस्य समान मेमोरी स्थान साझा करते हैं. — वहाँ कौन-सा concept उपयुक्त है?,A variable that retains its value between function calls and is initialized only once.,A variable that retains its value between function calls and is initialized only once.,"A user-defined data type where all members share the same memory location, unlike a structure.","A user-defined data type where all members share the same memory location, unlike a structure.","A block of code designed to perform a particular task, which can be called and reused.","A block of code designed to perform a particular task, which can be called and reused.",A technique where a function calls itself directly or indirectly to solve a problem.,A technique where a function calls itself directly or indirectly to solve a problem.,B,"Union: A user-defined data type where all members share the same memory location, unlike a structure.",यूनियन (Union): एक उपयोगकर्ता-परिभाषित डेटा प्रकार जिसमें स्ट्रक्चर के विपरीत सभी सदस्य समान मेमोरी स्थान साझा करते हैं.,Programming in C & Data Structures,C प्रोग्रामिंग एवं डेटा संरचनाएँ,C Programming,C प्रोग्रामिंग,Medium,1,0.25
"An exam asks which concept would be selected when the requirement is: A block of code designed to perform a particular task, which can be called and reused.. Which concept fits best?","एक परीक्षा में आवश्यकता दी गई है: कोड का एक ब्लॉक जो एक विशेष कार्य करने के लिए डिज़ाइन किया गया है, जिसे कॉल और पुन: उपयोग किया जा सकता है.। इसके लिए सबसे उपयुक्त concept कौन-सा है?","A block of code designed to perform a particular task, which can be called and reused.","A block of code designed to perform a particular task, which can be called and reused.",A technique where a function calls itself directly or indirectly to solve a problem.,A technique where a function calls itself directly or indirectly to solve a problem.,A variable that retains its value between function calls and is initialized only once.,A variable that retains its value between function calls and is initialized only once.,"A variable declared outside all functions, accessible from any function in the program.","A variable declared outside all functions, accessible from any function in the program.",A,"Function: A block of code designed to perform a particular task, which can be called and reused.","फंक्शन: कोड का एक ब्लॉक जो एक विशेष कार्य करने के लिए डिज़ाइन किया गया है, जिसे कॉल और पुन: उपयोग किया जा सकता है.",Programming in C & Data Structures,C प्रोग्रामिंग एवं डेटा संरचनाएँ,C Programming,C प्रोग्रामिंग,Hard,1,0.25
"A system designer needs the property described as: A block of code designed to perform a particular task, which can be called and reused.. Which concept is being used?","एक system designer को यह property चाहिए: कोड का एक ब्लॉक जो एक विशेष कार्य करने के लिए डिज़ाइन किया गया है, जिसे कॉल और पुन: उपयोग किया जा सकता है.। कौन-सा concept उपयोग हो रहा है?",A technique where a function calls itself directly or indirectly to solve a problem.,A technique where a function calls itself directly or indirectly to solve a problem.,A variable that retains its value between function calls and is initialized only once.,A variable that retains its value between function calls and is initialized only once.,"A variable declared outside all functions, accessible from any function in the program.","A variable declared outside all functions, accessible from any function in the program.","A block of code designed to perform a particular task, which can be called and reused.","A block of code designed to perform a particular task, which can be called and reused.",D,"Function: A block of code designed to perform a particular task, which can be called and reused.","फंक्शन: कोड का एक ब्लॉक जो एक विशेष कार्य करने के लिए डिज़ाइन किया गया है, जिसे कॉल और पुन: उपयोग किया जा सकता है.",Programming in C & Data Structures,C प्रोग्रामिंग एवं डेटा संरचनाएँ,C Programming,C प्रोग्रामिंग,Hard,1,0.25
"Which concept should an engineer identify from this technical description: A block of code designed to perform a particular task, which can be called and reused.?","इस technical description से engineer को कौन-सा concept पहचानना चाहिए: कोड का एक ब्लॉक जो एक विशेष कार्य करने के लिए डिज़ाइन किया गया है, जिसे कॉल और पुन: उपयोग किया जा सकता है.?",A variable that retains its value between function calls and is initialized only once.,A variable that retains its value between function calls and is initialized only once.,"A variable declared outside all functions, accessible from any function in the program.","A variable declared outside all functions, accessible from any function in the program.","A block of code designed to perform a particular task, which can be called and reused.","A block of code designed to perform a particular task, which can be called and reused.",A technique where a function calls itself directly or indirectly to solve a problem.,A technique where a function calls itself directly or indirectly to solve a problem.,C,"Function: A block of code designed to perform a particular task, which can be called and reused.","फंक्शन: कोड का एक ब्लॉक जो एक विशेष कार्य करने के लिए डिज़ाइन किया गया है, जिसे कॉल और पुन: उपयोग किया जा सकता है.",Programming in C & Data Structures,C प्रोग्रामिंग एवं डेटा संरचनाएँ,C Programming,C प्रोग्रामिंग,Medium,1,0.25
"In a scenario where the following behavior is required — A block of code designed to perform a particular task, which can be called and reused. — which concept is appropriate?","जिस scenario में यह behavior चाहिए — कोड का एक ब्लॉक जो एक विशेष कार्य करने के लिए डिज़ाइन किया गया है, जिसे कॉल और पुन: उपयोग किया जा सकता है. — वहाँ कौन-सा concept उपयुक्त है?","A variable declared outside all functions, accessible from any function in the program.","A variable declared outside all functions, accessible from any function in the program.","A block of code designed to perform a particular task, which can be called and reused.","A block of code designed to perform a particular task, which can be called and reused.",A technique where a function calls itself directly or indirectly to solve a problem.,A technique where a function calls itself directly or indirectly to solve a problem.,A variable that retains its value between function calls and is initialized only once.,A variable that retains its value between function calls and is initialized only once.,B,"Function: A block of code designed to perform a particular task, which can be called and reused.","फंक्शन: कोड का एक ब्लॉक जो एक विशेष कार्य करने के लिए डिज़ाइन किया गया है, जिसे कॉल और पुन: उपयोग किया जा सकता है.",Programming in C & Data Structures,C प्रोग्रामिंग एवं डेटा संरचनाएँ,C Programming,C प्रोग्रामिंग,Hard,1,0.25
An exam asks which concept would be selected when the requirement is: A technique where a function calls itself directly or indirectly to solve a problem.. Which concept fits best?,एक परीक्षा में आवश्यकता दी गई है: एक तकनीक जिसमें कोई फंक्शन किसी समस्या को हल करने के लिए स्वयं को प्रत्यक्ष या अप्रत्यक्ष रूप से कॉल करता है.। इसके लिए सबसे उपयुक्त concept कौन-सा है?,A technique where a function calls itself directly or indirectly to solve a problem.,A technique where a function calls itself directly or indirectly to solve a problem.,A variable that retains its value between function calls and is initialized only once.,A variable that retains its value between function calls and is initialized only once.,"A variable declared outside all functions, accessible from any function in the program.","A variable declared outside all functions, accessible from any function in the program.",A fragment of code defined using #define that is replaced by the preprocessor before compilation.,A fragment of code defined using #define that is replaced by the preprocessor before compilation.,A,Recursion: A technique where a function calls itself directly or indirectly to solve a problem.,रिकर्शन: एक तकनीक जिसमें कोई फंक्शन किसी समस्या को हल करने के लिए स्वयं को प्रत्यक्ष या अप्रत्यक्ष रूप से कॉल करता है.,Programming in C & Data Structures,C प्रोग्रामिंग एवं डेटा संरचनाएँ,C Programming,C प्रोग्रामिंग,Hard,1,0.25
A system designer needs the property described as: A technique where a function calls itself directly or indirectly to solve a problem.. Which concept is being used?,एक system designer को यह property चाहिए: एक तकनीक जिसमें कोई फंक्शन किसी समस्या को हल करने के लिए स्वयं को प्रत्यक्ष या अप्रत्यक्ष रूप से कॉल करता है.। कौन-सा concept उपयोग हो रहा है?,A variable that retains its value between function calls and is initialized only once.,A variable that retains its value between function calls and is initialized only once.,"A variable declared outside all functions, accessible from any function in the program.","A variable declared outside all functions, accessible from any function in the program.",A fragment of code defined using #define that is replaced by the preprocessor before compilation.,A fragment of code defined using #define that is replaced by the preprocessor before compilation.,A technique where a function calls itself directly or indirectly to solve a problem.,A technique where a function calls itself directly or indirectly to solve a problem.,D,Recursion: A technique where a function calls itself directly or indirectly to solve a problem.,रिकर्शन: एक तकनीक जिसमें कोई फंक्शन किसी समस्या को हल करने के लिए स्वयं को प्रत्यक्ष या अप्रत्यक्ष रूप से कॉल करता है.,Programming in C & Data Structures,C प्रोग्रामिंग एवं डेटा संरचनाएँ,C Programming,C प्रोग्रामिंग,Medium,1,0.25
Which concept should an engineer identify from this technical description: A technique where a function calls itself directly or indirectly to solve a problem.?,इस technical description से engineer को कौन-सा concept पहचानना चाहिए: एक तकनीक जिसमें कोई फंक्शन किसी समस्या को हल करने के लिए स्वयं को प्रत्यक्ष या अप्रत्यक्ष रूप से कॉल करता है.?,"A variable declared outside all functions, accessible from any function in the program.","A variable declared outside all functions, accessible from any function in the program.",A fragment of code defined using #define that is replaced by the preprocessor before compilation.,A fragment of code defined using #define that is replaced by the preprocessor before compilation.,A technique where a function calls itself directly or indirectly to solve a problem.,A technique where a function calls itself directly or indirectly to solve a problem.,A variable that retains its value between function calls and is initialized only once.,A variable that retains its value between function calls and is initialized only once.,C,Recursion: A technique where a function calls itself directly or indirectly to solve a problem.,रिकर्शन: एक तकनीक जिसमें कोई फंक्शन किसी समस्या को हल करने के लिए स्वयं को प्रत्यक्ष या अप्रत्यक्ष रूप से कॉल करता है.,Programming in C & Data Structures,C प्रोग्रामिंग एवं डेटा संरचनाएँ,C Programming,C प्रोग्रामिंग,Hard,1,0.25
In a scenario where the following behavior is required — A technique where a function calls itself directly or indirectly to solve a problem. — which concept is appropriate?,जिस scenario में यह behavior चाहिए — एक तकनीक जिसमें कोई फंक्शन किसी समस्या को हल करने के लिए स्वयं को प्रत्यक्ष या अप्रत्यक्ष रूप से कॉल करता है. — वहाँ कौन-सा concept उपयुक्त है?,A fragment of code defined using #define that is replaced by the preprocessor before compilation.,A fragment of code defined using #define that is replaced by the preprocessor before compilation.,A technique where a function calls itself directly or indirectly to solve a problem.,A technique where a function calls itself directly or indirectly to solve a problem.,A variable that retains its value between function calls and is initialized only once.,A variable that retains its value between function calls and is initialized only once.,"A variable declared outside all functions, accessible from any function in the program.","A variable declared outside all functions, accessible from any function in the program.",B,Recursion: A technique where a function calls itself directly or indirectly to solve a problem.,रिकर्शन: एक तकनीक जिसमें कोई फंक्शन किसी समस्या को हल करने के लिए स्वयं को प्रत्यक्ष या अप्रत्यक्ष रूप से कॉल करता है.,Programming in C & Data Structures,C प्रोग्रामिंग एवं डेटा संरचनाएँ,C Programming,C प्रोग्रामिंग,Hard,1,0.25
An exam asks which concept would be selected when the requirement is: A variable that retains its value between function calls and is initialized only once.. Which concept fits best?,एक परीक्षा में आवश्यकता दी गई है: एक वेरिएबल जो फंक्शन कॉल के बीच अपना मान बरकरार रखता है और केवल एक बार प्रारंभ किया जाता है.। इसके लिए सबसे उपयुक्त concept कौन-सा है?,A variable that retains its value between function calls and is initialized only once.,A variable that retains its value between function calls and is initialized only once.,"A variable declared outside all functions, accessible from any function in the program.","A variable declared outside all functions, accessible from any function in the program.",A fragment of code defined using #define that is replaced by the preprocessor before compilation.,A fragment of code defined using #define that is replaced by the preprocessor before compilation.,A file containing function declarations and macro definitions to be shared between several source files.,A file containing function declarations and macro definitions to be shared between several source files.,A,Static Variable: A variable that retains its value between function calls and is initialized only once.,स्टैटिक वेरिएबल: एक वेरिएबल जो फंक्शन कॉल के बीच अपना मान बरकरार रखता है और केवल एक बार प्रारंभ किया जाता है.,Programming in C & Data Structures,C प्रोग्रामिंग एवं डेटा संरचनाएँ,C Programming,C प्रोग्रामिंग,Medium,1,0.25
A system designer needs the property described as: A variable that retains its value between function calls and is initialized only once.. Which concept is being used?,एक system designer को यह property चाहिए: एक वेरिएबल जो फंक्शन कॉल के बीच अपना मान बरकरार रखता है और केवल एक बार प्रारंभ किया जाता है.। कौन-सा concept उपयोग हो रहा है?,"A variable declared outside all functions, accessible from any function in the program.","A variable declared outside all functions, accessible from any function in the program.",A fragment of code defined using #define that is replaced by the preprocessor before compilation.,A fragment of code defined using #define that is replaced by the preprocessor before compilation.,A file containing function declarations and macro definitions to be shared between several source files.,A file containing function declarations and macro definitions to be shared between several source files.,A variable that retains its value between function calls and is initialized only once.,A variable that retains its value between function calls and is initialized only once.,D,Static Variable: A variable that retains its value between function calls and is initialized only once.,स्टैटिक वेरिएबल: एक वेरिएबल जो फंक्शन कॉल के बीच अपना मान बरकरार रखता है और केवल एक बार प्रारंभ किया जाता है.,Programming in C & Data Structures,C प्रोग्रामिंग एवं डेटा संरचनाएँ,C Programming,C प्रोग्रामिंग,Hard,1,0.25
Which concept should an engineer identify from this technical description: A variable that retains its value between function calls and is initialized only once.?,इस technical description से engineer को कौन-सा concept पहचानना चाहिए: एक वेरिएबल जो फंक्शन कॉल के बीच अपना मान बरकरार रखता है और केवल एक बार प्रारंभ किया जाता है.?,A fragment of code defined using #define that is replaced by the preprocessor before compilation.,A fragment of code defined using #define that is replaced by the preprocessor before compilation.,A file containing function declarations and macro definitions to be shared between several source files.,A file containing function declarations and macro definitions to be shared between several source files.,A variable that retains its value between function calls and is initialized only once.,A variable that retains its value between function calls and is initialized only once.,"A variable declared outside all functions, accessible from any function in the program.","A variable declared outside all functions, accessible from any function in the program.",C,Static Variable: A variable that retains its value between function calls and is initialized only once.,स्टैटिक वेरिएबल: एक वेरिएबल जो फंक्शन कॉल के बीच अपना मान बरकरार रखता है और केवल एक बार प्रारंभ किया जाता है.,Programming in C & Data Structures,C प्रोग्रामिंग एवं डेटा संरचनाएँ,C Programming,C प्रोग्रामिंग,Hard,1,0.25
In a scenario where the following behavior is required — A variable that retains its value between function calls and is initialized only once. — which concept is appropriate?,जिस scenario में यह behavior चाहिए — एक वेरिएबल जो फंक्शन कॉल के बीच अपना मान बरकरार रखता है और केवल एक बार प्रारंभ किया जाता है. — वहाँ कौन-सा concept उपयुक्त है?,A file containing function declarations and macro definitions to be shared between several source files.,A file containing function declarations and macro definitions to be shared between several source files.,A variable that retains its value between function calls and is initialized only once.,A variable that retains its value between function calls and is initialized only once.,"A variable declared outside all functions, accessible from any function in the program.","A variable declared outside all functions, accessible from any function in the program.",A fragment of code defined using #define that is replaced by the preprocessor before compilation.,A fragment of code defined using #define that is replaced by the preprocessor before compilation.,B,Static Variable: A variable that retains its value between function calls and is initialized only once.,स्टैटिक वेरिएबल: एक वेरिएबल जो फंक्शन कॉल के बीच अपना मान बरकरार रखता है और केवल एक बार प्रारंभ किया जाता है.,Programming in C & Data Structures,C प्रोग्रामिंग एवं डेटा संरचनाएँ,C Programming,C प्रोग्रामिंग,Medium,1,0.25
"An exam asks which concept would be selected when the requirement is: A variable declared outside all functions, accessible from any function in the program.. Which concept fits best?","एक परीक्षा में आवश्यकता दी गई है: सभी फंक्शनों के बाहर घोषित एक वेरिएबल, जो प्रोग्राम में किसी भी फंक्शन से एक्सेस किया जा सकता है.। इसके लिए सबसे उपयुक्त concept कौन-सा है?","A variable declared outside all functions, accessible from any function in the program.","A variable declared outside all functions, accessible from any function in the program.",A fragment of code defined using #define that is replaced by the preprocessor before compilation.,A fragment of code defined using #define that is replaced by the preprocessor before compilation.,A file containing function declarations and macro definitions to be shared between several source files.,A file containing function declarations and macro definitions to be shared between several source files.,A keyword used to create an alias (alternative name) for an existing data type.,A keyword used to create an alias (alternative name) for an existing data type.,A,"Global Variable: A variable declared outside all functions, accessible from any function in the program.","ग्लोबल वेरिएबल: सभी फंक्शनों के बाहर घोषित एक वेरिएबल, जो प्रोग्राम में किसी भी फंक्शन से एक्सेस किया जा सकता है.",Programming in C & Data Structures,C प्रोग्रामिंग एवं डेटा संरचनाएँ,C Programming,C प्रोग्रामिंग,Hard,1,0.25
"A system designer needs the property described as: A variable declared outside all functions, accessible from any function in the program.. Which concept is being used?","एक system designer को यह property चाहिए: सभी फंक्शनों के बाहर घोषित एक वेरिएबल, जो प्रोग्राम में किसी भी फंक्शन से एक्सेस किया जा सकता है.। कौन-सा concept उपयोग हो रहा है?",A fragment of code defined using #define that is replaced by the preprocessor before compilation.,A fragment of code defined using #define that is replaced by the preprocessor before compilation.,A file containing function declarations and macro definitions to be shared between several source files.,A file containing function declarations and macro definitions to be shared between several source files.,A keyword used to create an alias (alternative name) for an existing data type.,A keyword used to create an alias (alternative name) for an existing data type.,"A variable declared outside all functions, accessible from any function in the program.","A variable declared outside all functions, accessible from any function in the program.",D,"Global Variable: A variable declared outside all functions, accessible from any function in the program.","ग्लोबल वेरिएबल: सभी फंक्शनों के बाहर घोषित एक वेरिएबल, जो प्रोग्राम में किसी भी फंक्शन से एक्सेस किया जा सकता है.",Programming in C & Data Structures,C प्रोग्रामिंग एवं डेटा संरचनाएँ,C Programming,C प्रोग्रामिंग,Hard,1,0.25
"Which concept should an engineer identify from this technical description: A variable declared outside all functions, accessible from any function in the program.?","इस technical description से engineer को कौन-सा concept पहचानना चाहिए: सभी फंक्शनों के बाहर घोषित एक वेरिएबल, जो प्रोग्राम में किसी भी फंक्शन से एक्सेस किया जा सकता है.?",A file containing function declarations and macro definitions to be shared between several source files.,A file containing function declarations and macro definitions to be shared between several source files.,A keyword used to create an alias (alternative name) for an existing data type.,A keyword used to create an alias (alternative name) for an existing data type.,"A variable declared outside all functions, accessible from any function in the program.","A variable declared outside all functions, accessible from any function in the program.",A fragment of code defined using #define that is replaced by the preprocessor before compilation.,A fragment of code defined using #define that is replaced by the preprocessor before compilation.,C,"Global Variable: A variable declared outside all functions, accessible from any function in the program.","ग्लोबल वेरिएबल: सभी फंक्शनों के बाहर घोषित एक वेरिएबल, जो प्रोग्राम में किसी भी फंक्शन से एक्सेस किया जा सकता है.",Programming in C & Data Structures,C प्रोग्रामिंग एवं डेटा संरचनाएँ,C Programming,C प्रोग्रामिंग,Medium,1,0.25
"In a scenario where the following behavior is required — A variable declared outside all functions, accessible from any function in the program. — which concept is appropriate?","जिस scenario में यह behavior चाहिए — सभी फंक्शनों के बाहर घोषित एक वेरिएबल, जो प्रोग्राम में किसी भी फंक्शन से एक्सेस किया जा सकता है. — वहाँ कौन-सा concept उपयुक्त है?",A keyword used to create an alias (alternative name) for an existing data type.,A keyword used to create an alias (alternative name) for an existing data type.,"A variable declared outside all functions, accessible from any function in the program.","A variable declared outside all functions, accessible from any function in the program.",A fragment of code defined using #define that is replaced by the preprocessor before compilation.,A fragment of code defined using #define that is replaced by the preprocessor before compilation.,A file containing function declarations and macro definitions to be shared between several source files.,A file containing function declarations and macro definitions to be shared between several source files.,B,"Global Variable: A variable declared outside all functions, accessible from any function in the program.","ग्लोबल वेरिएबल: सभी फंक्शनों के बाहर घोषित एक वेरिएबल, जो प्रोग्राम में किसी भी फंक्शन से एक्सेस किया जा सकता है.",Programming in C & Data Structures,C प्रोग्रामिंग एवं डेटा संरचनाएँ,C Programming,C प्रोग्रामिंग,Hard,1,0.25
An exam asks which concept would be selected when the requirement is: A fragment of code defined using #define that is replaced by the preprocessor before compilation.. Which concept fits best?,एक परीक्षा में आवश्यकता दी गई है: #define का उपयोग करके परिभाषित कोड का एक टुकड़ा जिसे कंपाइलेशन से पहले प्रीप्रोसेसर द्वारा प्रतिस्थापित किया जाता है.। इसके लिए सबसे उपयुक्त concept कौन-सा है?,A fragment of code defined using #define that is replaced by the preprocessor before compilation.,A fragment of code defined using #define that is replaced by the preprocessor before compilation.,A file containing function declarations and macro definitions to be shared between several source files.,A file containing function declarations and macro definitions to be shared between several source files.,A keyword used to create an alias (alternative name) for an existing data type.,A keyword used to create an alias (alternative name) for an existing data type.,A user-defined data type consisting of a set of named integer constants.,A user-defined data type consisting of a set of named integer constants.,A,Macro (Preprocessor Directive): A fragment of code defined using #define that is replaced by the preprocessor before compilation.,मैक्रो (प्रीप्रोसेसर डायरेक्टिव): #define का उपयोग करके परिभाषित कोड का एक टुकड़ा जिसे कंपाइलेशन से पहले प्रीप्रोसेसर द्वारा प्रतिस्थापित किया जाता है.,Programming in C & Data Structures,C प्रोग्रामिंग एवं डेटा संरचनाएँ,C Programming,C प्रोग्रामिंग,Hard,1,0.25
A system designer needs the property described as: A fragment of code defined using #define that is replaced by the preprocessor before compilation.. Which concept is being used?,एक system designer को यह property चाहिए: #define का उपयोग करके परिभाषित कोड का एक टुकड़ा जिसे कंपाइलेशन से पहले प्रीप्रोसेसर द्वारा प्रतिस्थापित किया जाता है.। कौन-सा concept उपयोग हो रहा है?,A file containing function declarations and macro definitions to be shared between several source files.,A file containing function declarations and macro definitions to be shared between several source files.,A keyword used to create an alias (alternative name) for an existing data type.,A keyword used to create an alias (alternative name) for an existing data type.,A user-defined data type consisting of a set of named integer constants.,A user-defined data type consisting of a set of named integer constants.,A fragment of code defined using #define that is replaced by the preprocessor before compilation.,A fragment of code defined using #define that is replaced by the preprocessor before compilation.,D,Macro (Preprocessor Directive): A fragment of code defined using #define that is replaced by the preprocessor before compilation.,मैक्रो (प्रीप्रोसेसर डायरेक्टिव): #define का उपयोग करके परिभाषित कोड का एक टुकड़ा जिसे कंपाइलेशन से पहले प्रीप्रोसेसर द्वारा प्रतिस्थापित किया जाता है.,Programming in C & Data Structures,C प्रोग्रामिंग एवं डेटा संरचनाएँ,C Programming,C प्रोग्रामिंग,Medium,1,0.25
Which concept should an engineer identify from this technical description: A fragment of code defined using #define that is replaced by the preprocessor before compilation.?,इस technical description से engineer को कौन-सा concept पहचानना चाहिए: #define का उपयोग करके परिभाषित कोड का एक टुकड़ा जिसे कंपाइलेशन से पहले प्रीप्रोसेसर द्वारा प्रतिस्थापित किया जाता है.?,A keyword used to create an alias (alternative name) for an existing data type.,A keyword used to create an alias (alternative name) for an existing data type.,A user-defined data type consisting of a set of named integer constants.,A user-defined data type consisting of a set of named integer constants.,A fragment of code defined using #define that is replaced by the preprocessor before compilation.,A fragment of code defined using #define that is replaced by the preprocessor before compilation.,A file containing function declarations and macro definitions to be shared between several source files.,A file containing function declarations and macro definitions to be shared between several source files.,C,Macro (Preprocessor Directive): A fragment of code defined using #define that is replaced by the preprocessor before compilation.,मैक्रो (प्रीप्रोसेसर डायरेक्टिव): #define का उपयोग करके परिभाषित कोड का एक टुकड़ा जिसे कंपाइलेशन से पहले प्रीप्रोसेसर द्वारा प्रतिस्थापित किया जाता है.,Programming in C & Data Structures,C प्रोग्रामिंग एवं डेटा संरचनाएँ,C Programming,C प्रोग्रामिंग,Hard,1,0.25
In a scenario where the following behavior is required — A fragment of code defined using #define that is replaced by the preprocessor before compilation. — which concept is appropriate?,जिस scenario में यह behavior चाहिए — #define का उपयोग करके परिभाषित कोड का एक टुकड़ा जिसे कंपाइलेशन से पहले प्रीप्रोसेसर द्वारा प्रतिस्थापित किया जाता है. — वहाँ कौन-सा concept उपयुक्त है?,A user-defined data type consisting of a set of named integer constants.,A user-defined data type consisting of a set of named integer constants.,A fragment of code defined using #define that is replaced by the preprocessor before compilation.,A fragment of code defined using #define that is replaced by the preprocessor before compilation.,A file containing function declarations and macro definitions to be shared between several source files.,A file containing function declarations and macro definitions to be shared between several source files.,A keyword used to create an alias (alternative name) for an existing data type.,A keyword used to create an alias (alternative name) for an existing data type.,B,Macro (Preprocessor Directive): A fragment of code defined using #define that is replaced by the preprocessor before compilation.,मैक्रो (प्रीप्रोसेसर डायरेक्टिव): #define का उपयोग करके परिभाषित कोड का एक टुकड़ा जिसे कंपाइलेशन से पहले प्रीप्रोसेसर द्वारा प्रतिस्थापित किया जाता है.,Programming in C & Data Structures,C प्रोग्रामिंग एवं डेटा संरचनाएँ,C Programming,C प्रोग्रामिंग,Hard,1,0.25
